solid __tracked_surface.stl
facet normal 0 0 0
outer loop
vertex 2.310489e+01 -2.535663e+00 1.467431e+00
vertex 2.408184e+01 -2.540000e+00 2.818014e+00
vertex 2.320584e+01 -2.540000e+00 2.674240e+00
endloop
endfacet
facet normal 0 0 0
outer loop
vertex 4.140054e+01 -2.540000e+00 -8.859741e+00
vertex 4.097077e+01 -2.540000e+00 -7.474727e+00
vertex 3.975803e+01 -2.540000e+00 -8.638933e+00
endloop
endfacet
facet normal 0 0 0
outer loop
vertex 2.472548e+01 -2.540000e+00 -9.790979e+00
vertex 2.617211e+01 -2.540000e+00 -9.457453e+00
vertex 2.606294e+01 -2.540000e+00 -8.201804e+00
endloop
endfacet
facet normal 0 0 0
outer loop
vertex 9.762565e+00 -2.540000e+00 -2.009475e+01
vertex 8.662971e+00 -2.540000e+00 -1.864552e+01
vertex 7.722681e+00 -2.540000e+00 -1.976568e+01
endloop
endfacet
facet normal 0 0 0
outer loop
vertex 2.244951e+01 -2.540000e+00 -3.048369e+01
vertex 2.129674e+01 -2.540000e+00 -3.164657e+01
vertex 2.229030e+01 -2.538129e+00 -3.242305e+01
endloop
endfacet
facet normal 0 0 0
outer loop
vertex 1.278136e+01 -1.163206e+00 -3.260950e+01
vertex 1.333521e+01 -7.955571e-02 -3.326467e+01
vertex 1.361991e+01 -1.104455e+00 -3.323655e+01
endloop
endfacet
facet normal 0 0 0
outer loop
vertex 2.743068e+01 2.540000e+00 -6.101297e+00
vertex 2.888359e+01 2.540000e+00 -6.154752e+00
vertex 2.733422e+01 2.540000e+00 -7.444051e+00
endloop
endfacet
facet normal 0 0 0
outer loop
vertex 2.641755e+01 2.540000e+00 -2.939152e+01
vertex 2.458241e+01 2.540000e+00 -2.943726e+01
vertex 2.546799e+01 2.540000e+00 -2.809711e+01
endloop
endfacet
facet normal 0 0 0
outer loop
vertex 1.120936e+01 1.074316e+00 -3.132632e+01
vertex 1.193761e+01 1.256969e+00 -3.194149e+01
vertex 1.170680e+01 0.000000e+00 -3.204111e+01
endloop
endfacet
facet normal 0 0 0
outer loop
vertex 5.060190e+00 -2.391438e+00 -1.867906e+01
vertex 4.784567e+00 -2.015267e+00 -1.816868e+01
vertex 4.941900e+00 -2.050578e+00 -1.915737e+01
endloop
endfacet
facet normal 0 0 0
outer loop
vertex 2.310010e+01 2.085889e+00 4.125293e+00
vertex 2.409945e+01 2.085889e+00 4.174387e+00
vertex 2.348568e+01 2.391438e+00 3.957365e+00
endloop
endfacet
facet normal 0 0 0
outer loop
vertex 4.068495e+01 6.970040e-02 -2.986992e+01
vertex 4.190036e+01 0.000000e+00 -2.837495e+01
vertex 4.137165e+01 -1.042076e+00 -2.875890e+01
endloop
endfacet
facet normal 0 0 0
outer loop
vertex 4.432815e+01 1.848244e+00 -9.298826e+00
vertex 4.461896e+01 1.217102e+00 -9.758654e+00
vertex 4.461214e+01 2.085889e+00 -1.024859e+01
endloop
endfacet
facet normal 0 0 0
outer loop
vertex 3.096120e+01 -2.391438e+00 -3.549364e+01
vertex 3.189146e+01 -2.531442e+00 -3.483057e+01
vertex 3.095053e+01 -2.540000e+00 -3.495363e+01
endloop
endfacet
facet normal 0 0 0
outer loop
vertex 4.446920e+01 -2.386394e+00 -1.137851e+01
vertex 4.453933e+01 -2.391438e+00 -1.069818e+01
vertex 4.428738e+01 -2.522883e+00 -1.076907e+01
endloop
endfacet
facet normal 0 0 0
outer loop
vertex 8.613872e+00 2.540000e+00 -5.523174e+00
vertex 7.899196e+00 2.531442e+00 -6.237704e+00
vertex 7.958055e+00 2.391438e+00 -5.509099e+00
endloop
endfacet
facet normal 0 0 0
outer loop
vertex 1.372112e+01 -2.540000e+00 -2.583432e+01
vertex 1.249264e+01 -2.540000e+00 -2.631157e+01
vertex 1.374877e+01 -2.540000e+00 -2.765790e+01
endloop
endfacet
facet normal 0 0 0
outer loop
vertex 3.951344e+01 2.540000e+00 -1.526486e+01
vertex 3.993430e+01 2.540000e+00 -1.325722e+01
vertex 4.110205e+01 2.540000e+00 -1.415718e+01
endloop
endfacet
facet normal 0 0 0
outer loop
vertex 1.982708e+01 9.771079e-01 -3.606071e+01
vertex 1.865757e+01 -5.374718e-02 -3.590037e+01
vertex 1.891853e+01 1.016071e+00 -3.579080e+01
endloop
endfacet
facet normal 0 0 0
outer loop
vertex 4.494157e+01 -1.012096e+00 -1.070188e+01
vertex 4.503344e+01 -1.511450e+00 -1.145288e+01
vertex 4.519512e+01 -9.567353e-01 -1.166847e+01
endloop
endfacet
facet normal 0 0 0
outer loop
vertex 3.004753e+01 2.085889e+00 3.588552e+00
vertex 3.101811e+01 2.085889e+00 3.345436e+00
vertex 3.064246e+01 2.412112e+00 3.203988e+00
endloop
endfacet
facet normal 0 0 0
outer loop
vertex 2.039503e+01 -2.540000e+00 -1.290286e+01
vertex 1.896487e+01 -2.540000e+00 -1.384810e+01
vertex 2.018497e+01 -2.540000e+00 -1.499162e+01
endloop
endfacet
facet normal 0 0 0
outer loop
vertex 3.422586e+01 -2.368127e+00 -3.419759e+01
vertex 3.470126e+01 -2.156511e+00 -3.413285e+01
vertex 3.510027e+01 -2.401966e+00 -3.367899e+01
endloop
endfacet
facet normal 0 0 0
outer loop
vertex 1.874789e+01 2.540000e+00 -6.162816e+00
vertex 2.015112e+01 2.540000e+00 -6.556376e+00
vertex 1.951715e+01 2.540000e+00 -7.995726e+00
endloop
endfacet
facet normal 0 0 0
outer loop
vertex 4.229840e+01 -2.531442e+00 -2.609809e+01
vertex 4.165955e+01 -2.540000e+00 -2.684514e+01
vertex 4.232339e+01 -2.403200e+00 -2.664753e+01
endloop
endfacet
facet normal 0 0 0
outer loop
vertex 3.015705e+01 -2.540000e+00 -1.124308e+01
vertex 2.983503e+01 -2.540000e+00 -1.317917e+01
vertex 3.113117e+01 -2.540000e+00 -1.258667e+01
endloop
endfacet
facet normal 0 0 0
outer loop
vertex 2.910048e+01 -2.540000e+00 -1.445299e+01
vertex 2.983503e+01 -2.540000e+00 -1.317917e+01
vertex 2.876319e+01 -2.540000e+00 -1.254343e+01
endloop
endfacet
facet normal 0 0 0
outer loop
vertex 1.927413e+01 -2.540000e+00 -1.855482e+01
vertex 2.050172e+01 -2.540000e+00 -1.926406e+01
vertex 2.043423e+01 -2.540000e+00 -1.785343e+01
endloop
endfacet
facet normal 0 0 0
outer loop
vertex 5.358641e+00 2.401417e+00 -1.200872e+01
vertex 5.736349e+00 2.531442e+00 -1.174855e+01
vertex 5.646629e+00 2.540000e+00 -1.267851e+01
endloop
endfacet
facet normal 0 0 0
outer loop
vertex 3.602579e+01 2.540000e+00 -1.932739e+00
vertex 3.536295e+01 2.540000e+00 -3.145026e+00
vertex 3.403080e+01 2.540000e+00 -2.065222e+00
endloop
endfacet
facet normal 0 0 0
outer loop
vertex 2.132375e+01 2.540000e+00 -2.758297e+01
vertex 1.979506e+01 2.540000e+00 -2.814083e+01
vertex 2.004412e+01 2.540000e+00 -2.621893e+01
endloop
endfacet
facet normal 0 0 0
outer loop
vertex 2.006384e+01 2.540000e+00 -3.075166e+01
vertex 1.757498e+01 2.540000e+00 -3.029614e+01
vertex 1.876086e+01 2.540000e+00 -2.919141e+01
endloop
endfacet
facet normal 0 0 0
outer loop
vertex 1.061756e+01 -2.540000e+00 -1.790233e+01
vertex 1.159499e+01 -2.540000e+00 -1.949301e+01
vertex 1.204807e+01 -2.540000e+00 -1.824550e+01
endloop
endfacet
facet normal 0 0 0
outer loop
vertex 4.615973e+00 -9.671382e-01 -1.818809e+01
vertex 4.741947e+00 -1.056324e+00 -1.904085e+01
vertex 4.784567e+00 -2.015267e+00 -1.816868e+01
endloop
endfacet
facet normal 0 0 0
outer loop
vertex 4.309354e+01 2.540000e+00 -1.661546e+01
vertex 4.148684e+01 2.540000e+00 -1.794102e+01
vertex 4.092416e+01 2.540000e+00 -1.643718e+01
endloop
endfacet
facet normal 0 0 0
outer loop
vertex 4.314077e+01 2.540000e+00 -1.847170e+01
vertex 4.148684e+01 2.540000e+00 -1.794102e+01
vertex 4.309354e+01 2.540000e+00 -1.661546e+01
endloop
endfacet
facet normal 0 0 0
outer loop
vertex 1.607283e+01 2.540000e+00 -3.055928e+01
vertex 1.757498e+01 2.540000e+00 -3.029614e+01
vertex 1.695299e+01 2.540000e+00 -3.237394e+01
endloop
endfacet
facet normal 0 0 0
outer loop
vertex 1.654849e+01 2.540000e+00 -3.394158e+01
vertex 1.708793e+01 2.540000e+00 -3.353803e+01
vertex 1.744927e+01 2.540000e+00 -3.447256e+01
endloop
endfacet
facet normal 0 0 0
outer loop
vertex 1.535452e+01 2.540000e+00 -1.576994e+01
vertex 1.525120e+01 2.540000e+00 -1.384220e+01
vertex 1.724368e+01 2.540000e+00 -1.387987e+01
endloop
endfacet
facet normal 0 0 0
outer loop
vertex 2.540445e+01 2.540000e+00 -2.227676e+01
vertex 2.535691e+01 2.540000e+00 -2.403472e+01
vertex 2.362002e+01 2.540000e+00 -2.324418e+01
endloop
endfacet
facet normal 0 0 0
outer loop
vertex 2.535691e+01 2.540000e+00 -2.403472e+01
vertex 2.455061e+01 2.540000e+00 -2.495406e+01
vertex 2.362002e+01 2.540000e+00 -2.324418e+01
endloop
endfacet
facet normal 0 0 0
outer loop
vertex 1.716781e+01 2.540000e+00 -1.583996e+01
vertex 1.535452e+01 2.540000e+00 -1.576994e+01
vertex 1.724368e+01 2.540000e+00 -1.387987e+01
endloop
endfacet
facet normal 0 0 0
outer loop
vertex 3.196264e+01 -2.540000e+00 1.524994e-01
vertex 3.038965e+01 -2.540000e+00 -6.666016e-02
vertex 3.098674e+01 -2.540000e+00 -1.538406e+00
endloop
endfacet
facet normal 0 0 0
outer loop
vertex 1.896487e+01 -2.540000e+00 -1.384810e+01
vertex 1.706445e+01 -2.540000e+00 -1.337971e+01
vertex 1.769000e+01 -2.540000e+00 -1.441592e+01
endloop
endfacet
facet normal 0 0 0
outer loop
vertex 1.706445e+01 -2.540000e+00 -1.337971e+01
vertex 1.685124e+01 -2.540000e+00 -1.532641e+01
vertex 1.769000e+01 -2.540000e+00 -1.441592e+01
endloop
endfacet
facet normal 0 0 0
outer loop
vertex 1.120174e+01 -2.540000e+00 -2.091062e+01
vertex 1.278517e+01 -2.540000e+00 -2.077948e+01
vertex 1.159499e+01 -2.540000e+00 -1.949301e+01
endloop
endfacet
facet normal 0 0 0
outer loop
vertex 3.288577e+01 -2.540000e+00 -2.235201e+01
vertex 3.255206e+01 -2.540000e+00 -2.403071e+01
vertex 3.433353e+01 -2.540000e+00 -2.405349e+01
endloop
endfacet
facet normal 0 0 0
outer loop
vertex 4.132500e+01 -2.540000e+00 -1.039051e+01
vertex 4.140054e+01 -2.540000e+00 -8.859741e+00
vertex 4.000347e+01 -2.540000e+00 -1.020020e+01
endloop
endfacet
facet normal 0 0 0
outer loop
vertex 3.805641e+01 2.540000e+00 -1.586703e+01
vertex 3.839071e+01 2.538257e+00 -1.412582e+01
vertex 3.951344e+01 2.540000e+00 -1.526486e+01
endloop
endfacet
facet normal 0 0 0
outer loop
vertex 2.712820e+01 -2.532461e+00 -2.433622e+01
vertex 2.714455e+01 -2.540000e+00 -2.663825e+01
vertex 2.916973e+01 -2.531754e+00 -2.596671e+01
endloop
endfacet
facet normal 0 0 0
outer loop
vertex 3.221120e+01 2.376665e+00 -3.504860e+01
vertex 3.134236e+01 2.374789e+00 -3.537064e+01
vertex 3.180469e+01 2.538550e+00 -3.477124e+01
endloop
endfacet
facet normal 0 0 0
outer loop
vertex 2.848453e+01 2.540000e+00 -2.225624e+01
vertex 2.705963e+01 2.540000e+00 -2.358034e+01
vertex 2.753002e+01 2.537893e+00 -2.107182e+01
endloop
endfacet
facet normal 0 0 0
outer loop
vertex 6.765206e+00 2.540000e+00 -1.826014e+01
vertex 8.027210e+00 2.540000e+00 -1.830845e+01
vertex 7.308739e+00 2.540000e+00 -1.966123e+01
endloop
endfacet
facet normal 0 0 0
outer loop
vertex 4.487959e+01 2.540282e+00 -1.567433e+01
vertex 4.518243e+01 2.402581e+00 -1.431409e+01
vertex 4.528786e+01 2.391438e+00 -1.566442e+01
endloop
endfacet
facet normal 0 0 0
outer loop
vertex 1.979506e+01 2.540000e+00 -2.814083e+01
vertex 1.873905e+01 2.540000e+00 -2.724105e+01
vertex 2.004412e+01 2.540000e+00 -2.621893e+01
endloop
endfacet
facet normal 0 0 0
outer loop
vertex 1.448583e+01 2.540000e+00 -1.793594e+00
vertex 1.310701e+01 2.531442e+00 -3.365355e-01
vertex 1.500148e+01 2.540000e+00 -7.304081e-01
endloop
endfacet
facet normal 0 0 0
outer loop
vertex 4.319994e+01 -2.540000e+00 -1.929422e+01
vertex 4.191109e+01 -2.540000e+00 -1.938532e+01
vertex 4.221472e+01 -2.540000e+00 -2.080633e+01
endloop
endfacet
facet normal 0 0 0
outer loop
vertex 2.300008e+01 -2.540000e+00 -6.345133e+00
vertex 2.279263e+01 -2.540000e+00 -8.854370e+00
vertex 2.422207e+01 -2.540000e+00 -8.215214e+00
endloop
endfacet
facet normal 0 0 0
outer loop
vertex 4.283391e+01 2.409580e+00 -6.586215e+00
vertex 4.308239e+01 2.085889e+00 -6.555469e+00
vertex 4.322300e+01 2.391438e+00 -7.284840e+00
endloop
endfacet
facet normal 0 0 0
outer loop
vertex 3.843031e+01 2.540000e+00 -8.969767e+00
vertex 3.932067e+01 2.539125e+00 -1.009838e+01
vertex 3.779953e+01 2.540000e+00 -1.044754e+01
endloop
endfacet
facet normal 0 0 0
outer loop
vertex 3.975803e+01 -2.540000e+00 -8.638933e+00
vertex 3.971211e+01 -2.540000e+00 -7.108892e+00
vertex 3.826954e+01 -2.540000e+00 -7.881556e+00
endloop
endfacet
facet normal 0 0 0
outer loop
vertex 4.097077e+01 -2.540000e+00 -7.474727e+00
vertex 3.971211e+01 -2.540000e+00 -7.108892e+00
vertex 3.975803e+01 -2.540000e+00 -8.638933e+00
endloop
endfacet
facet normal 0 0 0
outer loop
vertex 1.006658e+01 -2.540000e+00 -4.827890e+00
vertex 9.390430e+00 -2.540000e+00 -5.734683e+00
vertex 1.080743e+01 -2.540000e+00 -6.110272e+00
endloop
endfacet
facet normal 0 0 0
outer loop
vertex 1.896209e+01 -2.540000e+00 -1.248769e+01
vertex 1.706445e+01 -2.540000e+00 -1.337971e+01
vertex 1.896487e+01 -2.540000e+00 -1.384810e+01
endloop
endfacet
facet normal 0 0 0
outer loop
vertex 4.551133e+01 2.015267e+00 -1.616790e+01
vertex 4.483064e+01 2.540000e+00 -1.764660e+01
vertex 4.487959e+01 2.540282e+00 -1.567433e+01
endloop
endfacet
facet normal 0 0 0
outer loop
vertex 2.142963e+01 -2.540000e+00 -1.711274e+01
vertex 2.302376e+01 -2.540000e+00 -1.661839e+01
vertex 2.171595e+01 -2.540000e+00 -1.567548e+01
endloop
endfacet
facet normal 0 0 0
outer loop
vertex 2.371931e+01 2.540000e+00 -3.484164e+01
vertex 2.249821e+01 2.540000e+00 -3.496276e+01
vertex 2.248558e+01 2.540000e+00 -3.368459e+01
endloop
endfacet
facet normal 0 0 0
outer loop
vertex 2.876319e+01 -2.540000e+00 -1.254343e+01
vertex 2.844932e+01 -2.540000e+00 -1.115667e+01
vertex 2.722769e+01 -2.540000e+00 -1.265665e+01
endloop
endfacet
facet normal 0 0 0
outer loop
vertex 2.963279e+01 -2.540000e+00 1.005913e+00
vertex 3.026093e+01 -2.540000e+00 2.075480e+00
vertex 2.931571e+01 -2.540000e+00 2.217838e+00
endloop
endfacet
facet normal 0 0 0
outer loop
vertex 1.888490e+01 2.540000e+00 -1.777152e+01
vertex 1.882103e+01 2.540000e+00 -1.967910e+01
vertex 1.793804e+01 2.540000e+00 -1.884302e+01
endloop
endfacet
facet normal 0 0 0
outer loop
vertex 1.888490e+01 2.540000e+00 -1.777152e+01
vertex 1.793804e+01 2.540000e+00 -1.884302e+01
vertex 1.711909e+01 2.540000e+00 -1.802216e+01
endloop
endfacet
facet normal 0 0 0
outer loop
vertex 3.365532e+01 2.538644e+00 -1.984941e+01
vertex 3.484819e+01 2.540000e+00 -2.075314e+01
vertex 3.346274e+01 2.540000e+00 -2.174631e+01
endloop
endfacet
facet normal 0 0 0
outer loop
vertex 2.342542e+01 -2.540000e+00 -1.302868e+01
vertex 2.409119e+01 -2.540000e+00 -1.175387e+01
vertex 2.260434e+01 -2.540000e+00 -1.144901e+01
endloop
endfacet
facet normal 0 0 0
outer loop
vertex 2.339019e+01 2.540000e+00 -1.798826e+01
vertex 2.368306e+01 2.540000e+00 -1.982187e+01
vertex 2.158392e+01 2.540000e+00 -1.983240e+01
endloop
endfacet
facet normal 0 0 0
outer loop
vertex 2.339019e+01 2.540000e+00 -1.798826e+01
vertex 2.158392e+01 2.540000e+00 -1.983240e+01
vertex 2.139542e+01 2.540000e+00 -1.805592e+01
endloop
endfacet
facet normal 0 0 0
outer loop
vertex 3.546210e+01 -1.097082e+00 1.590686e+00
vertex 3.561023e+01 -2.050578e+00 1.291253e+00
vertex 3.592957e+01 -1.586690e+00 1.203624e+00
endloop
endfacet
facet normal 0 0 0
outer loop
vertex 2.204236e+01 -2.540000e+00 -1.261404e+01
vertex 2.260434e+01 -2.540000e+00 -1.144901e+01
vertex 2.120517e+01 -2.540000e+00 -1.128777e+01
endloop
endfacet
facet normal 0 0 0
outer loop
vertex 1.999220e+01 -2.540000e+00 -5.938884e+00
vertex 2.060951e+01 -2.540000e+00 -4.522064e+00
vertex 1.853466e+01 -2.540000e+00 -5.229502e+00
endloop
endfacet
facet normal 0 0 0
outer loop
vertex 3.315640e+01 -2.540000e+00 -5.171854e+00
vertex 3.138400e+01 -2.540000e+00 -6.165437e+00
vertex 3.242083e+01 -2.540000e+00 -7.086906e+00
endloop
endfacet
facet normal 0 0 0
outer loop
vertex 2.150994e+01 2.540000e+00 -3.902917e+00
vertex 2.199768e+01 2.540000e+00 -2.640137e+00
vertex 2.324755e+01 2.540000e+00 -3.208807e+00
endloop
endfacet
facet normal 0 0 0
outer loop
vertex 1.741412e+01 2.540000e+00 -2.369650e+01
vertex 1.721440e+01 2.540000e+00 -2.164513e+01
vertex 1.879109e+01 2.540000e+00 -2.243019e+01
endloop
endfacet
facet normal 0 0 0
outer loop
vertex 2.324755e+01 2.540000e+00 -3.208807e+00
vertex 2.199768e+01 2.540000e+00 -2.640137e+00
vertex 2.319222e+01 2.540000e+00 -1.290171e+00
endloop
endfacet
facet normal 0 0 0
outer loop
vertex 1.898487e+01 -2.540000e+00 -1.684427e+01
vertex 2.043423e+01 -2.540000e+00 -1.785343e+01
vertex 2.030007e+01 -2.540000e+00 -1.647425e+01
endloop
endfacet
facet normal 0 0 0
outer loop
vertex 2.043423e+01 -2.540000e+00 -1.785343e+01
vertex 2.142963e+01 -2.540000e+00 -1.711274e+01
vertex 2.030007e+01 -2.540000e+00 -1.647425e+01
endloop
endfacet
facet normal 0 0 0
outer loop
vertex 4.273196e+01 2.540000e+00 -2.072088e+01
vertex 4.323165e+01 2.540000e+00 -2.191807e+01
vertex 4.227509e+01 2.540000e+00 -2.222802e+01
endloop
endfacet
facet normal 0 0 0
outer loop
vertex 4.113196e+01 2.532816e+00 -2.047273e+01
vertex 4.273196e+01 2.540000e+00 -2.072088e+01
vertex 4.176406e+01 2.540000e+00 -2.138200e+01
endloop
endfacet
facet normal 0 0 0
outer loop
vertex 4.252271e+01 -2.540000e+00 -1.191447e+01
vertex 4.272003e+01 -2.540000e+00 -1.028134e+01
vertex 4.132500e+01 -2.540000e+00 -1.039051e+01
endloop
endfacet
facet normal 0 0 0
outer loop
vertex 1.951715e+01 2.540000e+00 -7.995726e+00
vertex 1.770639e+01 2.540000e+00 -7.604042e+00
vertex 1.874789e+01 2.540000e+00 -6.162816e+00
endloop
endfacet
facet normal 0 0 0
outer loop
vertex 2.210029e+01 2.540000e+00 -3.946685e-01
vertex 2.159179e+01 2.540000e+00 1.256637e+00
vertex 2.304665e+01 2.540000e+00 5.372167e-01
endloop
endfacet
facet normal 0 0 0
outer loop
vertex 1.905705e+01 2.540000e+00 -3.541078e+00
vertex 2.035445e+01 2.540000e+00 -4.860703e+00
vertex 1.890878e+01 2.540000e+00 -4.831965e+00
endloop
endfacet
facet normal 0 0 0
outer loop
vertex 4.135941e+01 -2.540000e+00 -1.412345e+01
vertex 4.301970e+01 -2.540000e+00 -1.380361e+01
vertex 4.171465e+01 -2.540000e+00 -1.299862e+01
endloop
endfacet
facet normal 0 0 0
outer loop
vertex 2.864409e+01 -2.540000e+00 -3.092362e+01
vertex 2.991415e+01 -2.540000e+00 -3.202290e+01
vertex 3.007967e+01 -2.540000e+00 -2.984796e+01
endloop
endfacet
facet normal 0 0 0
outer loop
vertex 6.712122e+00 -2.540000e+00 -2.053281e+01
vertex 6.005261e+00 -2.532826e+00 -2.153829e+01
vertex 7.263693e+00 -2.540000e+00 -2.111717e+01
endloop
endfacet
facet normal 0 0 0
outer loop
vertex 2.896749e+01 2.540000e+00 1.969107e+00
vertex 3.008876e+01 2.540000e+00 4.678065e-01
vertex 2.844292e+01 2.540000e+00 6.028581e-01
endloop
endfacet
facet normal 0 0 0
outer loop
vertex 2.896749e+01 2.540000e+00 1.969107e+00
vertex 3.064935e+01 2.540000e+00 1.744818e+00
vertex 3.008876e+01 2.540000e+00 4.678065e-01
endloop
endfacet
facet normal 0 0 0
outer loop
vertex 2.004412e+01 2.540000e+00 -2.621893e+01
vertex 2.101577e+01 2.540000e+00 -2.428426e+01
vertex 2.183741e+01 2.540000e+00 -2.556079e+01
endloop
endfacet
facet normal 0 0 0
outer loop
vertex 2.547647e+01 2.540000e+00 -1.409129e+01
vertex 2.641904e+01 2.540000e+00 -1.285749e+01
vertex 2.743678e+01 2.540000e+00 -1.393440e+01
endloop
endfacet
facet normal 0 0 0
outer loop
vertex 2.278861e+01 2.540000e+00 -2.691813e+01
vertex 2.132375e+01 2.540000e+00 -2.758297e+01
vertex 2.183741e+01 2.540000e+00 -2.556079e+01
endloop
endfacet
facet normal 0 0 0
outer loop
vertex 4.309354e+01 2.540000e+00 -1.661546e+01
vertex 4.092416e+01 2.540000e+00 -1.643718e+01
vertex 4.196664e+01 2.540000e+00 -1.548567e+01
endloop
endfacet
facet normal 0 0 0
outer loop
vertex 4.092416e+01 2.540000e+00 -1.643718e+01
vertex 4.110205e+01 2.540000e+00 -1.415718e+01
vertex 4.196664e+01 2.540000e+00 -1.548567e+01
endloop
endfacet
facet normal 0 0 0
outer loop
vertex 1.467540e+01 -2.540000e+00 -3.036214e+01
vertex 1.314533e+01 -2.540000e+00 -3.063432e+01
vertex 1.392568e+01 -2.535721e+00 -3.117254e+01
endloop
endfacet
facet normal 0 0 0
outer loop
vertex 4.394542e+01 1.059652e+00 -7.909947e+00
vertex 4.428251e+01 1.064201e+00 -8.739764e+00
vertex 4.393798e+01 2.085889e+00 -8.364456e+00
endloop
endfacet
facet normal 0 0 0
outer loop
vertex 4.433680e+01 -1.201539e-02 -8.414165e+00
vertex 4.471843e+01 5.292308e-02 -9.402676e+00
vertex 4.428251e+01 1.064201e+00 -8.739764e+00
endloop
endfacet
facet normal 0 0 0
outer loop
vertex 2.861996e+01 -2.540000e+00 -1.650987e+01
vertex 2.852786e+01 -2.540000e+00 -1.837876e+01
vertex 3.010513e+01 -2.540000e+00 -1.707940e+01
endloop
endfacet
facet normal 0 0 0
outer loop
vertex 4.392941e+01 -9.466412e-02 -2.488466e+01
vertex 4.305554e+01 -1.123139e+00 -2.619275e+01
vertex 4.300008e+01 0.000000e+00 -2.669638e+01
endloop
endfacet
facet normal 0 0 0
outer loop
vertex 6.671755e+00 -2.540000e+00 -1.214677e+01
vertex 6.774713e+00 -2.540000e+00 -1.344074e+01
vertex 7.396765e+00 -2.540000e+00 -1.253808e+01
endloop
endfacet
facet normal 0 0 0
outer loop
vertex 4.107767e+01 2.540000e+00 -1.209936e+01
vertex 3.993430e+01 2.540000e+00 -1.325722e+01
vertex 3.940953e+01 2.540000e+00 -1.163602e+01
endloop
endfacet
facet normal 0 0 0
outer loop
vertex 2.030007e+01 -2.540000e+00 -1.647425e+01
vertex 2.142963e+01 -2.540000e+00 -1.711274e+01
vertex 2.171595e+01 -2.540000e+00 -1.567548e+01
endloop
endfacet
facet normal 0 0 0
outer loop
vertex 9.240897e+00 2.540000e+00 -5.862182e+00
vertex 1.004078e+01 2.540000e+00 -4.709649e+00
vertex 1.064857e+01 2.540000e+00 -5.864285e+00
endloop
endfacet
facet normal 0 0 0
outer loop
vertex 2.040975e+01 2.540000e+00 -2.757816e+00
vertex 2.035445e+01 2.540000e+00 -4.860703e+00
vertex 1.905705e+01 2.540000e+00 -3.541078e+00
endloop
endfacet
facet normal 0 0 0
outer loop
vertex 2.807415e+01 2.540000e+00 -3.557477e+00
vertex 2.731002e+01 2.540000e+00 -1.789016e+00
vertex 2.866523e+01 2.540000e+00 -1.975566e+00
endloop
endfacet
facet normal 0 0 0
outer loop
vertex 2.280271e+01 -2.540000e+00 -2.755603e+01
vertex 2.450752e+01 -2.540000e+00 -2.686922e+01
vertex 2.267679e+01 -2.540000e+00 -2.621837e+01
endloop
endfacet
facet normal 0 0 0
outer loop
vertex 1.048937e+01 2.540000e+00 -1.389008e+01
vertex 9.621166e+00 2.540000e+00 -1.509890e+01
vertex 8.896464e+00 2.540000e+00 -1.379150e+01
endloop
endfacet
facet normal 0 0 0
outer loop
vertex 2.165330e+01 -2.540000e+00 -2.791175e+01
vertex 2.280271e+01 -2.540000e+00 -2.755603e+01
vertex 2.267679e+01 -2.540000e+00 -2.621837e+01
endloop
endfacet
facet normal 0 0 0
outer loop
vertex 1.924554e+01 2.540000e+00 -9.768998e+00
vertex 2.098284e+01 2.540000e+00 -9.308903e+00
vertex 2.038639e+01 2.540000e+00 -1.045159e+01
endloop
endfacet
facet normal 0 0 0
outer loop
vertex 2.824619e+01 2.540000e+00 -2.531425e+01
vertex 2.989542e+01 2.540000e+00 -2.517808e+01
vertex 2.969607e+01 2.540000e+00 -2.644892e+01
endloop
endfacet
facet normal 0 0 0
outer loop
vertex 2.509880e+01 2.085889e+00 4.223482e+00
vertex 2.484933e+01 1.110049e+00 4.400333e+00
vertex 2.585008e+01 1.011086e+00 4.378570e+00
endloop
endfacet
facet normal 0 0 0
outer loop
vertex 2.861996e+01 -2.540000e+00 -1.650987e+01
vertex 2.733517e+01 -2.540000e+00 -1.425034e+01
vertex 2.702083e+01 -2.540000e+00 -1.605360e+01
endloop
endfacet
facet normal 0 0 0
outer loop
vertex 1.444523e+01 -2.540000e+00 -9.705505e+00
vertex 1.475496e+01 -2.540000e+00 -1.123170e+01
vertex 1.587827e+01 -2.540000e+00 -1.008851e+01
endloop
endfacet
facet normal 0 0 0
outer loop
vertex 1.271978e+01 2.501716e+00 -3.180130e+01
vertex 1.364366e+01 2.540000e+00 -3.159678e+01
vertex 1.334737e+01 2.533094e+00 -3.213754e+01
endloop
endfacet
facet normal 0 0 0
outer loop
vertex 2.104544e+01 2.540000e+00 -2.173619e+01
vertex 2.158392e+01 2.540000e+00 -1.983240e+01
vertex 2.322593e+01 2.540000e+00 -2.176885e+01
endloop
endfacet
facet normal 0 0 0
outer loop
vertex 4.000347e+01 -2.540000e+00 -1.020020e+01
vertex 3.816478e+01 -2.540000e+00 -1.084481e+01
vertex 4.057816e+01 -2.540000e+00 -1.190173e+01
endloop
endfacet
facet normal 0 0 0
outer loop
vertex 1.058481e+01 2.540000e+00 -2.417297e+01
vertex 1.209243e+01 2.540000e+00 -2.392650e+01
vertex 1.179070e+01 2.540000e+00 -2.509286e+01
endloop
endfacet
facet normal 0 0 0
outer loop
vertex 1.587827e+01 -2.540000e+00 -1.008851e+01
vertex 1.764261e+01 -2.540000e+00 -9.852394e+00
vertex 1.651672e+01 -2.540000e+00 -8.403537e+00
endloop
endfacet
facet normal 0 0 0
outer loop
vertex 2.952550e+01 2.540000e+00 -1.566411e+01
vertex 3.102941e+01 2.540000e+00 -1.441960e+01
vertex 3.134373e+01 2.540000e+00 -1.578284e+01
endloop
endfacet
facet normal 0 0 0
outer loop
vertex 4.551133e+01 2.015267e+00 -1.616790e+01
vertex 4.558487e+01 1.013718e+00 -1.810155e+01
vertex 4.541303e+01 2.015267e+00 -1.816868e+01
endloop
endfacet
facet normal 0 0 0
outer loop
vertex 4.184355e+01 -2.522883e+00 -5.352993e+00
vertex 4.207120e+01 -2.015267e+00 -4.827309e+00
vertex 4.130650e+01 -2.529368e+00 -4.700930e+00
endloop
endfacet
facet normal 0 0 0
outer loop
vertex 1.567538e+01 -2.540000e+00 -7.277791e+00
vertex 1.765507e+01 -2.540000e+00 -7.338877e+00
vertex 1.655401e+01 -2.540000e+00 -5.925846e+00
endloop
endfacet
facet normal 0 0 0
outer loop
vertex 1.765507e+01 -2.540000e+00 -7.338877e+00
vertex 1.651672e+01 -2.540000e+00 -8.403537e+00
vertex 1.858840e+01 -2.540000e+00 -8.785210e+00
endloop
endfacet
facet normal 0 0 0
outer loop
vertex 9.349375e+00 -2.540000e+00 -1.079830e+01
vertex 9.487859e+00 -2.540000e+00 -1.256083e+01
vertex 1.127808e+01 -2.540000e+00 -1.144641e+01
endloop
endfacet
facet normal 0 0 0
outer loop
vertex 2.035445e+01 2.540000e+00 -4.860703e+00
vertex 2.144287e+01 2.540000e+00 -5.969211e+00
vertex 2.015112e+01 2.540000e+00 -6.556376e+00
endloop
endfacet
facet normal 0 0 0
outer loop
vertex 2.467496e+01 -2.540000e+00 -1.269568e+01
vertex 2.409119e+01 -2.540000e+00 -1.175387e+01
vertex 2.342542e+01 -2.540000e+00 -1.302868e+01
endloop
endfacet
facet normal 0 0 0
outer loop
vertex 2.409119e+01 -2.540000e+00 -1.175387e+01
vertex 2.467496e+01 -2.540000e+00 -1.269568e+01
vertex 2.593008e+01 -2.540000e+00 -1.207128e+01
endloop
endfacet
facet normal 0 0 0
outer loop
vertex 1.543851e+01 2.540000e+00 -3.176640e+01
vertex 1.473999e+01 2.540000e+00 -3.037829e+01
vertex 1.607283e+01 2.540000e+00 -3.055928e+01
endloop
endfacet
facet normal 0 0 0
outer loop
vertex 4.172840e+01 2.540000e+00 -7.197555e+00
vertex 4.073923e+01 2.540000e+00 -7.856615e+00
vertex 4.077600e+01 2.540000e+00 -6.544931e+00
endloop
endfacet
facet normal 0 0 0
outer loop
vertex 1.287969e+01 -2.540000e+00 -1.680315e+01
vertex 1.109857e+01 -2.540000e+00 -1.622927e+01
vertex 1.204807e+01 -2.540000e+00 -1.824550e+01
endloop
endfacet
facet normal 0 0 0
outer loop
vertex 8.027210e+00 2.540000e+00 -1.830845e+01
vertex 9.323992e+00 2.540000e+00 -1.801880e+01
vertex 9.041411e+00 2.540000e+00 -1.981106e+01
endloop
endfacet
facet normal 0 0 0
outer loop
vertex 8.029237e+00 2.540000e+00 -1.681523e+01
vertex 9.323992e+00 2.540000e+00 -1.801880e+01
vertex 8.027210e+00 2.540000e+00 -1.830845e+01
endloop
endfacet
facet normal 0 0 0
outer loop
vertex 2.150994e+01 2.540000e+00 -3.902917e+00
vertex 2.035445e+01 2.540000e+00 -4.860703e+00
vertex 2.040975e+01 2.540000e+00 -2.757816e+00
endloop
endfacet
facet normal 0 0 0
outer loop
vertex 2.281280e+01 2.540000e+00 -2.434707e+01
vertex 2.101577e+01 2.540000e+00 -2.428426e+01
vertex 2.202393e+01 2.540000e+00 -2.308961e+01
endloop
endfacet
facet normal 0 0 0
outer loop
vertex 3.602579e+01 2.540000e+00 -1.932739e+00
vertex 3.403080e+01 2.540000e+00 -2.065222e+00
vertex 3.510633e+01 2.540000e+00 -9.156229e-01
endloop
endfacet
facet normal 0 0 0
outer loop
vertex 1.268404e+01 -2.540000e+00 -9.106539e+00
vertex 1.471712e+01 -2.540000e+00 -8.383552e+00
vertex 1.283751e+01 -2.540000e+00 -7.180521e+00
endloop
endfacet
facet normal 0 0 0
outer loop
vertex 2.711416e+01 -2.540000e+00 -4.573390e+00
vertex 2.722991e+01 -2.540000e+00 -6.430687e+00
vertex 2.860146e+01 -2.540000e+00 -5.841354e+00
endloop
endfacet
facet normal 0 0 0
outer loop
vertex 2.711416e+01 -2.540000e+00 -4.573390e+00
vertex 2.860146e+01 -2.540000e+00 -5.841354e+00
vertex 2.916961e+01 -2.540000e+00 -4.428414e+00
endloop
endfacet
facet normal 0 0 0
outer loop
vertex 2.597969e+01 -2.540000e+00 -1.752167e+01
vertex 2.538692e+01 -2.540000e+00 -1.904607e+01
vertex 2.683748e+01 -2.540000e+00 -1.850169e+01
endloop
endfacet
facet normal 0 0 0
outer loop
vertex 8.822879e+00 -2.540000e+00 -9.366172e+00
vertex 9.349375e+00 -2.540000e+00 -1.079830e+01
vertex 1.062671e+01 -2.540000e+00 -9.837335e+00
endloop
endfacet
facet normal 0 0 0
outer loop
vertex 1.278685e+01 -2.540000e+00 -2.323842e+01
vertex 1.249335e+01 -2.540000e+00 -2.204651e+01
vertex 1.106122e+01 -2.540000e+00 -2.269464e+01
endloop
endfacet
facet normal 0 0 0
outer loop
vertex 1.616556e+01 2.540000e+00 -7.676194e+00
vertex 1.676811e+01 2.540000e+00 -9.002720e+00
vertex 1.515298e+01 2.540000e+00 -9.572822e+00
endloop
endfacet
facet normal 0 0 0
outer loop
vertex 1.967593e+01 -2.391438e+00 -3.561619e+01
vertex 2.019810e+01 -2.531442e+00 -3.541415e+01
vertex 1.830614e+01 -2.531442e+00 -3.483057e+01
endloop
endfacet
facet normal 0 0 0
outer loop
vertex 2.286553e+01 -2.540000e+00 -3.981412e+00
vertex 2.300008e+01 -2.540000e+00 -6.345133e+00
vertex 2.421566e+01 -2.540000e+00 -4.971299e+00
endloop
endfacet
facet normal 0 0 0
outer loop
vertex 1.690945e+01 2.540000e+00 -6.284766e+00
vertex 1.757975e+01 2.540000e+00 -4.903343e+00
vertex 1.874789e+01 2.540000e+00 -6.162816e+00
endloop
endfacet
facet normal 0 0 0
outer loop
vertex 2.183741e+01 2.540000e+00 -2.556079e+01
vertex 2.324302e+01 2.540000e+00 -2.559144e+01
vertex 2.278861e+01 2.540000e+00 -2.691813e+01
endloop
endfacet
facet normal 0 0 0
outer loop
vertex 3.773071e+01 -2.540000e+00 -2.137901e+00
vertex 3.696772e+01 -2.540000e+00 -1.501681e+00
vertex 3.635806e+01 -2.540000e+00 -2.748111e+00
endloop
endfacet
facet normal 0 0 0
outer loop
vertex 2.552324e+01 -2.540000e+00 2.153054e+00
vertex 2.431771e+01 -2.540000e+00 7.071755e-01
vertex 2.592826e+01 -2.540000e+00 4.180505e-01
endloop
endfacet
facet normal 0 0 0
outer loop
vertex 4.037265e+01 -2.384160e+00 -2.938442e+01
vertex 3.943821e+01 -2.403117e+00 -3.035127e+01
vertex 3.950274e+01 -2.156511e+00 -3.057183e+01
endloop
endfacet
facet normal 0 0 0
outer loop
vertex 3.007967e+01 -2.540000e+00 -2.984796e+01
vertex 2.851790e+01 -2.540000e+00 -2.941956e+01
vertex 2.864409e+01 -2.540000e+00 -3.092362e+01
endloop
endfacet
facet normal 0 0 0
outer loop
vertex 1.882211e+01 2.540000e+00 -3.218213e+01
vertex 2.006384e+01 2.540000e+00 -3.075166e+01
vertex 2.017389e+01 2.540000e+00 -3.183574e+01
endloop
endfacet
facet normal 0 0 0
outer loop
vertex 2.006384e+01 2.540000e+00 -3.075166e+01
vertex 2.156247e+01 2.540000e+00 -3.191259e+01
vertex 2.017389e+01 2.540000e+00 -3.183574e+01
endloop
endfacet
facet normal 0 0 0
outer loop
vertex 3.033968e+01 -2.540000e+00 -2.181308e+01
vertex 3.001719e+01 -2.540000e+00 -2.328120e+01
vertex 3.128218e+01 -2.540000e+00 -2.268669e+01
endloop
endfacet
facet normal 0 0 0
outer loop
vertex 2.944518e+01 2.540000e+00 -7.864037e+00
vertex 2.956952e+01 2.535786e+00 -1.004166e+01
vertex 2.783222e+01 2.540000e+00 -8.828658e+00
endloop
endfacet
facet normal 0 0 0
outer loop
vertex 4.025572e+01 2.540000e+00 -1.085773e+01
vertex 3.940953e+01 2.540000e+00 -1.163602e+01
vertex 3.932067e+01 2.539125e+00 -1.009838e+01
endloop
endfacet
facet normal 0 0 0
outer loop
vertex 3.509161e+01 -2.540000e+00 -2.611252e+01
vertex 3.582068e+01 -2.540000e+00 -2.728823e+01
vertex 3.701249e+01 -2.540000e+00 -2.629745e+01
endloop
endfacet
facet normal 0 0 0
outer loop
vertex 3.701249e+01 -2.540000e+00 -2.629745e+01
vertex 3.582068e+01 -2.540000e+00 -2.728823e+01
vertex 3.658572e+01 -2.540000e+00 -2.821644e+01
endloop
endfacet
facet normal 0 0 0
outer loop
vertex 3.365532e+01 2.538644e+00 -1.984941e+01
vertex 3.346274e+01 2.540000e+00 -2.174631e+01
vertex 3.154750e+01 2.540000e+00 -2.012085e+01
endloop
endfacet
facet normal 0 0 0
outer loop
vertex 1.208733e+01 2.540000e+00 -1.794096e+01
vertex 1.206562e+01 2.540000e+00 -1.690655e+01
vertex 1.346937e+01 2.540000e+00 -1.803078e+01
endloop
endfacet
facet normal 0 0 0
outer loop
vertex 3.346274e+01 2.540000e+00 -2.174631e+01
vertex 3.195319e+01 2.540000e+00 -2.202723e+01
vertex 3.154750e+01 2.540000e+00 -2.012085e+01
endloop
endfacet
facet normal 0 0 0
outer loop
vertex 1.139453e+01 2.540000e+00 -1.929867e+01
vertex 1.208733e+01 2.540000e+00 -1.794096e+01
vertex 1.239968e+01 2.540000e+00 -1.883093e+01
endloop
endfacet
facet normal 0 0 0
outer loop
vertex 1.914223e+01 -2.540000e+00 -2.062619e+00
vertex 2.039557e+01 -2.540000e+00 -2.640993e+00
vertex 2.078497e+01 -2.540000e+00 -1.113170e+00
endloop
endfacet
facet normal 0 0 0
outer loop
vertex 2.444238e+01 2.540000e+00 -3.119840e+01
vertex 2.458241e+01 2.540000e+00 -2.943726e+01
vertex 2.564544e+01 2.540000e+00 -3.077109e+01
endloop
endfacet
facet normal 0 0 0
outer loop
vertex 1.948493e+01 -2.540000e+00 -3.018390e+01
vertex 1.995914e+01 -2.540000e+00 -3.210229e+01
vertex 2.062272e+01 -2.540000e+00 -3.070682e+01
endloop
endfacet
facet normal 0 0 0
outer loop
vertex 2.340460e+01 -2.535614e+00 -3.306934e+01
vertex 2.135629e+01 -2.540000e+00 -3.364015e+01
vertex 2.301538e+01 -2.540000e+00 -3.453936e+01
endloop
endfacet
facet normal 0 0 0
outer loop
vertex 2.698721e+01 2.540000e+00 -2.790615e+01
vertex 2.823821e+01 2.540000e+00 -2.921727e+01
vertex 2.641755e+01 2.540000e+00 -2.939152e+01
endloop
endfacet
facet normal 0 0 0
outer loop
vertex 2.216540e+01 2.531442e+00 -3.578588e+01
vertex 2.313680e+01 2.531442e+00 -3.593114e+01
vertex 2.229596e+01 2.391438e+00 -3.613877e+01
endloop
endfacet
facet normal 0 0 0
outer loop
vertex 3.813917e+01 -2.540000e+00 -1.403393e+01
vertex 3.696551e+01 -2.540000e+00 -1.269096e+01
vertex 3.692921e+01 -2.540000e+00 -1.481960e+01
endloop
endfacet
facet normal 0 0 0
outer loop
vertex 2.957562e+01 2.540000e+00 -1.846605e+01
vertex 2.944219e+01 2.540000e+00 -2.020253e+01
vertex 2.855736e+01 2.540000e+00 -1.910825e+01
endloop
endfacet
facet normal 0 0 0
outer loop
vertex 3.804696e+01 2.540000e+00 -1.285509e+01
vertex 3.673607e+01 2.540000e+00 -1.328284e+01
vertex 3.792635e+01 2.540000e+00 -1.165436e+01
endloop
endfacet
facet normal 0 0 0
outer loop
vertex 2.421566e+01 -2.540000e+00 -4.971299e+00
vertex 2.568918e+01 -2.540000e+00 -6.086683e+00
vertex 2.549391e+01 -2.540000e+00 -4.789322e+00
endloop
endfacet
facet normal 0 0 0
outer loop
vertex 2.957562e+01 2.540000e+00 -1.846605e+01
vertex 2.855736e+01 2.540000e+00 -1.910825e+01
vertex 2.842848e+01 2.540000e+00 -1.819200e+01
endloop
endfacet
facet normal 0 0 0
outer loop
vertex 1.109857e+01 -2.540000e+00 -1.622927e+01
vertex 9.804966e+00 -2.540000e+00 -1.655046e+01
vertex 1.061756e+01 -2.540000e+00 -1.790233e+01
endloop
endfacet
facet normal 0 0 0
outer loop
vertex 2.319222e+01 2.540000e+00 -1.290171e+00
vertex 2.133593e+01 2.540000e+00 -1.497509e+00
vertex 2.210029e+01 2.540000e+00 -3.946685e-01
endloop
endfacet
facet normal 0 0 0
outer loop
vertex 2.022290e+01 2.540000e+00 -1.725351e+01
vertex 2.139542e+01 2.540000e+00 -1.805592e+01
vertex 2.018401e+01 2.540000e+00 -1.909634e+01
endloop
endfacet
facet normal 0 0 0
outer loop
vertex 3.470182e+01 2.540000e+00 -3.272203e+01
vertex 3.471135e+01 2.540000e+00 -3.165792e+01
vertex 3.539260e+01 2.540000e+00 -3.233924e+01
endloop
endfacet
facet normal 0 0 0
outer loop
vertex 3.039115e+01 2.537093e+00 -1.270396e+01
vertex 2.939988e+01 2.540000e+00 -1.179507e+01
vertex 3.121126e+01 2.536128e+00 -1.168352e+01
endloop
endfacet
facet normal 0 0 0
outer loop
vertex 3.039115e+01 2.537093e+00 -1.270396e+01
vertex 3.121126e+01 2.536128e+00 -1.168352e+01
vertex 3.163955e+01 2.540000e+00 -1.324073e+01
endloop
endfacet
facet normal 0 0 0
outer loop
vertex 3.346274e+01 2.540000e+00 -2.174631e+01
vertex 3.366805e+01 2.540000e+00 -2.381549e+01
vertex 3.195319e+01 2.540000e+00 -2.202723e+01
endloop
endfacet
facet normal 0 0 0
outer loop
vertex 3.195319e+01 2.540000e+00 -2.202723e+01
vertex 3.366805e+01 2.540000e+00 -2.381549e+01
vertex 3.196650e+01 2.540000e+00 -2.390569e+01
endloop
endfacet
facet normal 0 0 0
outer loop
vertex 2.722769e+01 -2.540000e+00 -1.265665e+01
vertex 2.593008e+01 -2.540000e+00 -1.207128e+01
vertex 2.530939e+01 -2.540000e+00 -1.407422e+01
endloop
endfacet
facet normal 0 0 0
outer loop
vertex 2.733517e+01 -2.540000e+00 -1.425034e+01
vertex 2.722769e+01 -2.540000e+00 -1.265665e+01
vertex 2.530939e+01 -2.540000e+00 -1.407422e+01
endloop
endfacet
facet normal 0 0 0
outer loop
vertex 3.388358e+01 2.540000e+00 -1.611345e+01
vertex 3.245403e+01 2.540000e+00 -1.716546e+01
vertex 3.258442e+01 2.540000e+00 -1.478450e+01
endloop
endfacet
facet normal 0 0 0
outer loop
vertex 3.676410e+01 2.531442e+00 -3.083661e+01
vertex 3.691516e+01 2.540000e+00 -2.935983e+01
vertex 3.745833e+01 2.540000e+00 -3.055659e+01
endloop
endfacet
facet normal 0 0 0
outer loop
vertex 2.296392e+01 -2.540000e+00 -2.896563e+01
vertex 2.381529e+01 -2.540000e+00 -2.793536e+01
vertex 2.280271e+01 -2.540000e+00 -2.755603e+01
endloop
endfacet
facet normal 0 0 0
outer loop
vertex 2.296392e+01 -2.540000e+00 -2.896563e+01
vertex 2.462400e+01 -2.540000e+00 -2.880527e+01
vertex 2.381529e+01 -2.540000e+00 -2.793536e+01
endloop
endfacet
facet normal 0 0 0
outer loop
vertex 2.398167e+01 2.540000e+00 -3.250708e+01
vertex 2.156247e+01 2.540000e+00 -3.191259e+01
vertex 2.314005e+01 2.540000e+00 -3.096425e+01
endloop
endfacet
facet normal 0 0 0
outer loop
vertex 2.015112e+01 2.540000e+00 -6.556376e+00
vertex 2.158816e+01 2.540000e+00 -7.766105e+00
vertex 1.951715e+01 2.540000e+00 -7.995726e+00
endloop
endfacet
facet normal 0 0 0
outer loop
vertex 2.542890e+01 2.540000e+00 -3.331423e+00
vertex 2.675043e+01 2.540000e+00 -2.990306e+00
vertex 2.637061e+01 2.540000e+00 -4.553414e+00
endloop
endfacet
facet normal 0 0 0
outer loop
vertex 2.192400e+01 -2.540000e+00 -1.391679e+01
vertex 2.348713e+01 -2.540000e+00 -1.450743e+01
vertex 2.342542e+01 -2.540000e+00 -1.302868e+01
endloop
endfacet
facet normal 0 0 0
outer loop
vertex 1.835785e+01 2.540000e+00 -3.477427e+01
vertex 1.744927e+01 2.540000e+00 -3.447256e+01
vertex 1.889600e+01 2.540000e+00 -3.394552e+01
endloop
endfacet
facet normal 0 0 0
outer loop
vertex 3.576403e+01 2.391438e+00 9.785176e-01
vertex 3.709059e+01 2.531442e+00 -3.365355e-01
vertex 3.545398e+01 2.539262e+00 7.666609e-01
endloop
endfacet
facet normal 0 0 0
outer loop
vertex 1.882211e+01 2.540000e+00 -3.218213e+01
vertex 2.017389e+01 2.540000e+00 -3.183574e+01
vertex 2.044431e+01 2.540000e+00 -3.321917e+01
endloop
endfacet
facet normal 0 0 0
outer loop
vertex 2.017389e+01 2.540000e+00 -3.183574e+01
vertex 2.156247e+01 2.540000e+00 -3.191259e+01
vertex 2.044431e+01 2.540000e+00 -3.321917e+01
endloop
endfacet
facet normal 0 0 0
outer loop
vertex 3.820074e+01 -2.540000e+00 -1.777627e+01
vertex 3.673905e+01 -2.540000e+00 -1.837146e+01
vertex 3.869070e+01 -2.540000e+00 -1.918443e+01
endloop
endfacet
facet normal 0 0 0
outer loop
vertex 4.284546e+01 2.539974e+00 -1.257368e+01
vertex 4.306370e+01 2.540000e+00 -1.449215e+01
vertex 4.110205e+01 2.540000e+00 -1.415718e+01
endloop
endfacet
facet normal 0 0 0
outer loop
vertex 4.107767e+01 2.540000e+00 -1.209936e+01
vertex 4.284546e+01 2.539974e+00 -1.257368e+01
vertex 4.110205e+01 2.540000e+00 -1.415718e+01
endloop
endfacet
facet normal 0 0 0
outer loop
vertex 2.851790e+01 -2.540000e+00 -2.941956e+01
vertex 2.709934e+01 -2.540000e+00 -2.907810e+01
vertex 2.715957e+01 -2.540000e+00 -3.053930e+01
endloop
endfacet
facet normal 0 0 0
outer loop
vertex 2.864409e+01 -2.540000e+00 -3.092362e+01
vertex 2.851790e+01 -2.540000e+00 -2.941956e+01
vertex 2.715957e+01 -2.540000e+00 -3.053930e+01
endloop
endfacet
facet normal 0 0 0
outer loop
vertex 1.448583e+01 2.540000e+00 -1.793594e+00
vertex 1.500148e+01 2.540000e+00 -7.304081e-01
vertex 1.597787e+01 2.540000e+00 -2.935624e+00
endloop
endfacet
facet normal 0 0 0
outer loop
vertex 1.629304e+01 -2.540000e+00 -2.295981e+00
vertex 1.487643e+01 -2.540000e+00 -2.981004e+00
vertex 1.636982e+01 -2.540000e+00 -4.365974e+00
endloop
endfacet
facet normal 0 0 0
outer loop
vertex 1.597599e+01 2.540000e+00 -4.834741e+00
vertex 1.473269e+01 2.540000e+00 -5.349655e+00
vertex 1.415633e+01 2.540000e+00 -3.713633e+00
endloop
endfacet
facet normal 0 0 0
outer loop
vertex 3.957238e+01 -2.540000e+00 -2.127756e+01
vertex 4.053448e+01 -2.540000e+00 -1.992958e+01
vertex 3.869070e+01 -2.540000e+00 -1.918443e+01
endloop
endfacet
facet normal 0 0 0
outer loop
vertex 3.869070e+01 -2.540000e+00 -1.918443e+01
vertex 4.053448e+01 -2.540000e+00 -1.992958e+01
vertex 3.972322e+01 -2.540000e+00 -1.822301e+01
endloop
endfacet
facet normal 0 0 0
outer loop
vertex 1.106122e+01 -2.540000e+00 -2.269464e+01
vertex 1.120174e+01 -2.540000e+00 -2.091062e+01
vertex 9.658831e+00 -2.540000e+00 -2.208995e+01
endloop
endfacet
facet normal 0 0 0
outer loop
vertex 3.657060e+01 -2.540000e+00 -2.121132e+01
vertex 3.650695e+01 -2.540000e+00 -2.249874e+01
vertex 3.808109e+01 -2.540000e+00 -2.129415e+01
endloop
endfacet
facet normal 0 0 0
outer loop
vertex 3.972322e+01 -2.540000e+00 -1.822301e+01
vertex 4.097544e+01 -2.540000e+00 -1.791066e+01
vertex 3.950425e+01 -2.540000e+00 -1.681262e+01
endloop
endfacet
facet normal 0 0 0
outer loop
vertex 2.006723e+01 2.540000e+00 -1.160454e+01
vertex 1.924554e+01 2.540000e+00 -9.768998e+00
vertex 2.038639e+01 2.540000e+00 -1.045159e+01
endloop
endfacet
facet normal 0 0 0
outer loop
vertex 2.352943e+01 2.540000e+00 -1.440244e+01
vertex 2.463609e+01 2.540000e+00 -1.276656e+01
vertex 2.547647e+01 2.540000e+00 -1.409129e+01
endloop
endfacet
facet normal 0 0 0
outer loop
vertex 1.204807e+01 -2.540000e+00 -1.824550e+01
vertex 1.321006e+01 -2.540000e+00 -1.898066e+01
vertex 1.287969e+01 -2.540000e+00 -1.680315e+01
endloop
endfacet
facet normal 0 0 0
outer loop
vertex 2.213876e+01 -2.531442e+00 -3.580647e+01
vertex 2.019810e+01 -2.531442e+00 -3.541415e+01
vertex 2.097298e+01 -2.391438e+00 -3.593307e+01
endloop
endfacet
facet normal 0 0 0
outer loop
vertex 4.530677e+01 1.441254e-02 -1.143274e+01
vertex 4.541485e+01 -8.853203e-01 -1.272974e+01
vertex 4.565522e+01 0.000000e+00 -1.323395e+01
endloop
endfacet
facet normal 0 0 0
outer loop
vertex 3.195319e+01 2.540000e+00 -2.202723e+01
vertex 3.196650e+01 2.540000e+00 -2.390569e+01
vertex 3.029103e+01 2.540000e+00 -2.224331e+01
endloop
endfacet
facet normal 0 0 0
outer loop
vertex 2.057050e+01 -2.540000e+00 -2.441310e+01
vertex 2.173993e+01 -2.540000e+00 -2.519116e+01
vertex 2.176974e+01 -2.540000e+00 -2.387174e+01
endloop
endfacet
facet normal 0 0 0
outer loop
vertex 1.512100e+01 -2.540000e+00 -5.056072e+00
vertex 1.487643e+01 -2.540000e+00 -2.981004e+00
vertex 1.370625e+01 -2.540000e+00 -4.245522e+00
endloop
endfacet
facet normal 0 0 0
outer loop
vertex 2.461034e+01 2.533581e+00 -3.593682e+01
vertex 2.371931e+01 2.540000e+00 -3.484164e+01
vertex 2.537553e+01 2.540000e+00 -3.461067e+01
endloop
endfacet
facet normal 0 0 0
outer loop
vertex 2.294231e+01 -2.540000e+00 -2.454065e+01
vertex 2.387776e+01 -2.540000e+00 -2.543073e+01
vertex 2.481579e+01 -2.540000e+00 -2.423630e+01
endloop
endfacet
facet normal 0 0 0
outer loop
vertex 3.914204e+01 -2.540000e+00 -2.626190e+01
vertex 4.051143e+01 -2.540000e+00 -2.531818e+01
vertex 3.944617e+01 -2.540000e+00 -2.461679e+01
endloop
endfacet
facet normal 0 0 0
outer loop
vertex 1.171410e+01 2.540000e+00 -4.861494e+00
vertex 1.004078e+01 2.540000e+00 -4.709649e+00
vertex 1.092871e+01 2.540000e+00 -3.709334e+00
endloop
endfacet
facet normal 0 0 0
outer loop
vertex 3.537901e+01 1.078255e+00 1.635393e+00
vertex 3.642765e+01 2.085889e+00 7.869148e-01
vertex 3.470126e+01 2.156511e+00 1.797047e+00
endloop
endfacet
facet normal 0 0 0
outer loop
vertex 2.417034e+01 2.540000e+00 -2.788159e+01
vertex 2.278861e+01 2.540000e+00 -2.691813e+01
vertex 2.416806e+01 2.540000e+00 -2.631892e+01
endloop
endfacet
facet normal 0 0 0
outer loop
vertex 2.204236e+01 -2.540000e+00 -1.261404e+01
vertex 2.342542e+01 -2.540000e+00 -1.302868e+01
vertex 2.260434e+01 -2.540000e+00 -1.144901e+01
endloop
endfacet
facet normal 0 0 0
outer loop
vertex 3.382839e+01 -1.858095e+00 -3.462492e+01
vertex 3.357535e+01 -1.085408e+00 -3.490441e+01
vertex 3.439851e+01 -1.225195e+00 -3.448617e+01
endloop
endfacet
facet normal 0 0 0
outer loop
vertex 1.375116e+01 2.540000e+00 -2.432986e+01
vertex 1.300027e+01 2.540000e+00 -2.622374e+01
vertex 1.179070e+01 2.540000e+00 -2.509286e+01
endloop
endfacet
facet normal 0 0 0
outer loop
vertex 2.814375e+01 2.540000e+00 -1.047366e+01
vertex 2.956952e+01 2.535786e+00 -1.004166e+01
vertex 2.939988e+01 2.540000e+00 -1.179507e+01
endloop
endfacet
facet normal 0 0 0
outer loop
vertex 9.214545e+00 -2.540000e+00 -1.747757e+01
vertex 8.158564e+00 -2.540000e+00 -1.665302e+01
vertex 8.662971e+00 -2.540000e+00 -1.864552e+01
endloop
endfacet
facet normal 0 0 0
outer loop
vertex 3.536295e+01 2.540000e+00 -3.145026e+00
vertex 3.688057e+01 2.536178e+00 -3.814952e+00
vertex 3.627340e+01 2.540000e+00 -5.219239e+00
endloop
endfacet
facet normal 0 0 0
outer loop
vertex 4.500082e+01 2.391438e+00 -1.281306e+01
vertex 4.480506e+01 2.531442e+00 -1.369839e+01
vertex 4.446125e+01 2.531442e+00 -1.174855e+01
endloop
endfacet
facet normal 0 0 0
outer loop
vertex 3.045648e+01 2.531442e+00 -3.474934e+01
vertex 3.098377e+01 2.540000e+00 -3.319746e+01
vertex 3.158802e+01 2.540000e+00 -3.407404e+01
endloop
endfacet
facet normal 0 0 0
outer loop
vertex 2.990256e+01 2.540000e+00 -3.412648e+01
vertex 3.098377e+01 2.540000e+00 -3.319746e+01
vertex 3.045648e+01 2.531442e+00 -3.474934e+01
endloop
endfacet
facet normal 0 0 0
outer loop
vertex 2.637061e+01 2.540000e+00 -4.553414e+00
vertex 2.622698e+01 2.540000e+00 -6.146972e+00
vertex 2.509358e+01 2.540000e+00 -5.510650e+00
endloop
endfacet
facet normal 0 0 0
outer loop
vertex 3.116159e+01 -2.540000e+00 -1.601876e+01
vertex 3.325279e+01 -2.540000e+00 -1.534884e+01
vertex 3.108860e+01 -2.540000e+00 -1.419527e+01
endloop
endfacet
facet normal 0 0 0
outer loop
vertex 2.101577e+01 2.540000e+00 -2.428426e+01
vertex 2.004412e+01 2.540000e+00 -2.621893e+01
vertex 1.935258e+01 2.540000e+00 -2.401501e+01
endloop
endfacet
facet normal 0 0 0
outer loop
vertex 2.472889e+01 2.540000e+00 2.269753e+00
vertex 2.648991e+01 2.540000e+00 1.606691e+00
vertex 2.425251e+01 2.540000e+00 1.229789e+00
endloop
endfacet
facet normal 0 0 0
outer loop
vertex 8.453548e+00 -9.890308e-01 -4.076557e+00
vertex 9.104939e+00 -1.214694e+00 -3.264814e+00
vertex 8.910858e+00 0.000000e+00 -3.158586e+00
endloop
endfacet
facet normal 0 0 0
outer loop
vertex 4.273064e+01 2.540000e+00 -1.084666e+01
vertex 4.446125e+01 2.531442e+00 -1.174855e+01
vertex 4.284546e+01 2.539974e+00 -1.257368e+01
endloop
endfacet
facet normal 0 0 0
outer loop
vertex 2.444238e+01 2.540000e+00 -3.119840e+01
vertex 2.564544e+01 2.540000e+00 -3.077109e+01
vertex 2.533830e+01 2.540000e+00 -3.203859e+01
endloop
endfacet
facet normal 0 0 0
outer loop
vertex 2.304683e+01 -2.540000e+00 -1.950376e+01
vertex 2.210477e+01 -2.540000e+00 -2.077794e+01
vertex 2.415037e+01 -2.540000e+00 -2.027167e+01
endloop
endfacet
facet normal 0 0 0
outer loop
vertex 1.763696e+01 -2.540000e+00 -3.706954e+00
vertex 1.629304e+01 -2.540000e+00 -2.295981e+00
vertex 1.636982e+01 -2.540000e+00 -4.365974e+00
endloop
endfacet
facet normal 0 0 0
outer loop
vertex 3.509161e+01 -2.540000e+00 -2.611252e+01
vertex 3.483101e+01 -2.540000e+00 -2.808566e+01
vertex 3.582068e+01 -2.540000e+00 -2.728823e+01
endloop
endfacet
facet normal 0 0 0
outer loop
vertex 2.981085e+01 -1.078771e+00 3.849549e+00
vertex 3.053439e+01 5.854939e-02 3.864343e+00
vertex 2.951142e+01 2.398679e-02 4.089531e+00
endloop
endfacet
facet normal 0 0 0
outer loop
vertex 1.205089e+01 2.540000e+00 -2.103889e+01
vertex 1.047707e+01 2.540000e+00 -2.091426e+01
vertex 1.139453e+01 2.540000e+00 -1.929867e+01
endloop
endfacet
facet normal 0 0 0
outer loop
vertex 1.114629e+01 2.540000e+00 -1.567864e+01
vertex 1.329311e+01 2.540000e+00 -1.551508e+01
vertex 1.206562e+01 2.540000e+00 -1.690655e+01
endloop
endfacet
facet normal 0 0 0
outer loop
vertex 3.864759e+01 2.540000e+00 -3.357413e+00
vertex 3.762709e+01 2.540000e+00 -2.651666e+00
vertex 3.854910e+01 2.540000e+00 -2.564437e+00
endloop
endfacet
facet normal 0 0 0
outer loop
vertex 3.616512e+01 2.540000e+00 -7.374132e+00
vertex 3.486833e+01 2.540000e+00 -6.201147e+00
vertex 3.627340e+01 2.540000e+00 -5.219239e+00
endloop
endfacet
facet normal 0 0 0
outer loop
vertex 2.422207e+01 -2.540000e+00 -8.215214e+00
vertex 2.606294e+01 -2.540000e+00 -8.201804e+00
vertex 2.457694e+01 -2.540000e+00 -7.024837e+00
endloop
endfacet
facet normal 0 0 0
outer loop
vertex 4.024601e+01 9.794841e-01 -2.231390e+00
vertex 3.940884e+01 -1.343461e-02 -1.134278e+00
vertex 4.065277e+01 -4.929775e-02 -2.420436e+00
endloop
endfacet
facet normal 0 0 0
outer loop
vertex 2.035445e+01 2.540000e+00 -4.860703e+00
vertex 2.015112e+01 2.540000e+00 -6.556376e+00
vertex 1.874789e+01 2.540000e+00 -6.162816e+00
endloop
endfacet
facet normal 0 0 0
outer loop
vertex 1.096178e+01 2.540000e+00 -7.607839e+00
vertex 1.064857e+01 2.540000e+00 -5.864285e+00
vertex 1.185329e+01 2.540000e+00 -6.509569e+00
endloop
endfacet
facet normal 0 0 0
outer loop
vertex 3.839071e+01 2.538257e+00 -1.412582e+01
vertex 3.805641e+01 2.540000e+00 -1.586703e+01
vertex 3.652715e+01 2.540000e+00 -1.475166e+01
endloop
endfacet
facet normal 0 0 0
outer loop
vertex 2.286553e+01 -2.540000e+00 -3.981412e+00
vertex 2.456355e+01 -2.540000e+00 -2.090827e+00
vertex 2.290715e+01 -2.540000e+00 -1.951908e+00
endloop
endfacet
facet normal 0 0 0
outer loop
vertex 4.033857e+01 2.540000e+00 -2.516757e+01
vertex 3.975121e+01 2.540000e+00 -2.361015e+01
vertex 4.094223e+01 2.540000e+00 -2.413136e+01
endloop
endfacet
facet normal 0 0 0
outer loop
vertex 2.057050e+01 -2.540000e+00 -2.441310e+01
vertex 2.060377e+01 -2.540000e+00 -2.626993e+01
vertex 2.173993e+01 -2.540000e+00 -2.519116e+01
endloop
endfacet
facet normal 0 0 0
outer loop
vertex 2.244951e+01 -2.540000e+00 -3.048369e+01
vertex 2.229030e+01 -2.538129e+00 -3.242305e+01
vertex 2.376726e+01 -2.540000e+00 -3.152920e+01
endloop
endfacet
facet normal 0 0 0
outer loop
vertex 4.145701e+01 2.540000e+00 -1.020009e+01
vertex 4.037730e+01 2.540000e+00 -9.257152e+00
vertex 4.193374e+01 2.540000e+00 -8.439675e+00
endloop
endfacet
facet normal 0 0 0
outer loop
vertex 2.376726e+01 -2.540000e+00 -3.152920e+01
vertex 2.229030e+01 -2.538129e+00 -3.242305e+01
vertex 2.340460e+01 -2.535614e+00 -3.306934e+01
endloop
endfacet
facet normal 0 0 0
outer loop
vertex 2.043423e+01 -2.540000e+00 -1.785343e+01
vertex 2.050172e+01 -2.540000e+00 -1.926406e+01
vertex 2.267883e+01 -2.540000e+00 -1.816540e+01
endloop
endfacet
facet normal 0 0 0
outer loop
vertex 3.631809e+01 1.085137e+00 1.075209e+00
vertex 3.642765e+01 2.085889e+00 7.869148e-01
vertex 3.537901e+01 1.078255e+00 1.635393e+00
endloop
endfacet
facet normal 0 0 0
outer loop
vertex 2.509358e+01 2.540000e+00 -5.510650e+00
vertex 2.433291e+01 2.540000e+00 -6.946666e+00
vertex 2.336249e+01 2.540000e+00 -6.204656e+00
endloop
endfacet
facet normal 0 0 0
outer loop
vertex 4.179963e+01 2.540000e+00 -1.920607e+01
vertex 4.148684e+01 2.540000e+00 -1.794102e+01
vertex 4.314077e+01 2.540000e+00 -1.847170e+01
endloop
endfacet
facet normal 0 0 0
outer loop
vertex 2.944518e+01 2.540000e+00 -7.864037e+00
vertex 2.888359e+01 2.540000e+00 -6.154752e+00
vertex 3.041776e+01 2.540000e+00 -6.078185e+00
endloop
endfacet
facet normal 0 0 0
outer loop
vertex 3.766570e+01 2.540000e+00 -2.406599e+01
vertex 3.975121e+01 2.540000e+00 -2.361015e+01
vertex 3.892096e+01 2.540000e+00 -2.522467e+01
endloop
endfacet
facet normal 0 0 0
outer loop
vertex 1.914223e+01 -2.540000e+00 -2.062619e+00
vertex 1.763696e+01 -2.540000e+00 -3.706954e+00
vertex 1.951006e+01 -2.540000e+00 -3.776684e+00
endloop
endfacet
facet normal 0 0 0
outer loop
vertex 2.698721e+01 2.540000e+00 -2.790615e+01
vertex 2.641755e+01 2.540000e+00 -2.939152e+01
vertex 2.546799e+01 2.540000e+00 -2.809711e+01
endloop
endfacet
facet normal 0 0 0
outer loop
vertex 3.640416e+01 2.540000e+00 -1.196407e+01
vertex 3.792635e+01 2.540000e+00 -1.165436e+01
vertex 3.673607e+01 2.540000e+00 -1.328284e+01
endloop
endfacet
facet normal 0 0 0
outer loop
vertex 4.327158e+01 -2.540000e+00 -2.148635e+01
vertex 4.395003e+01 -2.540000e+00 -2.153722e+01
vertex 4.438987e+01 -2.540000e+00 -2.057096e+01
endloop
endfacet
facet normal 0 0 0
outer loop
vertex 3.334683e+01 -2.391438e+00 -3.459346e+01
vertex 3.241662e+01 -2.391438e+00 -3.498564e+01
vertex 3.289415e+01 -2.156511e+00 -3.498755e+01
endloop
endfacet
facet normal 0 0 0
outer loop
vertex 2.314005e+01 2.540000e+00 -3.096425e+01
vertex 2.458241e+01 2.540000e+00 -2.943726e+01
vertex 2.444238e+01 2.540000e+00 -3.119840e+01
endloop
endfacet
facet normal 0 0 0
outer loop
vertex 1.783767e+01 -2.540000e+00 -2.725055e+01
vertex 1.691038e+01 -2.540000e+00 -2.913117e+01
vertex 1.872164e+01 -2.540000e+00 -2.863023e+01
endloop
endfacet
facet normal 0 0 0
outer loop
vertex 2.549052e+01 2.540000e+00 -1.820998e+01
vertex 2.561208e+01 2.540000e+00 -2.015845e+01
vertex 2.368306e+01 2.540000e+00 -1.982187e+01
endloop
endfacet
facet normal 0 0 0
outer loop
vertex 2.549052e+01 2.540000e+00 -1.820998e+01
vertex 2.368306e+01 2.540000e+00 -1.982187e+01
vertex 2.339019e+01 2.540000e+00 -1.798826e+01
endloop
endfacet
facet normal 0 0 0
outer loop
vertex 5.831715e+00 2.540000e+00 -2.056549e+01
vertex 6.051189e+00 2.540000e+00 -2.152707e+01
vertex 5.671348e+00 2.465719e+00 -2.081744e+01
endloop
endfacet
facet normal 0 0 0
outer loop
vertex 2.429910e+01 2.538372e+00 -8.293757e+00
vertex 2.413561e+01 2.540000e+00 -9.917382e+00
vertex 2.334042e+01 2.540000e+00 -8.072992e+00
endloop
endfacet
facet normal 0 0 0
outer loop
vertex 6.051189e+00 -2.540000e+00 -1.080873e+01
vertex 5.671348e+00 -2.465719e+00 -1.151836e+01
vertex 5.831715e+00 -2.540000e+00 -1.177031e+01
endloop
endfacet
facet normal 0 0 0
outer loop
vertex 3.007967e+01 -2.540000e+00 -2.984796e+01
vertex 2.991415e+01 -2.540000e+00 -3.202290e+01
vertex 3.139929e+01 -2.540000e+00 -3.043023e+01
endloop
endfacet
facet normal 0 0 0
outer loop
vertex 3.152049e+01 -2.540000e+00 -1.142071e+01
vertex 3.107601e+01 -2.540000e+00 -9.930810e+00
vertex 3.015705e+01 -2.540000e+00 -1.124308e+01
endloop
endfacet
facet normal 0 0 0
outer loop
vertex 3.107601e+01 -2.540000e+00 -9.930810e+00
vertex 2.944804e+01 -2.540000e+00 -1.020242e+01
vertex 3.015705e+01 -2.540000e+00 -1.124308e+01
endloop
endfacet
facet normal 0 0 0
outer loop
vertex 4.387359e+01 1.084749e+00 -2.456666e+01
vertex 4.348312e+01 9.939981e-01 -2.542398e+01
vertex 4.352928e+01 2.015267e+00 -2.488487e+01
endloop
endfacet
facet normal 0 0 0
outer loop
vertex 1.896209e+01 2.541342e+00 -1.412582e+01
vertex 1.724368e+01 2.540000e+00 -1.387987e+01
vertex 1.864264e+01 2.540000e+00 -1.189917e+01
endloop
endfacet
facet normal 0 0 0
outer loop
vertex 1.724368e+01 2.540000e+00 -1.387987e+01
vertex 1.701307e+01 2.540000e+00 -1.186446e+01
vertex 1.864264e+01 2.540000e+00 -1.189917e+01
endloop
endfacet
facet normal 0 0 0
outer loop
vertex 1.115445e+01 2.540000e+00 -9.883037e+00
vertex 9.192727e+00 2.540000e+00 -8.720344e+00
vertex 1.096178e+01 2.540000e+00 -7.607839e+00
endloop
endfacet
facet normal 0 0 0
outer loop
vertex 1.127808e+01 -2.540000e+00 -1.144641e+01
vertex 1.062671e+01 -2.540000e+00 -9.837335e+00
vertex 9.349375e+00 -2.540000e+00 -1.079830e+01
endloop
endfacet
facet normal 0 0 0
outer loop
vertex 6.668968e+00 2.535721e+00 -8.932763e+00
vertex 7.744798e+00 2.540000e+00 -8.654122e+00
vertex 7.597640e+00 2.540000e+00 -9.904349e+00
endloop
endfacet
facet normal 0 0 0
outer loop
vertex 2.340064e+01 -2.540000e+00 -1.044930e+01
vertex 2.472548e+01 -2.540000e+00 -9.790979e+00
vertex 2.279263e+01 -2.540000e+00 -8.854370e+00
endloop
endfacet
facet normal 0 0 0
outer loop
vertex 6.523213e+00 -2.400112e+00 -2.404348e+01
vertex 6.995936e+00 -2.531442e+00 -2.433622e+01
vertex 6.634264e+00 -2.531442e+00 -2.341470e+01
endloop
endfacet
facet normal 0 0 0
outer loop
vertex 2.006384e+01 2.540000e+00 -3.075166e+01
vertex 1.882211e+01 2.540000e+00 -3.218213e+01
vertex 1.757498e+01 2.540000e+00 -3.029614e+01
endloop
endfacet
facet normal 0 0 0
outer loop
vertex 9.573296e+00 -2.540475e+00 -1.534929e+01
vertex 8.243367e+00 -2.540000e+00 -1.525755e+01
vertex 8.158564e+00 -2.540000e+00 -1.665302e+01
endloop
endfacet
facet normal 0 0 0
outer loop
vertex 3.390819e+01 -2.540000e+00 -1.299838e+01
vertex 3.279552e+01 -2.540000e+00 -1.214920e+01
vertex 3.249462e+01 -2.540000e+00 -1.381621e+01
endloop
endfacet
facet normal 0 0 0
outer loop
vertex 2.896749e+01 2.540000e+00 1.969107e+00
vertex 2.897970e+01 2.540000e+00 3.096409e+00
vertex 2.999950e+01 2.531442e+00 3.078355e+00
endloop
endfacet
facet normal 0 0 0
outer loop
vertex 2.753002e+01 2.537893e+00 -2.107182e+01
vertex 2.705963e+01 2.540000e+00 -2.358034e+01
vertex 2.540445e+01 2.540000e+00 -2.227676e+01
endloop
endfacet
facet normal 0 0 0
outer loop
vertex 2.158392e+01 2.540000e+00 -1.983240e+01
vertex 2.018401e+01 2.540000e+00 -1.909634e+01
vertex 2.139542e+01 2.540000e+00 -1.805592e+01
endloop
endfacet
facet normal 0 0 0
outer loop
vertex 7.962312e+00 2.540000e+00 -1.261968e+01
vertex 6.999605e+00 2.540000e+00 -1.104842e+01
vertex 9.104387e+00 2.540000e+00 -1.069790e+01
endloop
endfacet
facet normal 0 0 0
outer loop
vertex 2.450752e+01 -2.540000e+00 -2.686922e+01
vertex 2.588004e+01 -2.540000e+00 -2.581326e+01
vertex 2.387776e+01 -2.540000e+00 -2.543073e+01
endloop
endfacet
facet normal 0 0 0
outer loop
vertex 2.383241e+01 -2.540000e+00 -2.350032e+01
vertex 2.294231e+01 -2.540000e+00 -2.454065e+01
vertex 2.481579e+01 -2.540000e+00 -2.423630e+01
endloop
endfacet
facet normal 0 0 0
outer loop
vertex 2.988221e+01 -2.540000e+00 -1.563277e+01
vertex 3.116159e+01 -2.540000e+00 -1.601876e+01
vertex 3.108860e+01 -2.540000e+00 -1.419527e+01
endloop
endfacet
facet normal 0 0 0
outer loop
vertex 2.433291e+01 2.540000e+00 -6.946666e+00
vertex 2.334042e+01 2.540000e+00 -8.072992e+00
vertex 2.336249e+01 2.540000e+00 -6.204656e+00
endloop
endfacet
facet normal 0 0 0
outer loop
vertex 2.300008e+01 -2.540000e+00 -6.345133e+00
vertex 2.174425e+01 -2.540000e+00 -7.308551e+00
vertex 2.279263e+01 -2.540000e+00 -8.854370e+00
endloop
endfacet
facet normal 0 0 0
outer loop
vertex 2.876319e+01 -2.540000e+00 -1.254343e+01
vertex 2.983503e+01 -2.540000e+00 -1.317917e+01
vertex 3.015705e+01 -2.540000e+00 -1.124308e+01
endloop
endfacet
facet normal 0 0 0
outer loop
vertex 1.704691e+01 1.120164e+00 2.758918e+00
vertex 1.636051e+01 1.876792e+00 2.280612e+00
vertex 1.600492e+01 8.748435e-01 2.311131e+00
endloop
endfacet
facet normal 0 0 0
outer loop
vertex 8.817214e+00 2.540000e+00 -2.201868e+01
vertex 8.036283e+00 2.540000e+00 -2.093691e+01
vertex 9.041411e+00 2.540000e+00 -1.981106e+01
endloop
endfacet
facet normal 0 0 0
outer loop
vertex 1.149666e+01 2.540000e+00 -2.789227e+01
vertex 1.195058e+01 2.540000e+00 -2.959798e+01
vertex 1.106933e+01 2.540000e+00 -2.893937e+01
endloop
endfacet
facet normal 0 0 0
outer loop
vertex 1.047707e+01 2.540000e+00 -2.091426e+01
vertex 8.817214e+00 2.540000e+00 -2.201868e+01
vertex 9.041411e+00 2.540000e+00 -1.981106e+01
endloop
endfacet
facet normal 0 0 0
outer loop
vertex 3.627340e+01 2.540000e+00 -5.219239e+00
vertex 3.486833e+01 2.540000e+00 -6.201147e+00
vertex 3.422101e+01 2.540000e+00 -3.975203e+00
endloop
endfacet
facet normal 0 0 0
outer loop
vertex 2.472548e+01 -2.540000e+00 -9.790979e+00
vertex 2.606294e+01 -2.540000e+00 -8.201804e+00
vertex 2.422207e+01 -2.540000e+00 -8.215214e+00
endloop
endfacet
facet normal 0 0 0
outer loop
vertex 2.281280e+01 2.540000e+00 -2.434707e+01
vertex 2.202393e+01 2.540000e+00 -2.308961e+01
vertex 2.362002e+01 2.540000e+00 -2.324418e+01
endloop
endfacet
facet normal 0 0 0
outer loop
vertex 4.203341e+01 -2.540000e+00 -1.534965e+01
vertex 4.353940e+01 -2.540000e+00 -1.565775e+01
vertex 4.301970e+01 -2.540000e+00 -1.380361e+01
endloop
endfacet
facet normal 0 0 0
outer loop
vertex 3.491998e+01 2.540000e+00 -1.486044e+01
vertex 3.361627e+01 2.540000e+00 -1.381668e+01
vertex 3.547415e+01 2.540000e+00 -1.379141e+01
endloop
endfacet
facet normal 0 0 0
outer loop
vertex 2.436697e+01 -2.540000e+00 1.856053e+00
vertex 2.431771e+01 -2.540000e+00 7.071755e-01
vertex 2.552324e+01 -2.540000e+00 2.153054e+00
endloop
endfacet
facet normal 0 0 0
outer loop
vertex 6.774713e+00 -2.540000e+00 -1.344074e+01
vertex 8.126764e+00 -2.540000e+00 -1.286433e+01
vertex 7.396765e+00 -2.540000e+00 -1.253808e+01
endloop
endfacet
facet normal 0 0 0
outer loop
vertex 2.286553e+01 -2.540000e+00 -3.981412e+00
vertex 2.513423e+01 -2.540000e+00 -3.395635e+00
vertex 2.456355e+01 -2.540000e+00 -2.090827e+00
endloop
endfacet
facet normal 0 0 0
outer loop
vertex 3.700999e+01 2.540000e+00 -9.247950e+00
vertex 3.616512e+01 2.540000e+00 -7.374132e+00
vertex 3.750031e+01 2.540000e+00 -7.682188e+00
endloop
endfacet
facet normal 0 0 0
outer loop
vertex 1.523788e+01 -2.540000e+00 -1.132627e+00
vertex 1.487643e+01 -2.540000e+00 -2.981004e+00
vertex 1.629304e+01 -2.540000e+00 -2.295981e+00
endloop
endfacet
facet normal 0 0 0
outer loop
vertex 1.226706e+01 -2.540000e+00 -5.150274e+00
vertex 1.121554e+01 -2.540000e+00 -4.280041e+00
vertex 1.080743e+01 -2.540000e+00 -6.110272e+00
endloop
endfacet
facet normal 0 0 0
outer loop
vertex 2.710324e+01 -2.540000e+00 -1.759723e+00
vertex 2.744214e+01 -2.540000e+00 -1.718648e-01
vertex 2.575233e+01 -2.540000e+00 -1.126284e+00
endloop
endfacet
facet normal 0 0 0
outer loop
vertex 3.095019e+01 2.540000e+00 -7.376389e+00
vertex 3.123178e+01 2.540000e+00 -9.142227e+00
vertex 2.944518e+01 2.540000e+00 -7.864037e+00
endloop
endfacet
facet normal 0 0 0
outer loop
vertex 3.878637e+01 -1.032878e+00 -8.088559e-01
vertex 3.940884e+01 -1.343461e-02 -1.134278e+00
vertex 3.855856e+01 -6.717303e-03 -4.002461e-01
endloop
endfacet
facet normal 0 0 0
outer loop
vertex 1.374877e+01 -2.540000e+00 -2.765790e+01
vertex 1.249264e+01 -2.540000e+00 -2.631157e+01
vertex 1.187830e+01 -2.540000e+00 -2.808194e+01
endloop
endfacet
facet normal 0 0 0
outer loop
vertex 1.449312e+01 -1.919938e+00 -3.360113e+01
vertex 1.439563e+01 -1.046825e+00 -3.372908e+01
vertex 1.548637e+01 -2.085889e+00 -3.415149e+01
endloop
endfacet
facet normal 0 0 0
outer loop
vertex 2.417034e+01 2.540000e+00 -2.788159e+01
vertex 2.458241e+01 2.540000e+00 -2.943726e+01
vertex 2.246591e+01 2.540000e+00 -2.890742e+01
endloop
endfacet
facet normal 0 0 0
outer loop
vertex 1.802752e+01 -2.540000e+00 -3.014545e+01
vertex 1.872164e+01 -2.540000e+00 -2.863023e+01
vertex 1.691038e+01 -2.540000e+00 -2.913117e+01
endloop
endfacet
facet normal 0 0 0
outer loop
vertex 2.156247e+01 2.540000e+00 -3.191259e+01
vertex 2.167204e+01 2.540000e+00 -3.044399e+01
vertex 2.314005e+01 2.540000e+00 -3.096425e+01
endloop
endfacet
facet normal 0 0 0
outer loop
vertex 3.701249e+01 -2.540000e+00 -2.629745e+01
vertex 3.862121e+01 -2.540000e+00 -2.787782e+01
vertex 3.914204e+01 -2.540000e+00 -2.626190e+01
endloop
endfacet
facet normal 0 0 0
outer loop
vertex 2.796398e+01 2.540000e+00 -1.615443e+01
vertex 2.855701e+01 2.540000e+00 -1.720475e+01
vertex 2.647381e+01 2.540000e+00 -1.692932e+01
endloop
endfacet
facet normal 0 0 0
outer loop
vertex 2.647381e+01 2.540000e+00 -1.692932e+01
vertex 2.855701e+01 2.540000e+00 -1.720475e+01
vertex 2.721930e+01 2.540000e+00 -1.824435e+01
endloop
endfacet
facet normal 0 0 0
outer loop
vertex 3.057257e+01 -2.540000e+00 -2.697051e+01
vertex 3.152130e+01 -2.540000e+00 -2.875783e+01
vertex 3.209687e+01 -2.540000e+00 -2.684030e+01
endloop
endfacet
facet normal 0 0 0
outer loop
vertex 1.473269e+01 2.540000e+00 -5.349655e+00
vertex 1.342417e+01 2.540000e+00 -5.559463e+00
vertex 1.415633e+01 2.540000e+00 -3.713633e+00
endloop
endfacet
facet normal 0 0 0
outer loop
vertex 3.029103e+01 2.540000e+00 -2.224331e+01
vertex 3.042558e+01 2.540000e+00 -2.396362e+01
vertex 2.896008e+01 2.540000e+00 -2.392327e+01
endloop
endfacet
facet normal 0 0 0
outer loop
vertex 1.342417e+01 2.540000e+00 -5.559463e+00
vertex 1.473269e+01 2.540000e+00 -5.349655e+00
vertex 1.508922e+01 2.540000e+00 -6.679193e+00
endloop
endfacet
facet normal 0 0 0
outer loop
vertex 3.029103e+01 2.540000e+00 -2.224331e+01
vertex 2.896008e+01 2.540000e+00 -2.392327e+01
vertex 2.848453e+01 2.540000e+00 -2.225624e+01
endloop
endfacet
facet normal 0 0 0
outer loop
vertex 3.217710e+01 -2.540000e+00 -1.681813e+01
vertex 3.369394e+01 -2.540000e+00 -1.725633e+01
vertex 3.325279e+01 -2.540000e+00 -1.534884e+01
endloop
endfacet
facet normal 0 0 0
outer loop
vertex 3.325279e+01 -2.540000e+00 -1.534884e+01
vertex 3.249462e+01 -2.540000e+00 -1.381621e+01
vertex 3.108860e+01 -2.540000e+00 -1.419527e+01
endloop
endfacet
facet normal 0 0 0
outer loop
vertex 2.787079e+01 -2.540000e+00 -3.208577e+01
vertex 2.712759e+01 -2.540000e+00 -3.314364e+01
vertex 2.891925e+01 -2.540000e+00 -3.358476e+01
endloop
endfacet
facet normal 0 0 0
outer loop
vertex 3.692921e+01 -2.540000e+00 -1.481960e+01
vertex 3.494192e+01 -2.540000e+00 -1.392636e+01
vertex 3.534935e+01 -2.540000e+00 -1.526834e+01
endloop
endfacet
facet normal 0 0 0
outer loop
vertex 3.261310e+01 -2.540000e+00 -3.170436e+01
vertex 3.380903e+01 -2.540000e+00 -3.179758e+01
vertex 3.448456e+01 -2.540000e+00 -3.069145e+01
endloop
endfacet
facet normal 0 0 0
outer loop
vertex 3.102941e+01 2.540000e+00 -1.441960e+01
vertex 2.957104e+01 2.538057e+00 -1.372440e+01
vertex 3.163955e+01 2.540000e+00 -1.324073e+01
endloop
endfacet
facet normal 0 0 0
outer loop
vertex 1.115445e+01 2.540000e+00 -9.883037e+00
vertex 1.260907e+01 2.540000e+00 -8.868797e+00
vertex 1.229434e+01 2.540000e+00 -1.044635e+01
endloop
endfacet
facet normal 0 0 0
outer loop
vertex 3.163955e+01 2.540000e+00 -1.324073e+01
vertex 3.361627e+01 2.540000e+00 -1.381668e+01
vertex 3.258442e+01 2.540000e+00 -1.478450e+01
endloop
endfacet
facet normal 0 0 0
outer loop
vertex 1.872164e+01 -2.540000e+00 -2.863023e+01
vertex 2.076493e+01 -2.540000e+00 -2.917674e+01
vertex 1.981647e+01 -2.540000e+00 -2.758315e+01
endloop
endfacet
facet normal 0 0 0
outer loop
vertex 3.471135e+01 2.540000e+00 -3.165792e+01
vertex 3.600395e+01 2.540000e+00 -3.139827e+01
vertex 3.539260e+01 2.540000e+00 -3.233924e+01
endloop
endfacet
facet normal 0 0 0
outer loop
vertex 1.090431e+01 2.540000e+00 -2.624593e+01
vertex 1.179070e+01 2.540000e+00 -2.509286e+01
vertex 1.300027e+01 2.540000e+00 -2.622374e+01
endloop
endfacet
facet normal 0 0 0
outer loop
vertex 3.293121e+01 -2.540000e+00 -2.010551e+01
vertex 3.284721e+01 -2.541799e+00 -1.820998e+01
vertex 3.112113e+01 -2.540000e+00 -1.869248e+01
endloop
endfacet
facet normal 0 0 0
outer loop
vertex 3.160810e+01 -2.540000e+00 -2.082724e+01
vertex 3.293121e+01 -2.540000e+00 -2.010551e+01
vertex 3.112113e+01 -2.540000e+00 -1.869248e+01
endloop
endfacet
facet normal 0 0 0
outer loop
vertex 1.179070e+01 2.540000e+00 -2.509286e+01
vertex 1.090431e+01 2.540000e+00 -2.624593e+01
vertex 1.058481e+01 2.540000e+00 -2.417297e+01
endloop
endfacet
facet normal 0 0 0
outer loop
vertex 1.090431e+01 2.540000e+00 -2.624593e+01
vertex 9.464489e+00 2.540000e+00 -2.527681e+01
vertex 1.058481e+01 2.540000e+00 -2.417297e+01
endloop
endfacet
facet normal 0 0 0
outer loop
vertex 1.064857e+01 2.540000e+00 -5.864285e+00
vertex 1.171410e+01 2.540000e+00 -4.861494e+00
vertex 1.185329e+01 2.540000e+00 -6.509569e+00
endloop
endfacet
facet normal 0 0 0
outer loop
vertex 3.242083e+01 -2.540000e+00 -7.086906e+00
vertex 3.138400e+01 -2.540000e+00 -6.165437e+00
vertex 3.077131e+01 -2.540000e+00 -7.960054e+00
endloop
endfacet
facet normal 0 0 0
outer loop
vertex 2.300008e+01 -2.540000e+00 -6.345133e+00
vertex 2.162388e+01 -2.540000e+00 -5.663077e+00
vertex 2.174425e+01 -2.540000e+00 -7.308551e+00
endloop
endfacet
facet normal 0 0 0
outer loop
vertex 4.092416e+01 2.540000e+00 -1.643718e+01
vertex 4.148684e+01 2.540000e+00 -1.794102e+01
vertex 4.006125e+01 2.540000e+00 -1.780180e+01
endloop
endfacet
facet normal 0 0 0
outer loop
vertex 6.618522e+00 2.540000e+00 -1.623425e+01
vertex 6.098327e+00 2.540000e+00 -1.511217e+01
vertex 6.780404e+00 2.539373e+00 -1.532547e+01
endloop
endfacet
facet normal 0 0 0
outer loop
vertex 1.129186e+01 -2.540000e+00 -7.811215e+00
vertex 1.181674e+01 -2.540000e+00 -6.569014e+00
vertex 1.080743e+01 -2.540000e+00 -6.110272e+00
endloop
endfacet
facet normal 0 0 0
outer loop
vertex 6.780404e+00 2.539373e+00 -1.532547e+01
vertex 7.964787e+00 2.540000e+00 -1.530566e+01
vertex 6.618522e+00 2.540000e+00 -1.623425e+01
endloop
endfacet
facet normal 0 0 0
outer loop
vertex 3.139929e+01 -2.540000e+00 -3.043023e+01
vertex 3.133626e+01 -2.540000e+00 -3.179822e+01
vertex 3.261310e+01 -2.540000e+00 -3.170436e+01
endloop
endfacet
facet normal 0 0 0
outer loop
vertex 1.858840e+01 -2.540000e+00 -8.785210e+00
vertex 2.003438e+01 -2.540000e+00 -9.952259e+00
vertex 2.061689e+01 -2.540000e+00 -8.487546e+00
endloop
endfacet
facet normal 0 0 0
outer loop
vertex 2.060951e+01 -2.540000e+00 -4.522064e+00
vertex 1.951006e+01 -2.540000e+00 -3.776684e+00
vertex 1.853466e+01 -2.540000e+00 -5.229502e+00
endloop
endfacet
facet normal 0 0 0
outer loop
vertex 2.506613e+01 -2.540000e+00 -1.666359e+01
vertex 2.597969e+01 -2.540000e+00 -1.752167e+01
vertex 2.702083e+01 -2.540000e+00 -1.605360e+01
endloop
endfacet
facet normal 0 0 0
outer loop
vertex 1.636982e+01 -2.540000e+00 -4.365974e+00
vertex 1.512100e+01 -2.540000e+00 -5.056072e+00
vertex 1.655401e+01 -2.540000e+00 -5.925846e+00
endloop
endfacet
facet normal 0 0 0
outer loop
vertex 3.102952e+01 -2.540000e+00 -4.479518e+00
vertex 3.017653e+01 -2.540000e+00 -3.016790e+00
vertex 2.916961e+01 -2.540000e+00 -4.428414e+00
endloop
endfacet
facet normal 0 0 0
outer loop
vertex 2.944518e+01 2.540000e+00 -7.864037e+00
vertex 3.041776e+01 2.540000e+00 -6.078185e+00
vertex 3.095019e+01 2.540000e+00 -7.376389e+00
endloop
endfacet
facet normal 0 0 0
outer loop
vertex 1.496865e+01 -2.540000e+00 -6.264733e+00
vertex 1.655401e+01 -2.540000e+00 -5.925846e+00
vertex 1.512100e+01 -2.540000e+00 -5.056072e+00
endloop
endfacet
facet normal 0 0 0
outer loop
vertex 4.135941e+01 -2.540000e+00 -1.412345e+01
vertex 4.203341e+01 -2.540000e+00 -1.534965e+01
vertex 4.301970e+01 -2.540000e+00 -1.380361e+01
endloop
endfacet
facet normal 0 0 0
outer loop
vertex 3.766729e+01 -2.540000e+00 -2.350972e+01
vertex 3.944617e+01 -2.540000e+00 -2.461679e+01
vertex 3.908385e+01 -2.540000e+00 -2.287161e+01
endloop
endfacet
facet normal 0 0 0
outer loop
vertex 3.869070e+01 -2.540000e+00 -1.918443e+01
vertex 3.808109e+01 -2.540000e+00 -2.129415e+01
vertex 3.957238e+01 -2.540000e+00 -2.127756e+01
endloop
endfacet
facet normal 0 0 0
outer loop
vertex 1.330164e+01 -2.540000e+00 -2.927381e+01
vertex 1.239881e+01 -2.540000e+00 -3.017020e+01
vertex 1.314533e+01 -2.540000e+00 -3.063432e+01
endloop
endfacet
facet normal 0 0 0
outer loop
vertex 3.701249e+01 -2.540000e+00 -2.629745e+01
vertex 3.914204e+01 -2.540000e+00 -2.626190e+01
vertex 3.789614e+01 -2.540000e+00 -2.494537e+01
endloop
endfacet
facet normal 0 0 0
outer loop
vertex 2.442990e+01 2.540000e+00 -2.098286e+01
vertex 2.368306e+01 2.540000e+00 -1.982187e+01
vertex 2.561208e+01 2.540000e+00 -2.015845e+01
endloop
endfacet
facet normal 0 0 0
outer loop
vertex 1.597787e+01 2.540000e+00 -2.935624e+00
vertex 1.635381e+01 2.540000e+00 -2.944258e-01
vertex 1.738629e+01 2.540000e+00 -1.721898e+00
endloop
endfacet
facet normal 0 0 0
outer loop
vertex 2.597270e+01 -2.540000e+00 -2.209017e+01
vertex 2.603863e+01 -2.540000e+00 -2.330596e+01
vertex 2.718053e+01 -2.540000e+00 -2.213980e+01
endloop
endfacet
facet normal 0 0 0
outer loop
vertex 2.844292e+01 2.540000e+00 6.028581e-01
vertex 2.786277e+01 2.540000e+00 1.833908e+00
vertex 2.896749e+01 2.540000e+00 1.969107e+00
endloop
endfacet
facet normal 0 0 0
outer loop
vertex 3.914204e+01 -2.540000e+00 -2.626190e+01
vertex 3.944617e+01 -2.540000e+00 -2.461679e+01
vertex 3.789614e+01 -2.540000e+00 -2.494537e+01
endloop
endfacet
facet normal 0 0 0
outer loop
vertex 2.301538e+01 -2.540000e+00 -3.453936e+01
vertex 2.469588e+01 -2.540000e+00 -3.500187e+01
vertex 2.526727e+01 -2.540000e+00 -3.374684e+01
endloop
endfacet
facet normal 0 0 0
outer loop
vertex 2.301538e+01 -2.540000e+00 -3.453936e+01
vertex 2.526727e+01 -2.540000e+00 -3.374684e+01
vertex 2.340460e+01 -2.535614e+00 -3.306934e+01
endloop
endfacet
facet normal 0 0 0
outer loop
vertex 1.086052e+01 2.540000e+00 -1.750061e+01
vertex 9.323992e+00 2.540000e+00 -1.801880e+01
vertex 9.591152e+00 2.540000e+00 -1.645354e+01
endloop
endfacet
facet normal 0 0 0
outer loop
vertex 2.039503e+01 -2.540000e+00 -1.290286e+01
vertex 1.896209e+01 -2.540000e+00 -1.248769e+01
vertex 1.896487e+01 -2.540000e+00 -1.384810e+01
endloop
endfacet
facet normal 0 0 0
outer loop
vertex 1.967593e+01 -2.391438e+00 -3.561619e+01
vertex 1.769304e+01 -2.391438e+00 -3.495144e+01
vertex 1.917949e+01 -2.085889e+00 -3.568124e+01
endloop
endfacet
facet normal 0 0 0
outer loop
vertex 1.769304e+01 -2.391438e+00 -3.495144e+01
vertex 1.967593e+01 -2.391438e+00 -3.561619e+01
vertex 1.830614e+01 -2.531442e+00 -3.483057e+01
endloop
endfacet
facet normal 0 0 0
outer loop
vertex 2.647381e+01 2.540000e+00 -1.692932e+01
vertex 2.549052e+01 2.540000e+00 -1.820998e+01
vertex 2.469749e+01 2.540000e+00 -1.707711e+01
endloop
endfacet
facet normal 0 0 0
outer loop
vertex 2.098284e+01 2.540000e+00 -9.308903e+00
vertex 2.158816e+01 2.540000e+00 -7.766105e+00
vertex 2.241420e+01 2.540000e+00 -9.449480e+00
endloop
endfacet
facet normal 0 0 0
outer loop
vertex 1.310701e+01 2.531442e+00 -3.365355e-01
vertex 1.474289e+01 2.531442e+00 7.787924e-01
vertex 1.500148e+01 2.540000e+00 -7.304081e-01
endloop
endfacet
facet normal 0 0 0
outer loop
vertex 2.150994e+01 2.540000e+00 -3.902917e+00
vertex 2.144287e+01 2.540000e+00 -5.969211e+00
vertex 2.035445e+01 2.540000e+00 -4.860703e+00
endloop
endfacet
facet normal 0 0 0
outer loop
vertex 1.581817e+01 -2.540000e+00 -1.832280e+01
vertex 1.464719e+01 -2.540000e+00 -1.908810e+01
vertex 1.576555e+01 -2.540000e+00 -2.005140e+01
endloop
endfacet
facet normal 0 0 0
outer loop
vertex 1.335967e+01 2.540000e+00 -2.941082e+01
vertex 1.358496e+01 2.540000e+00 -3.070848e+01
vertex 1.263886e+01 2.540000e+00 -3.030312e+01
endloop
endfacet
facet normal 0 0 0
outer loop
vertex 4.483064e+01 2.540000e+00 -1.764660e+01
vertex 4.314077e+01 2.540000e+00 -1.847170e+01
vertex 4.309354e+01 2.540000e+00 -1.661546e+01
endloop
endfacet
facet normal 0 0 0
outer loop
vertex 8.482350e+00 2.406610e+00 -4.748032e+00
vertex 7.958055e+00 2.391438e+00 -5.509099e+00
vertex 8.143986e+00 2.085889e+00 -4.839055e+00
endloop
endfacet
facet normal 0 0 0
outer loop
vertex 4.306370e+01 2.540000e+00 -1.449215e+01
vertex 4.284546e+01 2.539974e+00 -1.257368e+01
vertex 4.480506e+01 2.531442e+00 -1.369839e+01
endloop
endfacet
facet normal 0 0 0
outer loop
vertex 2.204236e+01 -2.540000e+00 -1.261404e+01
vertex 2.120517e+01 -2.540000e+00 -1.128777e+01
vertex 2.039503e+01 -2.540000e+00 -1.290286e+01
endloop
endfacet
facet normal 0 0 0
outer loop
vertex 3.358789e+01 2.540000e+00 -2.775447e+01
vertex 3.270694e+01 2.540000e+00 -2.935465e+01
vertex 3.161762e+01 2.540000e+00 -2.808381e+01
endloop
endfacet
facet normal 0 0 0
outer loop
vertex 1.047707e+01 2.540000e+00 -2.091426e+01
vertex 1.205089e+01 2.540000e+00 -2.103889e+01
vertex 1.110557e+01 2.540000e+00 -2.250138e+01
endloop
endfacet
facet normal 0 0 0
outer loop
vertex 1.490929e+01 2.540000e+00 -2.246538e+01
vertex 1.321136e+01 2.540000e+00 -2.236481e+01
vertex 1.452865e+01 2.540000e+00 -2.106752e+01
endloop
endfacet
facet normal 0 0 0
outer loop
vertex 3.598489e+01 2.540000e+00 -2.747216e+01
vertex 3.653550e+01 2.540000e+00 -2.664825e+01
vertex 3.689136e+01 2.540000e+00 -2.810828e+01
endloop
endfacet
facet normal 0 0 0
outer loop
vertex 3.517602e+01 2.540000e+00 -2.652187e+01
vertex 3.646494e+01 2.540000e+00 -2.552811e+01
vertex 3.653550e+01 2.540000e+00 -2.664825e+01
endloop
endfacet
facet normal 0 0 0
outer loop
vertex 3.510633e+01 2.540000e+00 -9.156229e-01
vertex 3.403080e+01 2.540000e+00 -2.065222e+00
vertex 3.401687e+01 2.540000e+00 3.784854e-02
endloop
endfacet
facet normal 0 0 0
outer loop
vertex 2.667715e+01 2.540000e+00 -1.017278e+01
vertex 2.566768e+01 2.540000e+00 -9.045138e+00
vertex 2.783222e+01 2.540000e+00 -8.828658e+00
endloop
endfacet
facet normal 0 0 0
outer loop
vertex 2.783222e+01 2.540000e+00 -8.828658e+00
vertex 2.814375e+01 2.540000e+00 -1.047366e+01
vertex 2.667715e+01 2.540000e+00 -1.017278e+01
endloop
endfacet
facet normal 0 0 0
outer loop
vertex 3.545398e+01 2.539262e+00 7.666609e-01
vertex 3.510633e+01 2.540000e+00 -9.156229e-01
vertex 3.401687e+01 2.540000e+00 3.784854e-02
endloop
endfacet
facet normal 0 0 0
outer loop
vertex 1.644993e+01 -2.522883e+00 -3.412746e+01
vertex 1.796540e+01 -2.540000e+00 -3.335039e+01
vertex 1.732297e+01 -2.540000e+00 -3.182689e+01
endloop
endfacet
facet normal 0 0 0
outer loop
vertex 1.995914e+01 -2.540000e+00 -3.210229e+01
vertex 1.956566e+01 -2.540000e+00 -3.373845e+01
vertex 2.135629e+01 -2.540000e+00 -3.364015e+01
endloop
endfacet
facet normal 0 0 0
outer loop
vertex 4.483064e+01 2.540000e+00 -1.764660e+01
vertex 4.309354e+01 2.540000e+00 -1.661546e+01
vertex 4.487959e+01 2.540282e+00 -1.567433e+01
endloop
endfacet
facet normal 0 0 0
outer loop
vertex 2.519903e+01 2.540000e+00 -1.564707e+01
vertex 2.647381e+01 2.540000e+00 -1.692932e+01
vertex 2.469749e+01 2.540000e+00 -1.707711e+01
endloop
endfacet
facet normal 0 0 0
outer loop
vertex 3.940953e+01 2.540000e+00 -1.163602e+01
vertex 3.993430e+01 2.540000e+00 -1.325722e+01
vertex 3.895644e+01 2.540000e+00 -1.264674e+01
endloop
endfacet
facet normal 0 0 0
outer loop
vertex 3.895644e+01 2.540000e+00 -1.264674e+01
vertex 3.792635e+01 2.540000e+00 -1.165436e+01
vertex 3.940953e+01 2.540000e+00 -1.163602e+01
endloop
endfacet
facet normal 0 0 0
outer loop
vertex 4.518243e+01 2.402581e+00 -1.431409e+01
vertex 4.487959e+01 2.540282e+00 -1.567433e+01
vertex 4.480506e+01 2.531442e+00 -1.369839e+01
endloop
endfacet
facet normal 0 0 0
outer loop
vertex 4.314077e+01 2.540000e+00 -1.847170e+01
vertex 4.458342e+01 2.542937e+00 -1.960150e+01
vertex 4.297125e+01 2.540000e+00 -1.964699e+01
endloop
endfacet
facet normal 0 0 0
outer loop
vertex 3.992599e+01 2.540000e+00 -1.929651e+01
vertex 4.148684e+01 2.540000e+00 -1.794102e+01
vertex 4.179963e+01 2.540000e+00 -1.920607e+01
endloop
endfacet
facet normal 0 0 0
outer loop
vertex 4.006125e+01 2.540000e+00 -1.780180e+01
vertex 4.148684e+01 2.540000e+00 -1.794102e+01
vertex 3.992599e+01 2.540000e+00 -1.929651e+01
endloop
endfacet
facet normal 0 0 0
outer loop
vertex 3.957399e+01 2.540000e+00 -5.949739e+00
vertex 4.077600e+01 2.540000e+00 -6.544931e+00
vertex 3.920901e+01 2.540000e+00 -7.406472e+00
endloop
endfacet
facet normal 0 0 0
outer loop
vertex 3.116015e+01 2.540000e+00 -1.692652e+01
vertex 3.120593e+01 2.540000e+00 -1.801753e+01
vertex 2.983651e+01 2.540000e+00 -1.709267e+01
endloop
endfacet
facet normal 0 0 0
outer loop
vertex 3.116015e+01 2.540000e+00 -1.692652e+01
vertex 3.245403e+01 2.540000e+00 -1.716546e+01
vertex 3.120593e+01 2.540000e+00 -1.801753e+01
endloop
endfacet
facet normal 0 0 0
outer loop
vertex 2.509880e+01 -2.085889e+00 -3.655928e+01
vertex 2.483045e+01 -1.024597e+00 -3.675106e+01
vertex 2.581006e+01 -1.110201e+00 -3.671376e+01
endloop
endfacet
facet normal 0 0 0
outer loop
vertex 2.877728e+01 2.540000e+00 -3.142092e+01
vertex 2.823821e+01 2.540000e+00 -2.921727e+01
vertex 2.986945e+01 2.540000e+00 -3.003285e+01
endloop
endfacet
facet normal 0 0 0
outer loop
vertex 3.077131e+01 -2.540000e+00 -7.960054e+00
vertex 3.138400e+01 -2.540000e+00 -6.165437e+00
vertex 2.984358e+01 -2.540000e+00 -6.951658e+00
endloop
endfacet
facet normal 0 0 0
outer loop
vertex 2.944804e+01 -2.540000e+00 -1.020242e+01
vertex 3.107601e+01 -2.540000e+00 -9.930810e+00
vertex 2.941592e+01 -2.540000e+00 -8.590227e+00
endloop
endfacet
facet normal 0 0 0
outer loop
vertex 3.296082e+01 -2.085889e+00 2.646803e+00
vertex 3.357866e+01 -1.031250e+00 2.577809e+00
vertex 3.271201e+01 -1.042944e+00 2.948600e+00
endloop
endfacet
facet normal 0 0 0
outer loop
vertex 3.513863e+01 2.540000e+00 -1.728828e+01
vertex 3.643466e+01 2.540000e+00 -1.874144e+01
vertex 3.467174e+01 2.540000e+00 -1.881156e+01
endloop
endfacet
facet normal 0 0 0
outer loop
vertex 2.861996e+01 -2.540000e+00 -1.650987e+01
vertex 3.010513e+01 -2.540000e+00 -1.707940e+01
vertex 2.988221e+01 -2.540000e+00 -1.563277e+01
endloop
endfacet
facet normal 0 0 0
outer loop
vertex 1.342417e+01 2.540000e+00 -5.559463e+00
vertex 1.171410e+01 2.540000e+00 -4.861494e+00
vertex 1.227851e+01 2.540000e+00 -3.251151e+00
endloop
endfacet
facet normal 0 0 0
outer loop
vertex 1.227851e+01 2.540000e+00 -3.251151e+00
vertex 1.415633e+01 2.540000e+00 -3.713633e+00
vertex 1.342417e+01 2.540000e+00 -5.559463e+00
endloop
endfacet
facet normal 0 0 0
outer loop
vertex 2.281856e+01 2.540000e+00 -1.292869e+01
vertex 2.109218e+01 2.540000e+00 -1.286430e+01
vertex 2.146180e+01 2.540000e+00 -1.155781e+01
endloop
endfacet
facet normal 0 0 0
outer loop
vertex 2.112064e+01 -2.085889e+00 -3.616747e+01
vertex 2.061742e+01 0.000000e+00 -3.644650e+01
vertex 2.261174e+01 -7.331181e-02 -3.677305e+01
endloop
endfacet
facet normal 0 0 0
outer loop
vertex 2.112064e+01 -2.085889e+00 -3.616747e+01
vertex 2.261174e+01 -7.331181e-02 -3.677305e+01
vertex 2.310010e+01 -2.085889e+00 -3.646109e+01
endloop
endfacet
facet normal 0 0 0
outer loop
vertex 2.109218e+01 2.540000e+00 -1.286430e+01
vertex 2.150909e+01 2.540000e+00 -1.420424e+01
vertex 2.005096e+01 2.540000e+00 -1.342190e+01
endloop
endfacet
facet normal 0 0 0
outer loop
vertex 2.944518e+01 2.540000e+00 -7.864037e+00
vertex 2.783222e+01 2.540000e+00 -8.828658e+00
vertex 2.733422e+01 2.540000e+00 -7.444051e+00
endloop
endfacet
facet normal 0 0 0
outer loop
vertex 3.950425e+01 -2.540000e+00 -1.681262e+01
vertex 3.858859e+01 -2.540000e+00 -1.566910e+01
vertex 3.820074e+01 -2.540000e+00 -1.777627e+01
endloop
endfacet
facet normal 0 0 0
outer loop
vertex 1.444523e+01 -2.540000e+00 -9.705505e+00
vertex 1.471712e+01 -2.540000e+00 -8.383552e+00
vertex 1.268404e+01 -2.540000e+00 -9.106539e+00
endloop
endfacet
facet normal 0 0 0
outer loop
vertex 4.306370e+01 2.540000e+00 -1.449215e+01
vertex 4.196664e+01 2.540000e+00 -1.548567e+01
vertex 4.110205e+01 2.540000e+00 -1.415718e+01
endloop
endfacet
facet normal 0 0 0
outer loop
vertex 1.636803e+01 -2.540000e+00 -3.093007e+01
vertex 1.691038e+01 -2.540000e+00 -2.913117e+01
vertex 1.467540e+01 -2.540000e+00 -3.036214e+01
endloop
endfacet
facet normal 0 0 0
outer loop
vertex 3.038965e+01 -2.540000e+00 -6.666016e-02
vertex 2.963279e+01 -2.540000e+00 1.005913e+00
vertex 2.864240e+01 -2.528656e+00 -1.153184e-02
endloop
endfacet
facet normal 0 0 0
outer loop
vertex 3.112049e+01 -2.540000e+00 1.472955e+00
vertex 2.963279e+01 -2.540000e+00 1.005913e+00
vertex 3.038965e+01 -2.540000e+00 -6.666016e-02
endloop
endfacet
facet normal 0 0 0
outer loop
vertex 3.808213e+01 2.540000e+00 -5.868857e+00
vertex 3.920901e+01 2.540000e+00 -7.406472e+00
vertex 3.750031e+01 2.540000e+00 -7.682188e+00
endloop
endfacet
facet normal 0 0 0
outer loop
vertex 1.047707e+01 2.540000e+00 -2.091426e+01
vertex 9.041411e+00 2.540000e+00 -1.981106e+01
vertex 1.009931e+01 2.540000e+00 -1.901683e+01
endloop
endfacet
facet normal 0 0 0
outer loop
vertex 4.006125e+01 2.540000e+00 -1.780180e+01
vertex 3.828941e+01 2.540000e+00 -1.840019e+01
vertex 3.897106e+01 2.540000e+00 -1.692346e+01
endloop
endfacet
facet normal 0 0 0
outer loop
vertex 2.648991e+01 2.540000e+00 1.606691e+00
vertex 2.608035e+01 2.540000e+00 2.713793e+00
vertex 2.739082e+01 2.540000e+00 2.588666e+00
endloop
endfacet
facet normal 0 0 0
outer loop
vertex 2.707497e+01 2.529302e+00 -3.589844e+01
vertex 2.721581e+01 2.540000e+00 -3.442303e+01
vertex 2.806606e+01 2.522883e+00 -3.585437e+01
endloop
endfacet
facet normal 0 0 0
outer loop
vertex 3.390819e+01 -2.540000e+00 -1.299838e+01
vertex 3.494192e+01 -2.540000e+00 -1.392636e+01
vertex 3.537252e+01 -2.540000e+00 -1.185501e+01
endloop
endfacet
facet normal 0 0 0
outer loop
vertex 2.463609e+01 2.540000e+00 -1.276656e+01
vertex 2.551570e+01 2.540000e+00 -1.130147e+01
vertex 2.641904e+01 2.540000e+00 -1.285749e+01
endloop
endfacet
facet normal 0 0 0
outer loop
vertex 4.530677e+01 1.441254e-02 -1.143274e+01
vertex 4.565522e+01 0.000000e+00 -1.323395e+01
vertex 4.542838e+01 8.004824e-01 -1.272628e+01
endloop
endfacet
facet normal 0 0 0
outer loop
vertex 8.029237e+00 2.540000e+00 -1.681523e+01
vertex 8.027210e+00 2.540000e+00 -1.830845e+01
vertex 6.765206e+00 2.540000e+00 -1.826014e+01
endloop
endfacet
facet normal 0 0 0
outer loop
vertex 2.980568e+01 1.072219e+00 3.848005e+00
vertex 2.951142e+01 2.398679e-02 4.089531e+00
vertex 3.053439e+01 5.854939e-02 3.864343e+00
endloop
endfacet
facet normal 0 0 0
outer loop
vertex 1.795516e+01 -2.540000e+00 -2.076089e+01
vertex 1.776432e+01 -2.540000e+00 -1.966374e+01
vertex 1.641604e+01 -2.540000e+00 -2.127971e+01
endloop
endfacet
facet normal 0 0 0
outer loop
vertex 4.551133e+01 2.015267e+00 -1.616790e+01
vertex 4.541303e+01 2.015267e+00 -1.816868e+01
vertex 4.523804e+01 2.390928e+00 -1.767505e+01
endloop
endfacet
facet normal 0 0 0
outer loop
vertex 3.537252e+01 -2.540000e+00 -1.185501e+01
vertex 3.639950e+01 -2.540000e+00 -1.103600e+01
vertex 3.529432e+01 -2.540000e+00 -1.004166e+01
endloop
endfacet
facet normal 0 0 0
outer loop
vertex 3.416699e+01 -2.540000e+00 -1.111747e+01
vertex 3.537252e+01 -2.540000e+00 -1.185501e+01
vertex 3.529432e+01 -2.540000e+00 -1.004166e+01
endloop
endfacet
facet normal 0 0 0
outer loop
vertex 2.589998e+01 -2.540000e+00 -2.782058e+01
vertex 2.462400e+01 -2.540000e+00 -2.880527e+01
vertex 2.585298e+01 -2.540000e+00 -2.977607e+01
endloop
endfacet
facet normal 0 0 0
outer loop
vertex 3.112113e+01 -2.540000e+00 -1.869248e+01
vertex 3.284721e+01 -2.541799e+00 -1.820998e+01
vertex 3.217710e+01 -2.540000e+00 -1.681813e+01
endloop
endfacet
facet normal 0 0 0
outer loop
vertex 1.283751e+01 -2.540000e+00 -7.180521e+00
vertex 1.129186e+01 -2.540000e+00 -7.811215e+00
vertex 1.268404e+01 -2.540000e+00 -9.106539e+00
endloop
endfacet
facet normal 0 0 0
outer loop
vertex 3.261869e+01 2.540000e+00 -3.437894e+00
vertex 3.197805e+01 2.540000e+00 -1.957377e+00
vertex 3.403080e+01 2.540000e+00 -2.065222e+00
endloop
endfacet
facet normal 0 0 0
outer loop
vertex 7.252426e+00 -2.540000e+00 -2.206650e+01
vertex 8.153905e+00 -2.540000e+00 -2.271882e+01
vertex 8.540651e+00 -2.540000e+00 -2.130654e+01
endloop
endfacet
facet normal 0 0 0
outer loop
vertex 1.486384e+01 -2.355026e+00 -3.360075e+01
vertex 1.585324e+01 -2.373761e+00 -3.413271e+01
vertex 1.474289e+01 -2.531442e+00 -3.311459e+01
endloop
endfacet
facet normal 0 0 0
outer loop
vertex 2.535691e+01 2.540000e+00 -2.403472e+01
vertex 2.629365e+01 2.540000e+00 -2.540557e+01
vertex 2.455061e+01 2.540000e+00 -2.495406e+01
endloop
endfacet
facet normal 0 0 0
outer loop
vertex 4.392501e+01 2.531442e+00 -9.842630e+00
vertex 4.446125e+01 2.531442e+00 -1.174855e+01
vertex 4.273064e+01 2.540000e+00 -1.084666e+01
endloop
endfacet
facet normal 0 0 0
outer loop
vertex 2.417034e+01 2.540000e+00 -2.788159e+01
vertex 2.416806e+01 2.540000e+00 -2.631892e+01
vertex 2.567464e+01 2.540000e+00 -2.653653e+01
endloop
endfacet
facet normal 0 0 0
outer loop
vertex 1.833358e+01 2.540000e+00 1.897214e-01
vertex 1.731449e+01 2.535721e+00 1.005448e+00
vertex 1.825100e+01 2.540000e+00 1.427234e+00
endloop
endfacet
facet normal 0 0 0
outer loop
vertex 2.158816e+01 2.540000e+00 -7.766105e+00
vertex 2.098284e+01 2.540000e+00 -9.308903e+00
vertex 1.951715e+01 2.540000e+00 -7.995726e+00
endloop
endfacet
facet normal 0 0 0
outer loop
vertex 3.367775e+01 -2.540000e+00 -2.984055e+00
vertex 3.203010e+01 -2.531592e+00 -3.096364e+00
vertex 3.315640e+01 -2.540000e+00 -5.171854e+00
endloop
endfacet
facet normal 0 0 0
outer loop
vertex 3.315640e+01 -2.540000e+00 -5.171854e+00
vertex 3.203010e+01 -2.531592e+00 -3.096364e+00
vertex 3.102952e+01 -2.540000e+00 -4.479518e+00
endloop
endfacet
facet normal 0 0 0
outer loop
vertex 1.770639e+01 2.540000e+00 -7.604042e+00
vertex 1.806816e+01 2.540000e+00 -8.754613e+00
vertex 1.676811e+01 2.540000e+00 -9.002720e+00
endloop
endfacet
facet normal 0 0 0
outer loop
vertex 1.770817e+01 2.540000e+00 -1.028089e+01
vertex 1.701307e+01 2.540000e+00 -1.186446e+01
vertex 1.599444e+01 2.540000e+00 -1.073418e+01
endloop
endfacet
facet normal 0 0 0
outer loop
vertex 3.376583e+01 2.540000e+00 -1.167564e+01
vertex 3.441218e+01 2.540000e+00 -1.002490e+01
vertex 3.539315e+01 2.540000e+00 -1.116367e+01
endloop
endfacet
facet normal 0 0 0
outer loop
vertex 1.864264e+01 2.540000e+00 -1.189917e+01
vertex 1.701307e+01 2.540000e+00 -1.186446e+01
vertex 1.770817e+01 2.540000e+00 -1.028089e+01
endloop
endfacet
facet normal 0 0 0
outer loop
vertex 3.196650e+01 2.540000e+00 -2.390569e+01
vertex 3.366805e+01 2.540000e+00 -2.381549e+01
vertex 3.304255e+01 2.533221e+00 -2.515690e+01
endloop
endfacet
facet normal 0 0 0
outer loop
vertex 3.312295e+01 -2.540000e+00 -1.297118e+00
vertex 3.098674e+01 -2.540000e+00 -1.538406e+00
vertex 3.203010e+01 -2.531592e+00 -3.096364e+00
endloop
endfacet
facet normal 0 0 0
outer loop
vertex 2.210477e+01 -2.540000e+00 -2.077794e+01
vertex 2.284514e+01 -2.540000e+00 -2.274357e+01
vertex 2.355974e+01 -2.540000e+00 -2.136612e+01
endloop
endfacet
facet normal 0 0 0
outer loop
vertex 3.304255e+01 2.533221e+00 -2.515690e+01
vertex 3.366805e+01 2.540000e+00 -2.381549e+01
vertex 3.427438e+01 2.540000e+00 -2.529191e+01
endloop
endfacet
facet normal 0 0 0
outer loop
vertex 3.521787e+01 2.540000e+00 -1.261537e+01
vertex 3.640416e+01 2.540000e+00 -1.196407e+01
vertex 3.673607e+01 2.540000e+00 -1.328284e+01
endloop
endfacet
facet normal 0 0 0
outer loop
vertex 2.710697e+01 2.540000e+00 -3.047142e+01
vertex 2.564544e+01 2.540000e+00 -3.077109e+01
vertex 2.641755e+01 2.540000e+00 -2.939152e+01
endloop
endfacet
facet normal 0 0 0
outer loop
vertex 3.493895e+01 -2.540000e+00 -3.193489e+01
vertex 3.610188e+01 -2.540000e+00 -3.146239e+01
vertex 3.448456e+01 -2.540000e+00 -3.069145e+01
endloop
endfacet
facet normal 0 0 0
outer loop
vertex 3.416637e+01 -2.540000e+00 -9.183177e+00
vertex 3.529432e+01 -2.540000e+00 -1.004166e+01
vertex 3.557308e+01 -2.540000e+00 -8.723906e+00
endloop
endfacet
facet normal 0 0 0
outer loop
vertex 2.005096e+01 2.540000e+00 -1.342190e+01
vertex 1.864264e+01 2.540000e+00 -1.189917e+01
vertex 2.006723e+01 2.540000e+00 -1.160454e+01
endloop
endfacet
facet normal 0 0 0
outer loop
vertex 2.334042e+01 2.540000e+00 -8.072992e+00
vertex 2.158816e+01 2.540000e+00 -7.766105e+00
vertex 2.336249e+01 2.540000e+00 -6.204656e+00
endloop
endfacet
facet normal 0 0 0
outer loop
vertex 1.861712e+01 -2.540000e+00 -1.074240e+01
vertex 2.000610e+01 -2.540000e+00 -1.127011e+01
vertex 2.003438e+01 -2.540000e+00 -9.952259e+00
endloop
endfacet
facet normal 0 0 0
outer loop
vertex 2.336249e+01 2.540000e+00 -6.204656e+00
vertex 2.158816e+01 2.540000e+00 -7.766105e+00
vertex 2.144287e+01 2.540000e+00 -5.969211e+00
endloop
endfacet
facet normal 0 0 0
outer loop
vertex 1.226706e+01 -2.540000e+00 -5.150274e+00
vertex 1.080743e+01 -2.540000e+00 -6.110272e+00
vertex 1.181674e+01 -2.540000e+00 -6.569014e+00
endloop
endfacet
facet normal 0 0 0
outer loop
vertex 3.029103e+01 2.540000e+00 -2.224331e+01
vertex 3.196650e+01 2.540000e+00 -2.390569e+01
vertex 3.042558e+01 2.540000e+00 -2.396362e+01
endloop
endfacet
facet normal 0 0 0
outer loop
vertex 4.073923e+01 2.540000e+00 -7.856615e+00
vertex 4.172840e+01 2.540000e+00 -7.197555e+00
vertex 4.193374e+01 2.540000e+00 -8.439675e+00
endloop
endfacet
facet normal 0 0 0
outer loop
vertex 2.062272e+01 -2.540000e+00 -3.070682e+01
vertex 1.995914e+01 -2.540000e+00 -3.210229e+01
vertex 2.129674e+01 -2.540000e+00 -3.164657e+01
endloop
endfacet
facet normal 0 0 0
outer loop
vertex 3.858859e+01 -2.540000e+00 -1.566910e+01
vertex 3.703059e+01 -2.540000e+00 -1.659924e+01
vertex 3.820074e+01 -2.540000e+00 -1.777627e+01
endloop
endfacet
facet normal 0 0 0
outer loop
vertex 4.000347e+01 -2.540000e+00 -1.020020e+01
vertex 3.975803e+01 -2.540000e+00 -8.638933e+00
vertex 3.875174e+01 -2.540000e+00 -9.486845e+00
endloop
endfacet
facet normal 0 0 0
outer loop
vertex 2.279263e+01 -2.540000e+00 -8.854370e+00
vertex 2.472548e+01 -2.540000e+00 -9.790979e+00
vertex 2.422207e+01 -2.540000e+00 -8.215214e+00
endloop
endfacet
facet normal 0 0 0
outer loop
vertex 3.270694e+01 2.540000e+00 -2.935465e+01
vertex 3.415983e+01 2.540000e+00 -2.933597e+01
vertex 3.351477e+01 2.540000e+00 -3.096588e+01
endloop
endfacet
facet normal 0 0 0
outer loop
vertex 3.008617e+01 -2.540000e+00 -5.191649e+00
vertex 3.138400e+01 -2.540000e+00 -6.165437e+00
vertex 3.102952e+01 -2.540000e+00 -4.479518e+00
endloop
endfacet
facet normal 0 0 0
outer loop
vertex 2.916961e+01 -2.540000e+00 -4.428414e+00
vertex 3.008617e+01 -2.540000e+00 -5.191649e+00
vertex 3.102952e+01 -2.540000e+00 -4.479518e+00
endloop
endfacet
facet normal 0 0 0
outer loop
vertex 3.495316e+01 -2.540000e+00 -3.892125e+00
vertex 3.315640e+01 -2.540000e+00 -5.171854e+00
vertex 3.528472e+01 -2.540000e+00 -5.653843e+00
endloop
endfacet
facet normal 0 0 0
outer loop
vertex 1.106122e+01 -2.540000e+00 -2.269464e+01
vertex 9.296710e+00 -2.540000e+00 -2.336688e+01
vertex 1.111563e+01 -2.540000e+00 -2.420710e+01
endloop
endfacet
facet normal 0 0 0
outer loop
vertex 3.367775e+01 -2.540000e+00 -2.984055e+00
vertex 3.315640e+01 -2.540000e+00 -5.171854e+00
vertex 3.495316e+01 -2.540000e+00 -3.892125e+00
endloop
endfacet
facet normal 0 0 0
outer loop
vertex 9.296710e+00 -2.540000e+00 -2.336688e+01
vertex 9.699224e+00 -2.540000e+00 -2.475006e+01
vertex 1.111563e+01 -2.540000e+00 -2.420710e+01
endloop
endfacet
facet normal 0 0 0
outer loop
vertex 4.269543e+01 2.540000e+00 -9.211762e+00
vertex 4.273064e+01 2.540000e+00 -1.084666e+01
vertex 4.145701e+01 2.540000e+00 -1.020009e+01
endloop
endfacet
facet normal 0 0 0
outer loop
vertex 2.229030e+01 -2.538129e+00 -3.242305e+01
vertex 2.129674e+01 -2.540000e+00 -3.164657e+01
vertex 2.135629e+01 -2.540000e+00 -3.364015e+01
endloop
endfacet
facet normal 0 0 0
outer loop
vertex 2.229030e+01 -2.538129e+00 -3.242305e+01
vertex 2.135629e+01 -2.540000e+00 -3.364015e+01
vertex 2.340460e+01 -2.535614e+00 -3.306934e+01
endloop
endfacet
facet normal 0 0 0
outer loop
vertex 3.940953e+01 2.540000e+00 -1.163602e+01
vertex 3.792635e+01 2.540000e+00 -1.165436e+01
vertex 3.932067e+01 2.539125e+00 -1.009838e+01
endloop
endfacet
facet normal 0 0 0
outer loop
vertex 2.549052e+01 2.540000e+00 -1.820998e+01
vertex 2.647381e+01 2.540000e+00 -1.692932e+01
vertex 2.721930e+01 2.540000e+00 -1.824435e+01
endloop
endfacet
facet normal 0 0 0
outer loop
vertex 1.793804e+01 2.540000e+00 -1.884302e+01
vertex 1.703426e+01 2.540000e+00 -1.984298e+01
vertex 1.711909e+01 2.540000e+00 -1.802216e+01
endloop
endfacet
facet normal 0 0 0
outer loop
vertex 1.776432e+01 -2.540000e+00 -1.966374e+01
vertex 1.795516e+01 -2.540000e+00 -2.076089e+01
vertex 1.912602e+01 -2.540000e+00 -2.026657e+01
endloop
endfacet
facet normal 0 0 0
outer loop
vertex 2.823292e+01 -2.540000e+00 -3.229220e+00
vertex 2.893458e+01 -2.540000e+00 -1.914817e+00
vertex 2.710324e+01 -2.540000e+00 -1.759723e+00
endloop
endfacet
facet normal 0 0 0
outer loop
vertex 2.944131e+01 -2.391438e+00 -3.588397e+01
vertex 2.805884e+01 -2.531442e+00 -3.580647e+01
vertex 2.841997e+01 -2.387427e+00 -3.608633e+01
endloop
endfacet
facet normal 0 0 0
outer loop
vertex 9.192727e+00 2.540000e+00 -8.720344e+00
vertex 1.115445e+01 2.540000e+00 -9.883037e+00
vertex 9.104387e+00 2.540000e+00 -1.069790e+01
endloop
endfacet
facet normal 0 0 0
outer loop
vertex 2.674431e+01 -2.540000e+00 1.444788e+00
vertex 2.658888e+01 -2.540000e+00 2.325126e+00
vertex 2.552324e+01 -2.540000e+00 2.153054e+00
endloop
endfacet
facet normal 0 0 0
outer loop
vertex 5.344655e+00 -2.408424e+00 -2.019477e+01
vertex 5.737931e+00 -2.534211e+00 -2.058340e+01
vertex 5.565236e+00 -2.532826e+00 -1.961041e+01
endloop
endfacet
facet normal 0 0 0
outer loop
vertex 1.591534e+01 -2.540000e+00 -1.468567e+01
vertex 1.525559e+01 -2.540000e+00 -1.614627e+01
vertex 1.685124e+01 -2.540000e+00 -1.532641e+01
endloop
endfacet
facet normal 0 0 0
outer loop
vertex 6.765206e+00 2.540000e+00 -1.826014e+01
vertex 7.308739e+00 2.540000e+00 -1.966123e+01
vertex 6.263875e+00 2.540000e+00 -1.906734e+01
endloop
endfacet
facet normal 0 0 0
outer loop
vertex 6.765206e+00 2.540000e+00 -1.826014e+01
vertex 6.263875e+00 2.540000e+00 -1.906734e+01
vertex 5.489598e+00 2.540000e+00 -1.862525e+01
endloop
endfacet
facet normal 0 0 0
outer loop
vertex 1.278517e+01 -2.540000e+00 -2.077948e+01
vertex 1.336633e+01 -2.540000e+00 -2.206998e+01
vertex 1.464124e+01 -2.540000e+00 -2.109218e+01
endloop
endfacet
facet normal 0 0 0
outer loop
vertex 1.336633e+01 -2.540000e+00 -2.206998e+01
vertex 1.249335e+01 -2.540000e+00 -2.204651e+01
vertex 1.278685e+01 -2.540000e+00 -2.323842e+01
endloop
endfacet
facet normal 0 0 0
outer loop
vertex 1.086052e+01 2.540000e+00 -1.750061e+01
vertex 1.206562e+01 2.540000e+00 -1.690655e+01
vertex 1.208733e+01 2.540000e+00 -1.794096e+01
endloop
endfacet
facet normal 0 0 0
outer loop
vertex 1.139453e+01 2.540000e+00 -1.929867e+01
vertex 1.086052e+01 2.540000e+00 -1.750061e+01
vertex 1.208733e+01 2.540000e+00 -1.794096e+01
endloop
endfacet
facet normal 0 0 0
outer loop
vertex 1.347047e+01 2.540000e+00 -1.352282e+01
vertex 1.429338e+01 2.540000e+00 -1.458843e+01
vertex 1.329311e+01 2.540000e+00 -1.551508e+01
endloop
endfacet
facet normal 0 0 0
outer loop
vertex 1.535452e+01 2.540000e+00 -1.576994e+01
vertex 1.329311e+01 2.540000e+00 -1.551508e+01
vertex 1.429338e+01 2.540000e+00 -1.458843e+01
endloop
endfacet
facet normal 0 0 0
outer loop
vertex 1.641604e+01 -2.540000e+00 -2.127971e+01
vertex 1.776432e+01 -2.540000e+00 -1.966374e+01
vertex 1.576555e+01 -2.540000e+00 -2.005140e+01
endloop
endfacet
facet normal 0 0 0
outer loop
vertex 3.910988e+01 2.540000e+00 -2.332732e+00
vertex 3.998975e+01 2.531442e+00 -3.026559e+00
vertex 3.864759e+01 2.540000e+00 -3.357413e+00
endloop
endfacet
facet normal 0 0 0
outer loop
vertex 2.465326e+01 7.556091e-02 -3.691570e+01
vertex 2.391764e+01 -1.010349e+00 -3.670886e+01
vertex 2.366842e+01 3.778045e-02 -3.685323e+01
endloop
endfacet
facet normal 0 0 0
outer loop
vertex 3.258442e+01 2.540000e+00 -1.478450e+01
vertex 3.245403e+01 2.540000e+00 -1.716546e+01
vertex 3.134373e+01 2.540000e+00 -1.578284e+01
endloop
endfacet
facet normal 0 0 0
outer loop
vertex 2.391764e+01 -1.010349e+00 -3.670886e+01
vertex 2.483045e+01 -1.024597e+00 -3.675106e+01
vertex 2.509880e+01 -2.085889e+00 -3.655928e+01
endloop
endfacet
facet normal 0 0 0
outer loop
vertex 2.566768e+01 2.540000e+00 -9.045138e+00
vertex 2.557139e+01 2.540000e+00 -7.513062e+00
vertex 2.733422e+01 2.540000e+00 -7.444051e+00
endloop
endfacet
facet normal 0 0 0
outer loop
vertex 3.620732e+01 2.540000e+00 -2.294788e+01
vertex 3.550785e+01 2.540000e+00 -2.429846e+01
vertex 3.470473e+01 2.540000e+00 -2.245036e+01
endloop
endfacet
facet normal 0 0 0
outer loop
vertex 2.639750e+01 -2.540000e+00 -2.035319e+01
vertex 2.683748e+01 -2.540000e+00 -1.850169e+01
vertex 2.538692e+01 -2.540000e+00 -1.904607e+01
endloop
endfacet
facet normal 0 0 0
outer loop
vertex 2.585008e+01 1.011086e+00 4.378570e+00
vertex 2.479196e+01 5.309806e-02 4.580310e+00
vertex 2.660136e+01 -6.371675e-02 4.533658e+00
endloop
endfacet
facet normal 0 0 0
outer loop
vertex 1.588932e+01 2.540000e+00 -2.131930e+01
vertex 1.703426e+01 2.540000e+00 -1.984298e+01
vertex 1.721440e+01 2.540000e+00 -2.164513e+01
endloop
endfacet
facet normal 0 0 0
outer loop
vertex 1.268404e+01 -2.540000e+00 -9.106539e+00
vertex 1.129186e+01 -2.540000e+00 -7.811215e+00
vertex 1.062671e+01 -2.540000e+00 -9.837335e+00
endloop
endfacet
facet normal 0 0 0
outer loop
vertex 2.040975e+01 2.540000e+00 -2.757816e+00
vertex 2.133593e+01 2.540000e+00 -1.497509e+00
vertex 2.199768e+01 2.540000e+00 -2.640137e+00
endloop
endfacet
facet normal 0 0 0
outer loop
vertex 2.780638e+01 -2.540000e+00 -1.742386e+01
vertex 2.852786e+01 -2.540000e+00 -1.837876e+01
vertex 2.861996e+01 -2.540000e+00 -1.650987e+01
endloop
endfacet
facet normal 0 0 0
outer loop
vertex 2.861996e+01 -2.540000e+00 -1.650987e+01
vertex 2.702083e+01 -2.540000e+00 -1.605360e+01
vertex 2.780638e+01 -2.540000e+00 -1.742386e+01
endloop
endfacet
facet normal 0 0 0
outer loop
vertex 1.874789e+01 2.540000e+00 -6.162816e+00
vertex 1.770639e+01 2.540000e+00 -7.604042e+00
vertex 1.690945e+01 2.540000e+00 -6.284766e+00
endloop
endfacet
facet normal 0 0 0
outer loop
vertex 2.557139e+01 2.540000e+00 -7.513062e+00
vertex 2.433291e+01 2.540000e+00 -6.946666e+00
vertex 2.509358e+01 2.540000e+00 -5.510650e+00
endloop
endfacet
facet normal 0 0 0
outer loop
vertex 2.622698e+01 2.540000e+00 -6.146972e+00
vertex 2.557139e+01 2.540000e+00 -7.513062e+00
vertex 2.509358e+01 2.540000e+00 -5.510650e+00
endloop
endfacet
facet normal 0 0 0
outer loop
vertex 3.422101e+01 2.540000e+00 -3.975203e+00
vertex 3.536295e+01 2.540000e+00 -3.145026e+00
vertex 3.627340e+01 2.540000e+00 -5.219239e+00
endloop
endfacet
facet normal 0 0 0
outer loop
vertex 3.121000e+01 2.538064e+00 -1.042269e+01
vertex 3.123178e+01 2.540000e+00 -9.142227e+00
vertex 3.227160e+01 2.540000e+00 -1.069337e+01
endloop
endfacet
facet normal 0 0 0
outer loop
vertex 1.957920e+01 -2.540000e+00 1.357352e-01
vertex 1.787480e+01 -2.540000e+00 -1.989278e-01
vertex 1.914223e+01 -2.540000e+00 -2.062619e+00
endloop
endfacet
facet normal 0 0 0
outer loop
vertex 1.914223e+01 -2.540000e+00 -2.062619e+00
vertex 1.787480e+01 -2.540000e+00 -1.989278e-01
vertex 1.766758e+01 -2.540000e+00 -1.834706e+00
endloop
endfacet
facet normal 0 0 0
outer loop
vertex 1.840515e+01 2.540000e+00 -2.544350e+01
vertex 1.738344e+01 2.540000e+00 -2.660557e+01
vertex 1.668447e+01 2.540000e+00 -2.522149e+01
endloop
endfacet
facet normal 0 0 0
outer loop
vertex 3.689136e+01 2.540000e+00 -2.810828e+01
vertex 3.839100e+01 2.540000e+00 -2.735932e+01
vertex 3.833401e+01 2.540000e+00 -2.851359e+01
endloop
endfacet
facet normal 0 0 0
outer loop
vertex 9.192727e+00 2.540000e+00 -8.720344e+00
vertex 7.744798e+00 2.540000e+00 -8.654122e+00
vertex 8.260965e+00 2.540000e+00 -7.644338e+00
endloop
endfacet
facet normal 0 0 0
outer loop
vertex 3.689136e+01 2.540000e+00 -2.810828e+01
vertex 3.777452e+01 2.540000e+00 -2.622211e+01
vertex 3.839100e+01 2.540000e+00 -2.735932e+01
endloop
endfacet
facet normal 0 0 0
outer loop
vertex 3.544442e+01 -2.540000e+00 -1.966209e+01
vertex 3.410465e+01 -2.540000e+00 -2.066432e+01
vertex 3.526273e+01 -2.540000e+00 -2.103527e+01
endloop
endfacet
facet normal 0 0 0
outer loop
vertex 3.293121e+01 -2.540000e+00 -2.010551e+01
vertex 3.408734e+01 -2.540000e+00 -1.885453e+01
vertex 3.284721e+01 -2.541799e+00 -1.820998e+01
endloop
endfacet
facet normal 0 0 0
outer loop
vertex 2.530939e+01 -2.540000e+00 -1.407422e+01
vertex 2.467496e+01 -2.540000e+00 -1.269568e+01
vertex 2.342542e+01 -2.540000e+00 -1.302868e+01
endloop
endfacet
facet normal 0 0 0
outer loop
vertex 7.722681e+00 -2.540000e+00 -1.976568e+01
vertex 8.540651e+00 -2.540000e+00 -2.130654e+01
vertex 9.762565e+00 -2.540000e+00 -2.009475e+01
endloop
endfacet
facet normal 0 0 0
outer loop
vertex 3.038965e+01 -2.540000e+00 -6.666016e-02
vertex 2.864240e+01 -2.528656e+00 -1.153184e-02
vertex 2.893458e+01 -2.540000e+00 -1.914817e+00
endloop
endfacet
facet normal 0 0 0
outer loop
vertex 3.098674e+01 -2.540000e+00 -1.538406e+00
vertex 3.038965e+01 -2.540000e+00 -6.666016e-02
vertex 2.893458e+01 -2.540000e+00 -1.914817e+00
endloop
endfacet
facet normal 0 0 0
outer loop
vertex 2.384853e+01 1.042944e+00 4.359600e+00
vertex 2.363875e+01 -1.880118e-03 4.500191e+00
vertex 2.479196e+01 5.309806e-02 4.580310e+00
endloop
endfacet
facet normal 0 0 0
outer loop
vertex 1.500148e+01 2.540000e+00 -7.304081e-01
vertex 1.635381e+01 2.540000e+00 -2.944258e-01
vertex 1.597787e+01 2.540000e+00 -2.935624e+00
endloop
endfacet
facet normal 0 0 0
outer loop
vertex 3.534935e+01 -2.540000e+00 -1.526834e+01
vertex 3.325279e+01 -2.540000e+00 -1.534884e+01
vertex 3.502924e+01 -2.540000e+00 -1.648236e+01
endloop
endfacet
facet normal 0 0 0
outer loop
vertex 1.735138e+01 -2.540000e+00 -2.420808e+01
vertex 1.826789e+01 -2.540000e+00 -2.545854e+01
vertex 1.894849e+01 -2.540000e+00 -2.395618e+01
endloop
endfacet
facet normal 0 0 0
outer loop
vertex 2.078497e+01 -2.540000e+00 -1.113170e+00
vertex 1.957920e+01 -2.540000e+00 1.357352e-01
vertex 1.914223e+01 -2.540000e+00 -2.062619e+00
endloop
endfacet
facet normal 0 0 0
outer loop
vertex 4.043899e+01 -2.534081e+00 -2.360247e+01
vertex 3.908385e+01 -2.540000e+00 -2.287161e+01
vertex 3.944617e+01 -2.540000e+00 -2.461679e+01
endloop
endfacet
facet normal 0 0 0
outer loop
vertex 3.914204e+01 -2.540000e+00 -2.626190e+01
vertex 4.111631e+01 -2.540000e+00 -2.642356e+01
vertex 4.051143e+01 -2.540000e+00 -2.531818e+01
endloop
endfacet
facet normal 0 0 0
outer loop
vertex 1.793804e+01 2.540000e+00 -1.884302e+01
vertex 1.882103e+01 2.540000e+00 -1.967910e+01
vertex 1.703426e+01 2.540000e+00 -1.984298e+01
endloop
endfacet
facet normal 0 0 0
outer loop
vertex 3.134373e+01 2.540000e+00 -1.578284e+01
vertex 3.102941e+01 2.540000e+00 -1.441960e+01
vertex 3.258442e+01 2.540000e+00 -1.478450e+01
endloop
endfacet
facet normal 0 0 0
outer loop
vertex 2.109218e+01 2.540000e+00 -1.286430e+01
vertex 2.281856e+01 2.540000e+00 -1.292869e+01
vertex 2.150909e+01 2.540000e+00 -1.420424e+01
endloop
endfacet
facet normal 0 0 0
outer loop
vertex 4.072755e+01 -2.540000e+00 -1.634777e+01
vertex 3.950425e+01 -2.540000e+00 -1.681262e+01
vertex 4.097544e+01 -2.540000e+00 -1.791066e+01
endloop
endfacet
facet normal 0 0 0
outer loop
vertex 1.047707e+01 2.540000e+00 -2.091426e+01
vertex 1.009931e+01 2.540000e+00 -1.901683e+01
vertex 1.139453e+01 2.540000e+00 -1.929867e+01
endloop
endfacet
facet normal 0 0 0
outer loop
vertex 4.092416e+01 2.540000e+00 -1.643718e+01
vertex 3.897106e+01 2.540000e+00 -1.692346e+01
vertex 3.951344e+01 2.540000e+00 -1.526486e+01
endloop
endfacet
facet normal 0 0 0
outer loop
vertex 2.481579e+01 -2.540000e+00 -2.423630e+01
vertex 2.588004e+01 -2.540000e+00 -2.581326e+01
vertex 2.598520e+01 -2.540000e+00 -2.440416e+01
endloop
endfacet
facet normal 0 0 0
outer loop
vertex 2.481579e+01 -2.540000e+00 -2.423630e+01
vertex 2.598520e+01 -2.540000e+00 -2.440416e+01
vertex 2.603863e+01 -2.540000e+00 -2.330596e+01
endloop
endfacet
facet normal 0 0 0
outer loop
vertex 2.387776e+01 -2.540000e+00 -2.543073e+01
vertex 2.588004e+01 -2.540000e+00 -2.581326e+01
vertex 2.481579e+01 -2.540000e+00 -2.423630e+01
endloop
endfacet
facet normal 0 0 0
outer loop
vertex 2.286553e+01 -2.540000e+00 -3.981412e+00
vertex 2.162388e+01 -2.540000e+00 -5.663077e+00
vertex 2.300008e+01 -2.540000e+00 -6.345133e+00
endloop
endfacet
facet normal 0 0 0
outer loop
vertex 1.473999e+01 2.540000e+00 -3.037829e+01
vertex 1.454654e+01 2.540000e+00 -2.925811e+01
vertex 1.595325e+01 2.540000e+00 -2.892907e+01
endloop
endfacet
facet normal 0 0 0
outer loop
vertex 1.655401e+01 -2.540000e+00 -5.925846e+00
vertex 1.765507e+01 -2.540000e+00 -7.338877e+00
vertex 1.853466e+01 -2.540000e+00 -5.229502e+00
endloop
endfacet
facet normal 0 0 0
outer loop
vertex 3.399448e+01 2.540000e+00 -7.343060e+00
vertex 3.239032e+01 2.540000e+00 -8.258949e+00
vertex 3.213977e+01 2.540000e+00 -6.809781e+00
endloop
endfacet
facet normal 0 0 0
outer loop
vertex 2.144287e+01 2.540000e+00 -5.969211e+00
vertex 2.275761e+01 2.540000e+00 -4.741373e+00
vertex 2.336249e+01 2.540000e+00 -6.204656e+00
endloop
endfacet
facet normal 0 0 0
outer loop
vertex 2.381529e+01 -2.540000e+00 -2.793536e+01
vertex 2.450752e+01 -2.540000e+00 -2.686922e+01
vertex 2.280271e+01 -2.540000e+00 -2.755603e+01
endloop
endfacet
facet normal 0 0 0
outer loop
vertex 3.803496e+01 2.085889e+00 -4.051480e-01
vertex 3.710585e+01 9.079675e-01 5.670741e-01
vertex 3.804756e+01 8.660421e-01 -1.396857e-01
endloop
endfacet
facet normal 0 0 0
outer loop
vertex 3.971211e+01 -2.540000e+00 -7.108892e+00
vertex 4.049375e+01 -2.540000e+00 -5.626239e+00
vertex 3.909268e+01 -2.540000e+00 -5.946422e+00
endloop
endfacet
facet normal 0 0 0
outer loop
vertex 3.560733e+01 2.540000e+00 -3.007548e+01
vertex 3.351477e+01 2.540000e+00 -3.096588e+01
vertex 3.415983e+01 2.540000e+00 -2.933597e+01
endloop
endfacet
facet normal 0 0 0
outer loop
vertex 3.642765e+01 -2.085889e+00 -3.312271e+01
vertex 3.540131e+01 -1.033333e+00 -3.397684e+01
vertex 3.671231e+01 -1.136712e+00 -3.312853e+01
endloop
endfacet
facet normal 0 0 0
outer loop
vertex 1.515298e+01 2.540000e+00 -9.572822e+00
vertex 1.501653e+01 2.540000e+00 -1.073694e+01
vertex 1.377743e+01 2.540000e+00 -1.016952e+01
endloop
endfacet
facet normal 0 0 0
outer loop
vertex 1.599444e+01 2.540000e+00 -1.073418e+01
vertex 1.501653e+01 2.540000e+00 -1.073694e+01
vertex 1.515298e+01 2.540000e+00 -9.572822e+00
endloop
endfacet
facet normal 0 0 0
outer loop
vertex 3.319260e+01 -2.540000e+00 -2.944239e+01
vertex 3.448456e+01 -2.540000e+00 -3.069145e+01
vertex 3.527677e+01 -2.540000e+00 -2.934138e+01
endloop
endfacet
facet normal 0 0 0
outer loop
vertex 3.576403e+01 2.391438e+00 9.785176e-01
vertex 3.470126e+01 2.156511e+00 1.797047e+00
vertex 3.642765e+01 2.085889e+00 7.869148e-01
endloop
endfacet
facet normal 0 0 0
outer loop
vertex 3.433353e+01 -2.540000e+00 -2.405349e+01
vertex 3.325164e+01 -2.534220e+00 -2.555626e+01
vertex 3.509161e+01 -2.540000e+00 -2.611252e+01
endloop
endfacet
facet normal 0 0 0
outer loop
vertex 1.948493e+01 -2.540000e+00 -3.018390e+01
vertex 1.802752e+01 -2.540000e+00 -3.014545e+01
vertex 1.882334e+01 -2.540000e+00 -3.126653e+01
endloop
endfacet
facet normal 0 0 0
outer loop
vertex 1.797292e+01 -2.540000e+00 -1.798015e+01
vertex 1.581817e+01 -2.540000e+00 -1.832280e+01
vertex 1.776432e+01 -2.540000e+00 -1.966374e+01
endloop
endfacet
facet normal 0 0 0
outer loop
vertex 1.576555e+01 -2.540000e+00 -2.005140e+01
vertex 1.776432e+01 -2.540000e+00 -1.966374e+01
vertex 1.581817e+01 -2.540000e+00 -1.832280e+01
endloop
endfacet
facet normal 0 0 0
outer loop
vertex 3.789614e+01 -2.540000e+00 -2.494537e+01
vertex 3.944617e+01 -2.540000e+00 -2.461679e+01
vertex 3.766729e+01 -2.540000e+00 -2.350972e+01
endloop
endfacet
facet normal 0 0 0
outer loop
vertex 4.000347e+01 -2.540000e+00 -1.020020e+01
vertex 4.140054e+01 -2.540000e+00 -8.859741e+00
vertex 3.975803e+01 -2.540000e+00 -8.638933e+00
endloop
endfacet
facet normal 0 0 0
outer loop
vertex 2.159057e+01 -2.540000e+00 -2.190876e+01
vertex 2.176974e+01 -2.540000e+00 -2.387174e+01
vertex 2.284514e+01 -2.540000e+00 -2.274357e+01
endloop
endfacet
facet normal 0 0 0
outer loop
vertex 1.888490e+01 2.540000e+00 -1.777152e+01
vertex 1.768495e+01 2.540000e+00 -1.694982e+01
vertex 1.923426e+01 2.540000e+00 -1.593220e+01
endloop
endfacet
facet normal 0 0 0
outer loop
vertex 2.165330e+01 -2.540000e+00 -2.791175e+01
vertex 2.296392e+01 -2.540000e+00 -2.896563e+01
vertex 2.280271e+01 -2.540000e+00 -2.755603e+01
endloop
endfacet
facet normal 0 0 0
outer loop
vertex 1.995914e+01 -2.540000e+00 -3.210229e+01
vertex 1.948493e+01 -2.540000e+00 -3.018390e+01
vertex 1.882334e+01 -2.540000e+00 -3.126653e+01
endloop
endfacet
facet normal 0 0 0
outer loop
vertex 3.811163e+01 -2.540000e+00 -2.912778e+01
vertex 3.932597e+01 -2.527163e+00 -3.004214e+01
vertex 4.004465e+01 -2.522883e+00 -2.935769e+01
endloop
endfacet
facet normal 0 0 0
outer loop
vertex 1.888490e+01 2.540000e+00 -1.777152e+01
vertex 2.022290e+01 2.540000e+00 -1.725351e+01
vertex 2.018401e+01 2.540000e+00 -1.909634e+01
endloop
endfacet
facet normal 0 0 0
outer loop
vertex 2.302376e+01 -2.540000e+00 -1.661839e+01
vertex 2.142963e+01 -2.540000e+00 -1.711274e+01
vertex 2.267883e+01 -2.540000e+00 -1.816540e+01
endloop
endfacet
facet normal 0 0 0
outer loop
vertex 2.017720e+01 -2.540000e+00 -2.299612e+01
vertex 1.953791e+01 -2.540000e+00 -2.144690e+01
vertex 1.823059e+01 -2.540000e+00 -2.207724e+01
endloop
endfacet
facet normal 0 0 0
outer loop
vertex 2.210477e+01 -2.540000e+00 -2.077794e+01
vertex 2.159057e+01 -2.540000e+00 -2.190876e+01
vertex 2.284514e+01 -2.540000e+00 -2.274357e+01
endloop
endfacet
facet normal 0 0 0
outer loop
vertex 3.657060e+01 -2.540000e+00 -2.121132e+01
vertex 3.697217e+01 -2.540000e+00 -1.985401e+01
vertex 3.544442e+01 -2.540000e+00 -1.966209e+01
endloop
endfacet
facet normal 0 0 0
outer loop
vertex 1.253981e+01 -2.540000e+00 -2.481862e+01
vertex 1.278685e+01 -2.540000e+00 -2.323842e+01
vertex 1.111563e+01 -2.540000e+00 -2.420710e+01
endloop
endfacet
facet normal 0 0 0
outer loop
vertex 1.444523e+01 -2.540000e+00 -9.705505e+00
vertex 1.286180e+01 -2.540000e+00 -1.102769e+01
vertex 1.475496e+01 -2.540000e+00 -1.123170e+01
endloop
endfacet
facet normal 0 0 0
outer loop
vertex 2.648991e+01 2.540000e+00 1.606691e+00
vertex 2.739082e+01 2.540000e+00 2.588666e+00
vertex 2.786277e+01 2.540000e+00 1.833908e+00
endloop
endfacet
facet normal 0 0 0
outer loop
vertex 1.636982e+01 -2.540000e+00 -4.365974e+00
vertex 1.655401e+01 -2.540000e+00 -5.925846e+00
vertex 1.853466e+01 -2.540000e+00 -5.229502e+00
endloop
endfacet
facet normal 0 0 0
outer loop
vertex 3.653550e+01 2.540000e+00 -2.664825e+01
vertex 3.777452e+01 2.540000e+00 -2.622211e+01
vertex 3.689136e+01 2.540000e+00 -2.810828e+01
endloop
endfacet
facet normal 0 0 0
outer loop
vertex 3.653550e+01 2.540000e+00 -2.664825e+01
vertex 3.646494e+01 2.540000e+00 -2.552811e+01
vertex 3.777452e+01 2.540000e+00 -2.622211e+01
endloop
endfacet
facet normal 0 0 0
outer loop
vertex 1.515564e+01 -2.540000e+00 -2.637697e+01
vertex 1.481213e+01 -2.540000e+00 -2.492183e+01
vertex 1.372112e+01 -2.540000e+00 -2.583432e+01
endloop
endfacet
facet normal 0 0 0
outer loop
vertex 2.304683e+01 -2.540000e+00 -1.950376e+01
vertex 2.267883e+01 -2.540000e+00 -1.816540e+01
vertex 2.050172e+01 -2.540000e+00 -1.926406e+01
endloop
endfacet
facet normal 0 0 0
outer loop
vertex 3.319260e+01 -2.540000e+00 -2.944239e+01
vertex 3.261310e+01 -2.540000e+00 -3.170436e+01
vertex 3.448456e+01 -2.540000e+00 -3.069145e+01
endloop
endfacet
facet normal 0 0 0
outer loop
vertex 3.139929e+01 -2.540000e+00 -3.043023e+01
vertex 3.261310e+01 -2.540000e+00 -3.170436e+01
vertex 3.319260e+01 -2.540000e+00 -2.944239e+01
endloop
endfacet
facet normal 0 0 0
outer loop
vertex 2.060377e+01 -2.540000e+00 -2.626993e+01
vertex 1.981647e+01 -2.540000e+00 -2.758315e+01
vertex 2.165330e+01 -2.540000e+00 -2.791175e+01
endloop
endfacet
facet normal 0 0 0
outer loop
vertex 3.975803e+01 -2.540000e+00 -8.638933e+00
vertex 3.826954e+01 -2.540000e+00 -7.881556e+00
vertex 3.875174e+01 -2.540000e+00 -9.486845e+00
endloop
endfacet
facet normal 0 0 0
outer loop
vertex 3.811163e+01 -2.540000e+00 -2.912778e+01
vertex 3.658572e+01 -2.540000e+00 -2.821644e+01
vertex 3.698662e+01 -2.540000e+00 -3.021087e+01
endloop
endfacet
facet normal 0 0 0
outer loop
vertex 2.870597e+01 2.540000e+00 -3.368357e+01
vertex 2.753773e+01 2.540000e+00 -3.298666e+01
vertex 2.874559e+01 2.540000e+00 -3.264394e+01
endloop
endfacet
facet normal 0 0 0
outer loop
vertex 3.325996e+01 2.540000e+00 -5.180389e+00
vertex 3.422101e+01 2.540000e+00 -3.975203e+00
vertex 3.486833e+01 2.540000e+00 -6.201147e+00
endloop
endfacet
facet normal 0 0 0
outer loop
vertex 2.870597e+01 2.540000e+00 -3.368357e+01
vertex 2.874559e+01 2.540000e+00 -3.264394e+01
vertex 2.966011e+01 2.540000e+00 -3.291172e+01
endloop
endfacet
facet normal 0 0 0
outer loop
vertex 3.709071e+01 1.119646e+00 -3.286628e+01
vertex 3.627595e+01 1.178568e+00 -3.342090e+01
vertex 3.643939e+01 2.015267e+00 -3.314030e+01
endloop
endfacet
facet normal 0 0 0
outer loop
vertex 3.605677e+01 0.000000e+00 1.473740e+00
vertex 3.628041e+01 -9.934608e-01 1.119650e+00
vertex 3.705454e+01 -9.666810e-01 5.906926e-01
endloop
endfacet
facet normal 0 0 0
outer loop
vertex 3.495316e+01 -2.540000e+00 -3.892125e+00
vertex 3.528472e+01 -2.540000e+00 -5.653843e+00
vertex 3.649716e+01 -2.540000e+00 -4.840205e+00
endloop
endfacet
facet normal 0 0 0
outer loop
vertex 2.455061e+01 2.540000e+00 -2.495406e+01
vertex 2.567464e+01 2.540000e+00 -2.653653e+01
vertex 2.416806e+01 2.540000e+00 -2.631892e+01
endloop
endfacet
facet normal 0 0 0
outer loop
vertex 2.715957e+01 -2.540000e+00 -3.053930e+01
vertex 2.622416e+01 -2.533409e+00 -3.230210e+01
vertex 2.787079e+01 -2.540000e+00 -3.208577e+01
endloop
endfacet
facet normal 0 0 0
outer loop
vertex 2.864409e+01 -2.540000e+00 -3.092362e+01
vertex 2.715957e+01 -2.540000e+00 -3.053930e+01
vertex 2.787079e+01 -2.540000e+00 -3.208577e+01
endloop
endfacet
facet normal 0 0 0
outer loop
vertex 2.171595e+01 -2.540000e+00 -1.567548e+01
vertex 2.192400e+01 -2.540000e+00 -1.391679e+01
vertex 2.018497e+01 -2.540000e+00 -1.499162e+01
endloop
endfacet
facet normal 0 0 0
outer loop
vertex 2.722769e+01 -2.540000e+00 -1.265665e+01
vertex 2.733517e+01 -2.540000e+00 -1.425034e+01
vertex 2.876319e+01 -2.540000e+00 -1.254343e+01
endloop
endfacet
facet normal 0 0 0
outer loop
vertex 4.428738e+01 2.522883e+00 -2.156673e+01
vertex 4.463237e+01 2.015267e+00 -2.209334e+01
vertex 4.397093e+01 2.522883e+00 -2.250860e+01
endloop
endfacet
facet normal 0 0 0
outer loop
vertex 4.205362e+01 2.085889e+00 -4.839055e+00
vertex 4.206241e+01 9.672836e-01 -4.498923e+00
vertex 4.259565e+01 1.087355e+00 -5.362679e+00
endloop
endfacet
facet normal 0 0 0
outer loop
vertex 2.398167e+01 2.540000e+00 -3.250708e+01
vertex 2.248558e+01 2.540000e+00 -3.368459e+01
vertex 2.156247e+01 2.540000e+00 -3.191259e+01
endloop
endfacet
facet normal 0 0 0
outer loop
vertex 1.865262e+01 -2.540000e+00 -1.510796e+01
vertex 1.685124e+01 -2.540000e+00 -1.532641e+01
vertex 1.779681e+01 -2.540000e+00 -1.611990e+01
endloop
endfacet
facet normal 0 0 0
outer loop
vertex 2.419589e+01 2.540000e+00 -4.466941e+00
vertex 2.542890e+01 2.540000e+00 -3.331423e+00
vertex 2.509358e+01 2.540000e+00 -5.510650e+00
endloop
endfacet
facet normal 0 0 0
outer loop
vertex 2.542890e+01 2.540000e+00 -3.331423e+00
vertex 2.637061e+01 2.540000e+00 -4.553414e+00
vertex 2.509358e+01 2.540000e+00 -5.510650e+00
endloop
endfacet
facet normal 0 0 0
outer loop
vertex 3.778565e+01 2.540000e+00 -2.015432e+01
vertex 3.992599e+01 2.540000e+00 -1.929651e+01
vertex 3.958252e+01 2.540000e+00 -2.079082e+01
endloop
endfacet
facet normal 0 0 0
outer loop
vertex 3.077131e+01 -2.540000e+00 -7.960054e+00
vertex 2.984358e+01 -2.540000e+00 -6.951658e+00
vertex 2.941592e+01 -2.540000e+00 -8.590227e+00
endloop
endfacet
facet normal 0 0 0
outer loop
vertex 3.698662e+01 -2.540000e+00 -3.021087e+01
vertex 3.658572e+01 -2.540000e+00 -2.821644e+01
vertex 3.527677e+01 -2.540000e+00 -2.934138e+01
endloop
endfacet
facet normal 0 0 0
outer loop
vertex 2.601904e+01 -2.540000e+00 -2.342563e+00
vertex 2.513423e+01 -2.540000e+00 -3.395635e+00
vertex 2.689578e+01 -2.540000e+00 -3.075076e+00
endloop
endfacet
facet normal 0 0 0
outer loop
vertex 2.711416e+01 -2.540000e+00 -4.573390e+00
vertex 2.823292e+01 -2.540000e+00 -3.229220e+00
vertex 2.689578e+01 -2.540000e+00 -3.075076e+00
endloop
endfacet
facet normal 0 0 0
outer loop
vertex 2.673642e+01 -2.540000e+00 -1.050883e+01
vertex 2.617211e+01 -2.540000e+00 -9.457453e+00
vertex 2.472548e+01 -2.540000e+00 -9.790979e+00
endloop
endfacet
facet normal 0 0 0
outer loop
vertex 3.134373e+01 2.540000e+00 -1.578284e+01
vertex 3.245403e+01 2.540000e+00 -1.716546e+01
vertex 3.116015e+01 2.540000e+00 -1.692652e+01
endloop
endfacet
facet normal 0 0 0
outer loop
vertex 2.391764e+01 -1.010349e+00 -3.670886e+01
vertex 2.310010e+01 -2.085889e+00 -3.646109e+01
vertex 2.261174e+01 -7.331181e-02 -3.677305e+01
endloop
endfacet
facet normal 0 0 0
outer loop
vertex 2.310010e+01 -2.085889e+00 -3.646109e+01
vertex 2.391764e+01 -1.010349e+00 -3.670886e+01
vertex 2.509880e+01 -2.085889e+00 -3.655928e+01
endloop
endfacet
facet normal 0 0 0
outer loop
vertex 1.730345e+01 -2.156511e+00 -3.498755e+01
vertex 1.585324e+01 -2.373761e+00 -3.413271e+01
vertex 1.548637e+01 -2.085889e+00 -3.415149e+01
endloop
endfacet
facet normal 0 0 0
outer loop
vertex 1.783767e+01 -2.540000e+00 -2.725055e+01
vertex 1.872164e+01 -2.540000e+00 -2.863023e+01
vertex 1.981647e+01 -2.540000e+00 -2.758315e+01
endloop
endfacet
facet normal 0 0 0
outer loop
vertex 2.689578e+01 -2.540000e+00 -3.075076e+00
vertex 2.615082e+01 -2.540000e+00 -3.924282e+00
vertex 2.711416e+01 -2.540000e+00 -4.573390e+00
endloop
endfacet
facet normal 0 0 0
outer loop
vertex 1.783767e+01 -2.540000e+00 -2.725055e+01
vertex 1.981647e+01 -2.540000e+00 -2.758315e+01
vertex 1.907795e+01 -2.540000e+00 -2.652529e+01
endloop
endfacet
facet normal 0 0 0
outer loop
vertex 2.711416e+01 -2.540000e+00 -4.573390e+00
vertex 2.615082e+01 -2.540000e+00 -3.924282e+00
vertex 2.549391e+01 -2.540000e+00 -4.789322e+00
endloop
endfacet
facet normal 0 0 0
outer loop
vertex 1.048937e+01 2.540000e+00 -1.389008e+01
vertex 1.197375e+01 2.540000e+00 -1.449778e+01
vertex 1.114629e+01 2.540000e+00 -1.567864e+01
endloop
endfacet
facet normal 0 0 0
outer loop
vertex 9.621166e+00 2.540000e+00 -1.509890e+01
vertex 1.048937e+01 2.540000e+00 -1.389008e+01
vertex 1.114629e+01 2.540000e+00 -1.567864e+01
endloop
endfacet
facet normal 0 0 0
outer loop
vertex 7.597640e+00 2.540000e+00 -9.904349e+00
vertex 9.192727e+00 2.540000e+00 -8.720344e+00
vertex 9.104387e+00 2.540000e+00 -1.069790e+01
endloop
endfacet
facet normal 0 0 0
outer loop
vertex 1.375116e+01 2.540000e+00 -2.432986e+01
vertex 1.491937e+01 2.540000e+00 -2.582066e+01
vertex 1.300027e+01 2.540000e+00 -2.622374e+01
endloop
endfacet
facet normal 0 0 0
outer loop
vertex 4.393798e+01 -2.085889e+00 -2.397134e+01
vertex 4.390538e+01 -1.181028e+00 -2.445704e+01
vertex 4.432365e+01 -1.049877e+00 -2.349598e+01
endloop
endfacet
facet normal 0 0 0
outer loop
vertex 3.773195e+01 2.540000e+00 -4.757977e+00
vertex 3.864759e+01 2.540000e+00 -3.357413e+00
vertex 3.934779e+01 2.540000e+00 -4.601255e+00
endloop
endfacet
facet normal 0 0 0
outer loop
vertex 1.491937e+01 2.540000e+00 -2.582066e+01
vertex 1.375116e+01 2.540000e+00 -2.432986e+01
vertex 1.545836e+01 2.540000e+00 -2.410337e+01
endloop
endfacet
facet normal 0 0 0
outer loop
vertex 2.415683e+01 -2.540000e+00 -6.779760e-01
vertex 2.575233e+01 -2.540000e+00 -1.126284e+00
vertex 2.592826e+01 -2.540000e+00 4.180505e-01
endloop
endfacet
facet normal 0 0 0
outer loop
vertex 1.741412e+01 2.540000e+00 -2.369650e+01
vertex 1.668447e+01 2.540000e+00 -2.522149e+01
vertex 1.545836e+01 2.540000e+00 -2.410337e+01
endloop
endfacet
facet normal 0 0 0
outer loop
vertex 2.537553e+01 2.540000e+00 -3.461067e+01
vertex 2.608388e+01 2.535721e+00 -3.594252e+01
vertex 2.461034e+01 2.533581e+00 -3.593682e+01
endloop
endfacet
facet normal 0 0 0
outer loop
vertex 3.446011e+01 -2.540000e+00 -3.350322e+01
vertex 3.422586e+01 -2.368127e+00 -3.419759e+01
vertex 3.510027e+01 -2.401966e+00 -3.367899e+01
endloop
endfacet
facet normal 0 0 0
outer loop
vertex 3.470126e+01 2.156511e+00 1.797047e+00
vertex 3.425659e+01 2.391438e+00 1.826726e+00
vertex 3.381208e+01 1.868319e+00 2.294717e+00
endloop
endfacet
facet normal 0 0 0
outer loop
vertex 1.209243e+01 2.540000e+00 -2.392650e+01
vertex 1.375116e+01 2.540000e+00 -2.432986e+01
vertex 1.179070e+01 2.540000e+00 -2.509286e+01
endloop
endfacet
facet normal 0 0 0
outer loop
vertex 2.710324e+01 -2.540000e+00 -1.759723e+00
vertex 2.601904e+01 -2.540000e+00 -2.342563e+00
vertex 2.689578e+01 -2.540000e+00 -3.075076e+00
endloop
endfacet
facet normal 0 0 0
outer loop
vertex 2.979500e+01 2.540000e+00 -3.462569e+00
vertex 3.128631e+01 2.540000e+00 -4.843923e+00
vertex 2.936626e+01 2.540000e+00 -4.661295e+00
endloop
endfacet
facet normal 0 0 0
outer loop
vertex 1.708793e+01 2.540000e+00 -3.353803e+01
vertex 1.794520e+01 2.540000e+00 -3.339004e+01
vertex 1.744927e+01 2.540000e+00 -3.447256e+01
endloop
endfacet
facet normal 0 0 0
outer loop
vertex 2.101577e+01 2.540000e+00 -2.428426e+01
vertex 2.046703e+01 2.540000e+00 -2.303971e+01
vertex 2.202393e+01 2.540000e+00 -2.308961e+01
endloop
endfacet
facet normal 0 0 0
outer loop
vertex 1.610251e+01 2.540000e+00 -2.686386e+01
vertex 1.668447e+01 2.540000e+00 -2.522149e+01
vertex 1.738344e+01 2.540000e+00 -2.660557e+01
endloop
endfacet
facet normal 0 0 0
outer loop
vertex 1.890878e+01 2.540000e+00 -4.831965e+00
vertex 2.035445e+01 2.540000e+00 -4.860703e+00
vertex 1.874789e+01 2.540000e+00 -6.162816e+00
endloop
endfacet
facet normal 0 0 0
outer loop
vertex 1.615211e+01 -9.704314e-01 -3.470164e+01
vertex 1.730345e+01 -2.156511e+00 -3.498755e+01
vertex 1.548637e+01 -2.085889e+00 -3.415149e+01
endloop
endfacet
facet normal 0 0 0
outer loop
vertex 1.874789e+01 2.540000e+00 -6.162816e+00
vertex 1.757975e+01 2.540000e+00 -4.903343e+00
vertex 1.890878e+01 2.540000e+00 -4.831965e+00
endloop
endfacet
facet normal 0 0 0
outer loop
vertex 3.447646e+01 -2.540000e+00 -4.564837e-01
vertex 3.312295e+01 -2.540000e+00 -1.297118e+00
vertex 3.488216e+01 -2.540000e+00 -1.786750e+00
endloop
endfacet
facet normal 0 0 0
outer loop
vertex 3.692921e+01 -2.540000e+00 -1.481960e+01
vertex 3.703059e+01 -2.540000e+00 -1.659924e+01
vertex 3.858859e+01 -2.540000e+00 -1.566910e+01
endloop
endfacet
facet normal 0 0 0
outer loop
vertex 2.566768e+01 2.540000e+00 -9.045138e+00
vertex 2.551570e+01 2.540000e+00 -1.130147e+01
vertex 2.413561e+01 2.540000e+00 -9.917382e+00
endloop
endfacet
facet normal 0 0 0
outer loop
vertex 2.098284e+01 2.540000e+00 -9.308903e+00
vertex 2.146180e+01 2.540000e+00 -1.155781e+01
vertex 2.038639e+01 2.540000e+00 -1.045159e+01
endloop
endfacet
facet normal 0 0 0
outer loop
vertex 1.873905e+01 2.540000e+00 -2.724105e+01
vertex 1.979506e+01 2.540000e+00 -2.814083e+01
vertex 1.876086e+01 2.540000e+00 -2.919141e+01
endloop
endfacet
facet normal 0 0 0
outer loop
vertex 2.146180e+01 2.540000e+00 -1.155781e+01
vertex 2.098284e+01 2.540000e+00 -9.308903e+00
vertex 2.241420e+01 2.540000e+00 -9.449480e+00
endloop
endfacet
facet normal 0 0 0
outer loop
vertex 1.849032e+01 2.540000e+00 -8.986346e-01
vertex 1.892096e+01 2.540000e+00 -1.898559e+00
vertex 1.738629e+01 2.540000e+00 -1.721898e+00
endloop
endfacet
facet normal 0 0 0
outer loop
vertex 3.728370e+01 2.540000e+00 -1.654313e+00
vertex 3.762709e+01 2.540000e+00 -2.651666e+00
vertex 3.602579e+01 2.540000e+00 -1.932739e+00
endloop
endfacet
facet normal 0 0 0
outer loop
vertex 3.709059e+01 2.531442e+00 -3.365355e-01
vertex 3.728370e+01 2.540000e+00 -1.654313e+00
vertex 3.602579e+01 2.540000e+00 -1.932739e+00
endloop
endfacet
facet normal 0 0 0
outer loop
vertex 3.098377e+01 2.540000e+00 -3.319746e+01
vertex 2.966011e+01 2.540000e+00 -3.291172e+01
vertex 3.042757e+01 2.540000e+00 -3.196540e+01
endloop
endfacet
facet normal 0 0 0
outer loop
vertex 3.279552e+01 -2.540000e+00 -1.214920e+01
vertex 3.390819e+01 -2.540000e+00 -1.299838e+01
vertex 3.416699e+01 -2.540000e+00 -1.111747e+01
endloop
endfacet
facet normal 0 0 0
outer loop
vertex 2.811260e+01 -2.540000e+00 1.636482e+00
vertex 2.864240e+01 -2.528656e+00 -1.153184e-02
vertex 2.963279e+01 -2.540000e+00 1.005913e+00
endloop
endfacet
facet normal 0 0 0
outer loop
vertex 6.055661e+00 1.125952e+00 -2.393648e+01
vertex 5.718644e+00 1.115292e+00 -2.300024e+01
vertex 6.279154e+00 2.156511e+00 -2.396325e+01
endloop
endfacet
facet normal 0 0 0
outer loop
vertex 5.718644e+00 1.115292e+00 -2.300024e+01
vertex 5.942426e+00 2.156511e+00 -2.302216e+01
vertex 6.279154e+00 2.156511e+00 -2.396325e+01
endloop
endfacet
facet normal 0 0 0
outer loop
vertex 1.927413e+01 -2.540000e+00 -1.855482e+01
vertex 1.898487e+01 -2.540000e+00 -1.684427e+01
vertex 1.797292e+01 -2.540000e+00 -1.798015e+01
endloop
endfacet
facet normal 0 0 0
outer loop
vertex 2.546799e+01 2.540000e+00 -2.809711e+01
vertex 2.417034e+01 2.540000e+00 -2.788159e+01
vertex 2.567464e+01 2.540000e+00 -2.653653e+01
endloop
endfacet
facet normal 0 0 0
outer loop
vertex 1.419980e+01 -2.397151e+00 -3.315137e+01
vertex 1.474289e+01 -2.531442e+00 -3.311459e+01
vertex 1.396224e+01 -2.540000e+00 -3.249384e+01
endloop
endfacet
facet normal 0 0 0
outer loop
vertex 3.885345e+01 2.540000e+00 -2.212970e+01
vertex 3.733564e+01 2.540000e+00 -2.176061e+01
vertex 3.778565e+01 2.540000e+00 -2.015432e+01
endloop
endfacet
facet normal 0 0 0
outer loop
vertex 4.269543e+01 2.540000e+00 -9.211762e+00
vertex 4.338749e+01 2.540000e+00 -8.992544e+00
vertex 4.392501e+01 2.531442e+00 -9.842630e+00
endloop
endfacet
facet normal 0 0 0
outer loop
vertex 6.814417e+00 7.145235e-02 -6.362993e+00
vertex 6.494459e+00 1.078255e+00 -7.444568e+00
vertex 6.332569e+00 -6.738596e-03 -7.331103e+00
endloop
endfacet
facet normal 0 0 0
outer loop
vertex 3.121126e+01 2.536128e+00 -1.168352e+01
vertex 2.956952e+01 2.535786e+00 -1.004166e+01
vertex 3.121000e+01 2.538064e+00 -1.042269e+01
endloop
endfacet
facet normal 0 0 0
outer loop
vertex 2.939988e+01 2.540000e+00 -1.179507e+01
vertex 2.956952e+01 2.535786e+00 -1.004166e+01
vertex 3.121126e+01 2.536128e+00 -1.168352e+01
endloop
endfacet
facet normal 0 0 0
outer loop
vertex 2.969607e+01 2.540000e+00 -2.644892e+01
vertex 2.971023e+01 2.540000e+00 -2.832739e+01
vertex 2.827303e+01 2.540000e+00 -2.733450e+01
endloop
endfacet
facet normal 0 0 0
outer loop
vertex 2.290715e+01 -2.540000e+00 -1.951908e+00
vertex 2.415683e+01 -2.540000e+00 -6.779760e-01
vertex 2.296034e+01 -2.540000e+00 -1.439825e-01
endloop
endfacet
facet normal 0 0 0
outer loop
vertex 3.858859e+01 -2.540000e+00 -1.566910e+01
vertex 4.042171e+01 -2.540000e+00 -1.500399e+01
vertex 3.987290e+01 -2.540000e+00 -1.416932e+01
endloop
endfacet
facet normal 0 0 0
outer loop
vertex 3.121126e+01 2.536128e+00 -1.168352e+01
vertex 3.121000e+01 2.538064e+00 -1.042269e+01
vertex 3.227160e+01 2.540000e+00 -1.069337e+01
endloop
endfacet
facet normal 0 0 0
outer loop
vertex 1.473269e+01 2.540000e+00 -5.349655e+00
vertex 1.597599e+01 2.540000e+00 -4.834741e+00
vertex 1.508922e+01 2.540000e+00 -6.679193e+00
endloop
endfacet
facet normal 0 0 0
outer loop
vertex 1.706445e+01 -2.540000e+00 -1.337971e+01
vertex 1.591534e+01 -2.540000e+00 -1.468567e+01
vertex 1.685124e+01 -2.540000e+00 -1.532641e+01
endloop
endfacet
facet normal 0 0 0
outer loop
vertex 2.827303e+01 2.540000e+00 -2.733450e+01
vertex 2.824619e+01 2.540000e+00 -2.531425e+01
vertex 2.969607e+01 2.540000e+00 -2.644892e+01
endloop
endfacet
facet normal 0 0 0
outer loop
vertex 2.787079e+01 -2.540000e+00 -3.208577e+01
vertex 2.622416e+01 -2.533409e+00 -3.230210e+01
vertex 2.712759e+01 -2.540000e+00 -3.314364e+01
endloop
endfacet
facet normal 0 0 0
outer loop
vertex 2.988221e+01 -2.540000e+00 -1.563277e+01
vertex 2.910048e+01 -2.540000e+00 -1.445299e+01
vertex 2.861996e+01 -2.540000e+00 -1.650987e+01
endloop
endfacet
facet normal 0 0 0
outer loop
vertex 2.967748e+01 2.510621e+00 -3.557130e+01
vertex 2.918200e+01 2.525310e+00 -3.466916e+01
vertex 2.990256e+01 2.540000e+00 -3.412648e+01
endloop
endfacet
facet normal 0 0 0
outer loop
vertex 4.259565e+01 1.087355e+00 -5.362679e+00
vertex 4.206241e+01 9.672836e-01 -4.498923e+00
vertex 4.300008e+01 0.000000e+00 -5.639423e+00
endloop
endfacet
facet normal 0 0 0
outer loop
vertex 1.304226e+01 -2.540000e+00 -1.259209e+01
vertex 1.260415e+01 -2.540000e+00 -1.410619e+01
vertex 1.472994e+01 -2.540000e+00 -1.416512e+01
endloop
endfacet
facet normal 0 0 0
outer loop
vertex 1.504321e+01 -2.540000e+00 -1.276276e+01
vertex 1.304226e+01 -2.540000e+00 -1.259209e+01
vertex 1.472994e+01 -2.540000e+00 -1.416512e+01
endloop
endfacet
facet normal 0 0 0
outer loop
vertex 1.121554e+01 -2.540000e+00 -4.280041e+00
vertex 1.033973e+01 -2.540000e+00 -4.000985e+00
vertex 1.006658e+01 -2.540000e+00 -4.827890e+00
endloop
endfacet
facet normal 0 0 0
outer loop
vertex 2.409119e+01 -2.540000e+00 -1.175387e+01
vertex 2.472548e+01 -2.540000e+00 -9.790979e+00
vertex 2.340064e+01 -2.540000e+00 -1.044930e+01
endloop
endfacet
facet normal 0 0 0
outer loop
vertex 2.039503e+01 -2.540000e+00 -1.290286e+01
vertex 2.192400e+01 -2.540000e+00 -1.391679e+01
vertex 2.204236e+01 -2.540000e+00 -1.261404e+01
endloop
endfacet
facet normal 0 0 0
outer loop
vertex 4.309495e+01 1.053559e+00 -6.193312e+00
vertex 4.308239e+01 2.085889e+00 -6.555469e+00
vertex 4.257496e+01 1.864065e+00 -5.612447e+00
endloop
endfacet
facet normal 0 0 0
outer loop
vertex 1.548431e+01 2.540000e+00 -3.266809e+01
vertex 1.543851e+01 2.540000e+00 -3.176640e+01
vertex 1.695299e+01 2.540000e+00 -3.237394e+01
endloop
endfacet
facet normal 0 0 0
outer loop
vertex 4.236781e+01 -2.540000e+00 -1.674656e+01
vertex 4.097544e+01 -2.540000e+00 -1.791066e+01
vertex 4.245246e+01 -2.540000e+00 -1.811808e+01
endloop
endfacet
facet normal 0 0 0
outer loop
vertex 3.369394e+01 -2.540000e+00 -1.725633e+01
vertex 3.502924e+01 -2.540000e+00 -1.648236e+01
vertex 3.325279e+01 -2.540000e+00 -1.534884e+01
endloop
endfacet
facet normal 0 0 0
outer loop
vertex 3.745833e+01 2.540000e+00 -3.055659e+01
vertex 3.691516e+01 2.540000e+00 -2.935983e+01
vertex 3.818419e+01 2.540000e+00 -2.986838e+01
endloop
endfacet
facet normal 0 0 0
outer loop
vertex 2.983503e+01 -2.540000e+00 -1.317917e+01
vertex 3.108860e+01 -2.540000e+00 -1.419527e+01
vertex 3.113117e+01 -2.540000e+00 -1.258667e+01
endloop
endfacet
facet normal 0 0 0
outer loop
vertex 3.839071e+01 2.538257e+00 -1.412582e+01
vertex 3.673607e+01 2.540000e+00 -1.328284e+01
vertex 3.804696e+01 2.540000e+00 -1.285509e+01
endloop
endfacet
facet normal 0 0 0
outer loop
vertex 3.839071e+01 2.538257e+00 -1.412582e+01
vertex 3.804696e+01 2.540000e+00 -1.285509e+01
vertex 3.895644e+01 2.540000e+00 -1.264674e+01
endloop
endfacet
facet normal 0 0 0
outer loop
vertex 3.152049e+01 -2.540000e+00 -1.142071e+01
vertex 3.273262e+01 -2.540000e+00 -1.041461e+01
vertex 3.107601e+01 -2.540000e+00 -9.930810e+00
endloop
endfacet
facet normal 0 0 0
outer loop
vertex 1.321006e+01 -2.540000e+00 -1.898066e+01
vertex 1.464719e+01 -2.540000e+00 -1.908810e+01
vertex 1.419589e+01 -2.540000e+00 -1.784342e+01
endloop
endfacet
facet normal 0 0 0
outer loop
vertex 3.696551e+01 -2.540000e+00 -1.269096e+01
vertex 3.816478e+01 -2.540000e+00 -1.084481e+01
vertex 3.639950e+01 -2.540000e+00 -1.103600e+01
endloop
endfacet
facet normal 0 0 0
outer loop
vertex 3.275545e+01 2.540000e+00 -3.347209e+01
vertex 3.158802e+01 2.540000e+00 -3.407404e+01
vertex 3.215521e+01 2.540000e+00 -3.234623e+01
endloop
endfacet
facet normal 0 0 0
outer loop
vertex 3.803496e+01 2.085889e+00 -4.051480e-01
vertex 3.642765e+01 2.085889e+00 7.869148e-01
vertex 3.710585e+01 9.079675e-01 5.670741e-01
endloop
endfacet
facet normal 0 0 0
outer loop
vertex 3.710585e+01 9.079675e-01 5.670741e-01
vertex 3.642765e+01 2.085889e+00 7.869148e-01
vertex 3.631809e+01 1.085137e+00 1.075209e+00
endloop
endfacet
facet normal 0 0 0
outer loop
vertex 2.590552e+01 -2.540000e+00 -1.534884e+01
vertex 2.442658e+01 -2.540000e+00 -1.550562e+01
vertex 2.506613e+01 -2.540000e+00 -1.666359e+01
endloop
endfacet
facet normal 0 0 0
outer loop
vertex 3.258442e+01 2.540000e+00 -1.478450e+01
vertex 3.361627e+01 2.540000e+00 -1.381668e+01
vertex 3.388358e+01 2.540000e+00 -1.611345e+01
endloop
endfacet
facet normal 0 0 0
outer loop
vertex 3.163955e+01 2.540000e+00 -1.324073e+01
vertex 3.121126e+01 2.536128e+00 -1.168352e+01
vertex 3.246179e+01 2.540000e+00 -1.219778e+01
endloop
endfacet
facet normal 0 0 0
outer loop
vertex 3.361627e+01 2.540000e+00 -1.381668e+01
vertex 3.491998e+01 2.540000e+00 -1.486044e+01
vertex 3.388358e+01 2.540000e+00 -1.611345e+01
endloop
endfacet
facet normal 0 0 0
outer loop
vertex 4.582901e+01 2.331216e-02 -1.506592e+01
vertex 4.551133e+01 2.015267e+00 -1.616790e+01
vertex 4.558448e+01 1.236683e+00 -1.466563e+01
endloop
endfacet
facet normal 0 0 0
outer loop
vertex 3.733564e+01 2.540000e+00 -2.176061e+01
vertex 3.766570e+01 2.540000e+00 -2.406599e+01
vertex 3.620732e+01 2.540000e+00 -2.294788e+01
endloop
endfacet
facet normal 0 0 0
outer loop
vertex 2.888359e+01 2.540000e+00 -6.154752e+00
vertex 2.944518e+01 2.540000e+00 -7.864037e+00
vertex 2.733422e+01 2.540000e+00 -7.444051e+00
endloop
endfacet
facet normal 0 0 0
outer loop
vertex 2.648991e+01 2.540000e+00 1.606691e+00
vertex 2.755682e+01 2.540000e+00 1.102503e+00
vertex 2.582964e+01 2.540000e+00 1.263955e-01
endloop
endfacet
facet normal 0 0 0
outer loop
vertex 1.120936e+01 1.074316e+00 -3.132632e+01
vertex 1.170680e+01 0.000000e+00 -3.204111e+01
vertex 1.032707e+01 3.372902e-02 -3.075007e+01
endloop
endfacet
facet normal 0 0 0
outer loop
vertex 1.472994e+01 -2.540000e+00 -1.416512e+01
vertex 1.260415e+01 -2.540000e+00 -1.410619e+01
vertex 1.376795e+01 -2.540000e+00 -1.523309e+01
endloop
endfacet
facet normal 0 0 0
outer loop
vertex 2.597969e+01 -2.540000e+00 -1.752167e+01
vertex 2.506613e+01 -2.540000e+00 -1.666359e+01
vertex 2.419464e+01 -2.540000e+00 -1.811201e+01
endloop
endfacet
facet normal 0 0 0
outer loop
vertex 3.697217e+01 -2.540000e+00 -1.985401e+01
vertex 3.869070e+01 -2.540000e+00 -1.918443e+01
vertex 3.673905e+01 -2.540000e+00 -1.837146e+01
endloop
endfacet
facet normal 0 0 0
outer loop
vertex 2.415037e+01 -2.540000e+00 -2.027167e+01
vertex 2.419464e+01 -2.540000e+00 -1.811201e+01
vertex 2.304683e+01 -2.540000e+00 -1.950376e+01
endloop
endfacet
facet normal 0 0 0
outer loop
vertex 2.284514e+01 -2.540000e+00 -2.274357e+01
vertex 2.383241e+01 -2.540000e+00 -2.350032e+01
vertex 2.462513e+01 -2.540000e+00 -2.241553e+01
endloop
endfacet
facet normal 0 0 0
outer loop
vertex 3.928339e+01 -2.540000e+00 -4.176592e+00
vertex 4.049375e+01 -2.540000e+00 -5.626239e+00
vertex 4.058864e+01 -2.531442e+00 -4.682867e+00
endloop
endfacet
facet normal 0 0 0
outer loop
vertex 1.822551e+01 2.540000e+00 -2.071558e+01
vertex 1.721440e+01 2.540000e+00 -2.164513e+01
vertex 1.703426e+01 2.540000e+00 -1.984298e+01
endloop
endfacet
facet normal 0 0 0
outer loop
vertex 2.004412e+01 2.540000e+00 -2.621893e+01
vertex 1.840515e+01 2.540000e+00 -2.544350e+01
vertex 1.935258e+01 2.540000e+00 -2.401501e+01
endloop
endfacet
facet normal 0 0 0
outer loop
vertex 4.309354e+01 2.540000e+00 -1.661546e+01
vertex 4.196664e+01 2.540000e+00 -1.548567e+01
vertex 4.306370e+01 2.540000e+00 -1.449215e+01
endloop
endfacet
facet normal 0 0 0
outer loop
vertex 4.309354e+01 2.540000e+00 -1.661546e+01
vertex 4.306370e+01 2.540000e+00 -1.449215e+01
vertex 4.487959e+01 2.540282e+00 -1.567433e+01
endloop
endfacet
facet normal 0 0 0
outer loop
vertex 3.908385e+01 -2.540000e+00 -2.287161e+01
vertex 3.808109e+01 -2.540000e+00 -2.129415e+01
vertex 3.766729e+01 -2.540000e+00 -2.350972e+01
endloop
endfacet
facet normal 0 0 0
outer loop
vertex 2.589998e+01 -2.540000e+00 -2.782058e+01
vertex 2.450752e+01 -2.540000e+00 -2.686922e+01
vertex 2.462400e+01 -2.540000e+00 -2.880527e+01
endloop
endfacet
facet normal 0 0 0
outer loop
vertex 3.972322e+01 -2.540000e+00 -1.822301e+01
vertex 4.053448e+01 -2.540000e+00 -1.992958e+01
vertex 4.097544e+01 -2.540000e+00 -1.791066e+01
endloop
endfacet
facet normal 0 0 0
outer loop
vertex 2.302376e+01 -2.540000e+00 -1.661839e+01
vertex 2.267883e+01 -2.540000e+00 -1.816540e+01
vertex 2.419464e+01 -2.540000e+00 -1.811201e+01
endloop
endfacet
facet normal 0 0 0
outer loop
vertex 1.545836e+01 2.540000e+00 -2.410337e+01
vertex 1.639839e+01 2.540000e+00 -2.298698e+01
vertex 1.741412e+01 2.540000e+00 -2.369650e+01
endloop
endfacet
facet normal 0 0 0
outer loop
vertex 2.983651e+01 2.540000e+00 -1.709267e+01
vertex 3.134373e+01 2.540000e+00 -1.578284e+01
vertex 3.116015e+01 2.540000e+00 -1.692652e+01
endloop
endfacet
facet normal 0 0 0
outer loop
vertex 3.408734e+01 -2.540000e+00 -1.885453e+01
vertex 3.544442e+01 -2.540000e+00 -1.966209e+01
vertex 3.522779e+01 -2.540000e+00 -1.801314e+01
endloop
endfacet
facet normal 0 0 0
outer loop
vertex 3.488216e+01 -2.540000e+00 -1.786750e+00
vertex 3.312295e+01 -2.540000e+00 -1.297118e+00
vertex 3.367775e+01 -2.540000e+00 -2.984055e+00
endloop
endfacet
facet normal 0 0 0
outer loop
vertex 1.876086e+01 2.540000e+00 -2.919141e+01
vertex 1.725743e+01 2.540000e+00 -2.815055e+01
vertex 1.873905e+01 2.540000e+00 -2.724105e+01
endloop
endfacet
facet normal 0 0 0
outer loop
vertex 2.844292e+01 2.540000e+00 6.028581e-01
vertex 2.765473e+01 2.540000e+00 -3.612734e-01
vertex 2.755682e+01 2.540000e+00 1.102503e+00
endloop
endfacet
facet normal 0 0 0
outer loop
vertex 2.038639e+01 2.540000e+00 -1.045159e+01
vertex 2.146180e+01 2.540000e+00 -1.155781e+01
vertex 2.006723e+01 2.540000e+00 -1.160454e+01
endloop
endfacet
facet normal 0 0 0
outer loop
vertex 3.010513e+01 -2.540000e+00 -1.707940e+01
vertex 2.986286e+01 -2.540000e+00 -1.882593e+01
vertex 3.112113e+01 -2.540000e+00 -1.869248e+01
endloop
endfacet
facet normal 0 0 0
outer loop
vertex 3.544442e+01 -2.540000e+00 -1.966209e+01
vertex 3.673905e+01 -2.540000e+00 -1.837146e+01
vertex 3.522779e+01 -2.540000e+00 -1.801314e+01
endloop
endfacet
facet normal 0 0 0
outer loop
vertex 3.544442e+01 -2.540000e+00 -1.966209e+01
vertex 3.697217e+01 -2.540000e+00 -1.985401e+01
vertex 3.673905e+01 -2.540000e+00 -1.837146e+01
endloop
endfacet
facet normal 0 0 0
outer loop
vertex 1.439563e+01 -1.046825e+00 -3.372908e+01
vertex 1.504867e+01 2.673241e-02 -3.433442e+01
vertex 1.548637e+01 -2.085889e+00 -3.415149e+01
endloop
endfacet
facet normal 0 0 0
outer loop
vertex 1.615211e+01 -9.704314e-01 -3.470164e+01
vertex 1.548637e+01 -2.085889e+00 -3.415149e+01
vertex 1.504867e+01 2.673241e-02 -3.433442e+01
endloop
endfacet
facet normal 0 0 0
outer loop
vertex 3.911804e+01 -2.540000e+00 -1.276633e+01
vertex 4.054197e+01 -2.540000e+00 -1.327687e+01
vertex 4.057816e+01 -2.540000e+00 -1.190173e+01
endloop
endfacet
facet normal 0 0 0
outer loop
vertex 3.911804e+01 -2.540000e+00 -1.276633e+01
vertex 3.987290e+01 -2.540000e+00 -1.416932e+01
vertex 4.054197e+01 -2.540000e+00 -1.327687e+01
endloop
endfacet
facet normal 0 0 0
outer loop
vertex 2.855701e+01 2.540000e+00 -1.720475e+01
vertex 2.957562e+01 2.540000e+00 -1.846605e+01
vertex 2.842848e+01 2.540000e+00 -1.819200e+01
endloop
endfacet
facet normal 0 0 0
outer loop
vertex 1.204807e+01 -2.540000e+00 -1.824550e+01
vertex 1.109857e+01 -2.540000e+00 -1.622927e+01
vertex 1.061756e+01 -2.540000e+00 -1.790233e+01
endloop
endfacet
facet normal 0 0 0
outer loop
vertex 3.401687e+01 2.540000e+00 3.784854e-02
vertex 3.283566e+01 2.540000e+00 -9.709411e-01
vertex 3.217768e+01 2.540000e+00 7.532951e-01
endloop
endfacet
facet normal 0 0 0
outer loop
vertex 1.224497e+01 -2.540000e+00 -1.529256e+01
vertex 1.260415e+01 -2.540000e+00 -1.410619e+01
vertex 1.052125e+01 -2.540000e+00 -1.429654e+01
endloop
endfacet
facet normal 0 0 0
outer loop
vertex 3.975121e+01 2.540000e+00 -2.361015e+01
vertex 4.079478e+01 2.540000e+00 -2.245236e+01
vertex 4.094223e+01 2.540000e+00 -2.413136e+01
endloop
endfacet
facet normal 0 0 0
outer loop
vertex 3.703578e+01 2.540000e+00 -1.732565e+01
vertex 3.643466e+01 2.540000e+00 -1.874144e+01
vertex 3.513863e+01 2.540000e+00 -1.728828e+01
endloop
endfacet
facet normal 0 0 0
outer loop
vertex 2.328288e+01 2.540000e+00 -1.145908e+01
vertex 2.551570e+01 2.540000e+00 -1.130147e+01
vertex 2.463609e+01 2.540000e+00 -1.276656e+01
endloop
endfacet
facet normal 0 0 0
outer loop
vertex 2.415683e+01 -2.540000e+00 -6.779760e-01
vertex 2.290715e+01 -2.540000e+00 -1.951908e+00
vertex 2.456355e+01 -2.540000e+00 -2.090827e+00
endloop
endfacet
facet normal 0 0 0
outer loop
vertex 1.882103e+01 2.540000e+00 -1.967910e+01
vertex 1.822551e+01 2.540000e+00 -2.071558e+01
vertex 1.703426e+01 2.540000e+00 -1.984298e+01
endloop
endfacet
facet normal 0 0 0
outer loop
vertex 3.407163e+01 -2.540000e+00 -7.792029e+00
vertex 3.242083e+01 -2.540000e+00 -7.086906e+00
vertex 3.277528e+01 -2.540000e+00 -8.762649e+00
endloop
endfacet
facet normal 0 0 0
outer loop
vertex 2.509238e+01 -2.540000e+00 -1.106786e+01
vertex 2.472548e+01 -2.540000e+00 -9.790979e+00
vertex 2.409119e+01 -2.540000e+00 -1.175387e+01
endloop
endfacet
facet normal 0 0 0
outer loop
vertex 1.249335e+01 -2.540000e+00 -2.204651e+01
vertex 1.278517e+01 -2.540000e+00 -2.077948e+01
vertex 1.120174e+01 -2.540000e+00 -2.091062e+01
endloop
endfacet
facet normal 0 0 0
outer loop
vertex 1.336633e+01 -2.540000e+00 -2.206998e+01
vertex 1.278517e+01 -2.540000e+00 -2.077948e+01
vertex 1.249335e+01 -2.540000e+00 -2.204651e+01
endloop
endfacet
facet normal 0 0 0
outer loop
vertex 1.193261e+01 -2.540000e+00 -1.034999e+01
vertex 1.062671e+01 -2.540000e+00 -9.837335e+00
vertex 1.127808e+01 -2.540000e+00 -1.144641e+01
endloop
endfacet
facet normal 0 0 0
outer loop
vertex 1.283751e+01 -2.540000e+00 -7.180521e+00
vertex 1.471712e+01 -2.540000e+00 -8.383552e+00
vertex 1.418314e+01 -2.540000e+00 -7.104839e+00
endloop
endfacet
facet normal 0 0 0
outer loop
vertex 2.348713e+01 -2.540000e+00 -1.450743e+01
vertex 2.192400e+01 -2.540000e+00 -1.391679e+01
vertex 2.171595e+01 -2.540000e+00 -1.567548e+01
endloop
endfacet
facet normal 0 0 0
outer loop
vertex 2.673642e+01 -2.540000e+00 -1.050883e+01
vertex 2.472548e+01 -2.540000e+00 -9.790979e+00
vertex 2.509238e+01 -2.540000e+00 -1.106786e+01
endloop
endfacet
facet normal 0 0 0
outer loop
vertex 1.096178e+01 2.540000e+00 -7.607839e+00
vertex 9.451264e+00 2.540000e+00 -7.032623e+00
vertex 1.064857e+01 2.540000e+00 -5.864285e+00
endloop
endfacet
facet normal 0 0 0
outer loop
vertex 2.210477e+01 -2.540000e+00 -2.077794e+01
vertex 2.355974e+01 -2.540000e+00 -2.136612e+01
vertex 2.415037e+01 -2.540000e+00 -2.027167e+01
endloop
endfacet
facet normal 0 0 0
outer loop
vertex 4.431356e+01 -1.176581e+00 -8.882460e+00
vertex 4.471843e+01 5.292308e-02 -9.402676e+00
vertex 4.433680e+01 -1.201539e-02 -8.414165e+00
endloop
endfacet
facet normal 0 0 0
outer loop
vertex 2.844292e+01 2.540000e+00 6.028581e-01
vertex 2.755682e+01 2.540000e+00 1.102503e+00
vertex 2.786277e+01 2.540000e+00 1.833908e+00
endloop
endfacet
facet normal 0 0 0
outer loop
vertex 2.811134e+01 -2.540000e+00 -2.032737e+01
vertex 2.914304e+01 -2.540000e+00 -1.941893e+01
vertex 2.852786e+01 -2.540000e+00 -1.837876e+01
endloop
endfacet
facet normal 0 0 0
outer loop
vertex 2.597270e+01 -2.540000e+00 -2.209017e+01
vertex 2.718053e+01 -2.540000e+00 -2.213980e+01
vertex 2.639750e+01 -2.540000e+00 -2.035319e+01
endloop
endfacet
facet normal 0 0 0
outer loop
vertex 3.329567e+01 -2.540000e+00 -2.767302e+01
vertex 3.152130e+01 -2.540000e+00 -2.875783e+01
vertex 3.319260e+01 -2.540000e+00 -2.944239e+01
endloop
endfacet
facet normal 0 0 0
outer loop
vertex 3.329567e+01 -2.540000e+00 -2.767302e+01
vertex 3.209687e+01 -2.540000e+00 -2.684030e+01
vertex 3.152130e+01 -2.540000e+00 -2.875783e+01
endloop
endfacet
facet normal 0 0 0
outer loop
vertex 2.114248e+01 2.540000e+00 -1.096467e-01
vertex 1.971073e+01 2.540000e+00 -5.885060e-01
vertex 2.026171e+01 2.540000e+00 7.336923e-01
endloop
endfacet
facet normal 0 0 0
outer loop
vertex 2.429910e+01 2.538372e+00 -8.293757e+00
vertex 2.566768e+01 2.540000e+00 -9.045138e+00
vertex 2.413561e+01 2.540000e+00 -9.917382e+00
endloop
endfacet
facet normal 0 0 0
outer loop
vertex 9.658831e+00 -2.540000e+00 -2.208995e+01
vertex 1.120174e+01 -2.540000e+00 -2.091062e+01
vertex 9.762565e+00 -2.540000e+00 -2.009475e+01
endloop
endfacet
facet normal 0 0 0
outer loop
vertex 9.658831e+00 -2.540000e+00 -2.208995e+01
vertex 9.762565e+00 -2.540000e+00 -2.009475e+01
vertex 8.540651e+00 -2.540000e+00 -2.130654e+01
endloop
endfacet
facet normal 0 0 0
outer loop
vertex 4.464149e+01 -9.929546e-01 -9.696284e+00
vertex 4.471843e+01 5.292308e-02 -9.402676e+00
vertex 4.431356e+01 -1.176581e+00 -8.882460e+00
endloop
endfacet
facet normal 0 0 0
outer loop
vertex 9.762565e+00 -2.540000e+00 -2.009475e+01
vertex 1.061756e+01 -2.540000e+00 -1.790233e+01
vertex 8.662971e+00 -2.540000e+00 -1.864552e+01
endloop
endfacet
facet normal 0 0 0
outer loop
vertex 2.135629e+01 -2.540000e+00 -3.364015e+01
vertex 2.213876e+01 -2.531442e+00 -3.580647e+01
vertex 2.301538e+01 -2.540000e+00 -3.453936e+01
endloop
endfacet
facet normal 0 0 0
outer loop
vertex 2.135629e+01 -2.540000e+00 -3.364015e+01
vertex 2.019810e+01 -2.531442e+00 -3.541415e+01
vertex 2.213876e+01 -2.531442e+00 -3.580647e+01
endloop
endfacet
facet normal 0 0 0
outer loop
vertex 1.692213e+01 -2.509513e-02 -3.524767e+01
vertex 1.865757e+01 -5.374718e-02 -3.590037e+01
vertex 1.796186e+01 -1.114463e+00 -3.544408e+01
endloop
endfacet
facet normal 0 0 0
outer loop
vertex 3.560733e+01 2.540000e+00 -3.007548e+01
vertex 3.415983e+01 2.540000e+00 -2.933597e+01
vertex 3.533772e+01 2.540000e+00 -2.836076e+01
endloop
endfacet
facet normal 0 0 0
outer loop
vertex 3.494192e+01 -2.540000e+00 -1.392636e+01
vertex 3.390819e+01 -2.540000e+00 -1.299838e+01
vertex 3.249462e+01 -2.540000e+00 -1.381621e+01
endloop
endfacet
facet normal 0 0 0
outer loop
vertex 2.588004e+01 -2.540000e+00 -2.581326e+01
vertex 2.714455e+01 -2.540000e+00 -2.663825e+01
vertex 2.712820e+01 -2.532461e+00 -2.433622e+01
endloop
endfacet
facet normal 0 0 0
outer loop
vertex 3.441218e+01 2.540000e+00 -1.002490e+01
vertex 3.376583e+01 2.540000e+00 -1.167564e+01
vertex 3.302015e+01 2.535519e+00 -9.843529e+00
endloop
endfacet
facet normal 0 0 0
outer loop
vertex 2.787676e+01 -2.540000e+00 -2.776053e+01
vertex 2.589998e+01 -2.540000e+00 -2.782058e+01
vertex 2.709934e+01 -2.540000e+00 -2.907810e+01
endloop
endfacet
facet normal 0 0 0
outer loop
vertex 3.892096e+01 2.540000e+00 -2.522467e+01
vertex 3.941341e+01 2.540000e+00 -2.667683e+01
vertex 3.777452e+01 2.540000e+00 -2.622211e+01
endloop
endfacet
facet normal 0 0 0
outer loop
vertex 1.229434e+01 2.540000e+00 -1.044635e+01
vertex 1.114852e+01 2.540000e+00 -1.159477e+01
vertex 1.115445e+01 2.540000e+00 -9.883037e+00
endloop
endfacet
facet normal 0 0 0
outer loop
vertex 1.469529e+01 -2.540000e+00 -3.185670e+01
vertex 1.601056e+01 -2.540000e+00 -3.226349e+01
vertex 1.636803e+01 -2.540000e+00 -3.093007e+01
endloop
endfacet
facet normal 0 0 0
outer loop
vertex 3.586102e+01 2.540000e+00 -2.182319e+01
vertex 3.733564e+01 2.540000e+00 -2.176061e+01
vertex 3.620732e+01 2.540000e+00 -2.294788e+01
endloop
endfacet
facet normal 0 0 0
outer loop
vertex 5.293066e+00 -2.462462e+00 -1.349208e+01
vertex 5.489598e+00 -2.540000e+00 -1.371055e+01
vertex 5.612240e+00 -2.540000e+00 -1.273189e+01
endloop
endfacet
facet normal 0 0 0
outer loop
vertex 1.205089e+01 2.540000e+00 -2.103889e+01
vertex 1.300012e+01 2.540000e+00 -1.972880e+01
vertex 1.316300e+01 2.540000e+00 -2.101081e+01
endloop
endfacet
facet normal 0 0 0
outer loop
vertex 3.376583e+01 2.540000e+00 -1.167564e+01
vertex 3.539315e+01 2.540000e+00 -1.116367e+01
vertex 3.521787e+01 2.540000e+00 -1.261537e+01
endloop
endfacet
facet normal 0 0 0
outer loop
vertex 3.380903e+01 -2.540000e+00 -3.179758e+01
vertex 3.493895e+01 -2.540000e+00 -3.193489e+01
vertex 3.448456e+01 -2.540000e+00 -3.069145e+01
endloop
endfacet
facet normal 0 0 0
outer loop
vertex 3.700999e+01 2.540000e+00 -9.247950e+00
vertex 3.750031e+01 2.540000e+00 -7.682188e+00
vertex 3.843031e+01 2.540000e+00 -8.969767e+00
endloop
endfacet
facet normal 0 0 0
outer loop
vertex 2.132375e+01 2.540000e+00 -2.758297e+01
vertex 2.004412e+01 2.540000e+00 -2.621893e+01
vertex 2.183741e+01 2.540000e+00 -2.556079e+01
endloop
endfacet
facet normal 0 0 0
outer loop
vertex 3.009138e+01 -2.540000e+00 -2.026667e+01
vertex 3.160810e+01 -2.540000e+00 -2.082724e+01
vertex 3.112113e+01 -2.540000e+00 -1.869248e+01
endloop
endfacet
facet normal 0 0 0
outer loop
vertex 2.639750e+01 -2.540000e+00 -2.035319e+01
vertex 2.811134e+01 -2.540000e+00 -2.032737e+01
vertex 2.683748e+01 -2.540000e+00 -1.850169e+01
endloop
endfacet
facet normal 0 0 0
outer loop
vertex 3.820074e+01 -2.540000e+00 -1.777627e+01
vertex 3.972322e+01 -2.540000e+00 -1.822301e+01
vertex 3.950425e+01 -2.540000e+00 -1.681262e+01
endloop
endfacet
facet normal 0 0 0
outer loop
vertex 1.890878e+01 2.540000e+00 -4.831965e+00
vertex 1.757975e+01 2.540000e+00 -4.903343e+00
vertex 1.905705e+01 2.540000e+00 -3.541078e+00
endloop
endfacet
facet normal 0 0 0
outer loop
vertex 1.500148e+01 2.540000e+00 -7.304081e-01
vertex 1.474289e+01 2.531442e+00 7.787924e-01
vertex 1.635381e+01 2.540000e+00 -2.944258e-01
endloop
endfacet
facet normal 0 0 0
outer loop
vertex 2.463609e+01 2.540000e+00 -1.276656e+01
vertex 2.641904e+01 2.540000e+00 -1.285749e+01
vertex 2.547647e+01 2.540000e+00 -1.409129e+01
endloop
endfacet
facet normal 0 0 0
outer loop
vertex 3.358789e+01 2.540000e+00 -2.775447e+01
vertex 3.517602e+01 2.540000e+00 -2.652187e+01
vertex 3.533772e+01 2.540000e+00 -2.836076e+01
endloop
endfacet
facet normal 0 0 0
outer loop
vertex 3.533772e+01 2.540000e+00 -2.836076e+01
vertex 3.598489e+01 2.540000e+00 -2.747216e+01
vertex 3.689136e+01 2.540000e+00 -2.810828e+01
endloop
endfacet
facet normal 0 0 0
outer loop
vertex 2.874559e+01 2.540000e+00 -3.264394e+01
vertex 2.753773e+01 2.540000e+00 -3.298666e+01
vertex 2.877728e+01 2.540000e+00 -3.142092e+01
endloop
endfacet
facet normal 0 0 0
outer loop
vertex 2.874559e+01 2.540000e+00 -3.264394e+01
vertex 2.877728e+01 2.540000e+00 -3.142092e+01
vertex 2.966011e+01 2.540000e+00 -3.291172e+01
endloop
endfacet
facet normal 0 0 0
outer loop
vertex 2.455061e+01 2.540000e+00 -2.495406e+01
vertex 2.416806e+01 2.540000e+00 -2.631892e+01
vertex 2.324302e+01 2.540000e+00 -2.559144e+01
endloop
endfacet
facet normal 0 0 0
outer loop
vertex 2.814375e+01 2.540000e+00 -1.047366e+01
vertex 2.939988e+01 2.540000e+00 -1.179507e+01
vertex 2.750903e+01 2.540000e+00 -1.194329e+01
endloop
endfacet
facet normal 0 0 0
outer loop
vertex 3.351477e+01 2.540000e+00 -3.096588e+01
vertex 3.353215e+01 2.540000e+00 -3.278502e+01
vertex 3.215521e+01 2.540000e+00 -3.234623e+01
endloop
endfacet
facet normal 0 0 0
outer loop
vertex 2.606294e+01 -2.540000e+00 -8.201804e+00
vertex 2.810368e+01 -2.540000e+00 -7.674302e+00
vertex 2.722991e+01 -2.540000e+00 -6.430687e+00
endloop
endfacet
facet normal 0 0 0
outer loop
vertex 1.309835e+01 2.540000e+00 -7.433066e+00
vertex 1.185329e+01 2.540000e+00 -6.509569e+00
vertex 1.342417e+01 2.540000e+00 -5.559463e+00
endloop
endfacet
facet normal 0 0 0
outer loop
vertex 1.840515e+01 2.540000e+00 -2.544350e+01
vertex 1.741412e+01 2.540000e+00 -2.369650e+01
vertex 1.935258e+01 2.540000e+00 -2.401501e+01
endloop
endfacet
facet normal 0 0 0
outer loop
vertex 2.043719e+01 2.540000e+00 -2.912672e+01
vertex 1.979506e+01 2.540000e+00 -2.814083e+01
vertex 2.132375e+01 2.540000e+00 -2.758297e+01
endloop
endfacet
facet normal 0 0 0
outer loop
vertex 4.110205e+01 2.540000e+00 -1.415718e+01
vertex 4.092416e+01 2.540000e+00 -1.643718e+01
vertex 3.951344e+01 2.540000e+00 -1.526486e+01
endloop
endfacet
facet normal 0 0 0
outer loop
vertex 3.227160e+01 2.540000e+00 -1.069337e+01
vertex 3.123178e+01 2.540000e+00 -9.142227e+00
vertex 3.302015e+01 2.535519e+00 -9.843529e+00
endloop
endfacet
facet normal 0 0 0
outer loop
vertex 3.128218e+01 -2.540000e+00 -2.268669e+01
vertex 3.255206e+01 -2.540000e+00 -2.403071e+01
vertex 3.288577e+01 -2.540000e+00 -2.235201e+01
endloop
endfacet
facet normal 0 0 0
outer loop
vertex 1.508922e+01 2.540000e+00 -6.679193e+00
vertex 1.448165e+01 2.540000e+00 -8.259651e+00
vertex 1.309835e+01 2.540000e+00 -7.433066e+00
endloop
endfacet
facet normal 0 0 0
outer loop
vertex 2.263724e+01 2.540000e+00 2.087115e+00
vertex 2.425251e+01 2.540000e+00 1.229789e+00
vertex 2.304665e+01 2.540000e+00 5.372167e-01
endloop
endfacet
facet normal 0 0 0
outer loop
vertex 2.144287e+01 2.540000e+00 -5.969211e+00
vertex 2.158816e+01 2.540000e+00 -7.766105e+00
vertex 2.015112e+01 2.540000e+00 -6.556376e+00
endloop
endfacet
facet normal 0 0 0
outer loop
vertex 2.893458e+01 -2.540000e+00 -1.914817e+00
vertex 2.864240e+01 -2.528656e+00 -1.153184e-02
vertex 2.744214e+01 -2.540000e+00 -1.718648e-01
endloop
endfacet
facet normal 0 0 0
outer loop
vertex 2.893458e+01 -2.540000e+00 -1.914817e+00
vertex 2.744214e+01 -2.540000e+00 -1.718648e-01
vertex 2.710324e+01 -2.540000e+00 -1.759723e+00
endloop
endfacet
facet normal 0 0 0
outer loop
vertex 1.330164e+01 -2.540000e+00 -2.927381e+01
vertex 1.187830e+01 -2.540000e+00 -2.808194e+01
vertex 1.166598e+01 -2.540000e+00 -2.942145e+01
endloop
endfacet
facet normal 0 0 0
outer loop
vertex 2.046703e+01 2.540000e+00 -2.303971e+01
vertex 1.879109e+01 2.540000e+00 -2.243019e+01
vertex 2.104544e+01 2.540000e+00 -2.173619e+01
endloop
endfacet
facet normal 0 0 0
outer loop
vertex 1.985257e+01 2.540000e+00 -2.081070e+01
vertex 2.104544e+01 2.540000e+00 -2.173619e+01
vertex 1.879109e+01 2.540000e+00 -2.243019e+01
endloop
endfacet
facet normal 0 0 0
outer loop
vertex 1.475496e+01 -2.540000e+00 -1.123170e+01
vertex 1.504321e+01 -2.540000e+00 -1.276276e+01
vertex 1.676410e+01 -2.540000e+00 -1.135211e+01
endloop
endfacet
facet normal 0 0 0
outer loop
vertex 4.553240e+01 1.037579e+00 -1.373376e+01
vertex 4.537095e+01 2.156511e+00 -1.417127e+01
vertex 4.509837e+01 2.085889e+00 -1.218974e+01
endloop
endfacet
facet normal 0 0 0
outer loop
vertex 2.355974e+01 -2.540000e+00 -2.136612e+01
vertex 2.284514e+01 -2.540000e+00 -2.274357e+01
vertex 2.462513e+01 -2.540000e+00 -2.241553e+01
endloop
endfacet
facet normal 0 0 0
outer loop
vertex 4.528504e+01 -2.391438e+00 -1.671721e+01
vertex 4.484244e+01 -2.535721e+00 -1.764931e+01
vertex 4.517140e+01 -2.401938e+00 -1.818726e+01
endloop
endfacet
facet normal 0 0 0
outer loop
vertex 2.957104e+01 2.538057e+00 -1.372440e+01
vertex 2.939988e+01 2.540000e+00 -1.179507e+01
vertex 3.039115e+01 2.537093e+00 -1.270396e+01
endloop
endfacet
facet normal 0 0 0
outer loop
vertex 2.952550e+01 2.540000e+00 -1.566411e+01
vertex 2.957104e+01 2.538057e+00 -1.372440e+01
vertex 3.102941e+01 2.540000e+00 -1.441960e+01
endloop
endfacet
facet normal 0 0 0
outer loop
vertex 4.068495e+01 6.970040e-02 -2.986992e+01
vertex 3.996350e+01 3.485020e-02 -3.062274e+01
vertex 4.007664e+01 9.770124e-01 -3.028972e+01
endloop
endfacet
facet normal 0 0 0
outer loop
vertex 3.139929e+01 -2.540000e+00 -3.043023e+01
vertex 2.991415e+01 -2.540000e+00 -3.202290e+01
vertex 3.133626e+01 -2.540000e+00 -3.179822e+01
endloop
endfacet
facet normal 0 0 0
outer loop
vertex 1.501653e+01 2.540000e+00 -1.073694e+01
vertex 1.486301e+01 2.540000e+00 -1.202273e+01
vertex 1.377743e+01 2.540000e+00 -1.016952e+01
endloop
endfacet
facet normal 0 0 0
outer loop
vertex 1.599444e+01 2.540000e+00 -1.073418e+01
vertex 1.486301e+01 2.540000e+00 -1.202273e+01
vertex 1.501653e+01 2.540000e+00 -1.073694e+01
endloop
endfacet
facet normal 0 0 0
outer loop
vertex 2.352943e+01 2.540000e+00 -1.440244e+01
vertex 2.150909e+01 2.540000e+00 -1.420424e+01
vertex 2.281856e+01 2.540000e+00 -1.292869e+01
endloop
endfacet
facet normal 0 0 0
outer loop
vertex 2.588004e+01 -2.540000e+00 -2.581326e+01
vertex 2.450752e+01 -2.540000e+00 -2.686922e+01
vertex 2.589998e+01 -2.540000e+00 -2.782058e+01
endloop
endfacet
facet normal 0 0 0
outer loop
vertex 2.551570e+01 2.540000e+00 -1.130147e+01
vertex 2.750903e+01 2.540000e+00 -1.194329e+01
vertex 2.641904e+01 2.540000e+00 -1.285749e+01
endloop
endfacet
facet normal 0 0 0
outer loop
vertex 4.509837e+01 2.085889e+00 -1.218974e+01
vertex 4.461214e+01 2.085889e+00 -1.024859e+01
vertex 4.493948e+01 9.490502e-01 -1.065865e+01
endloop
endfacet
facet normal 0 0 0
outer loop
vertex 4.461896e+01 1.217102e+00 -9.758654e+00
vertex 4.471843e+01 5.292308e-02 -9.402676e+00
vertex 4.493948e+01 9.490502e-01 -1.065865e+01
endloop
endfacet
facet normal 0 0 0
outer loop
vertex 2.564610e+01 2.540000e+00 -3.331340e+01
vertex 2.533830e+01 2.540000e+00 -3.203859e+01
vertex 2.668019e+01 2.540000e+00 -3.189778e+01
endloop
endfacet
facet normal 0 0 0
outer loop
vertex 1.471712e+01 -2.540000e+00 -8.383552e+00
vertex 1.587827e+01 -2.540000e+00 -1.008851e+01
vertex 1.651672e+01 -2.540000e+00 -8.403537e+00
endloop
endfacet
facet normal 0 0 0
outer loop
vertex 6.618522e+00 2.540000e+00 -1.623425e+01
vertex 8.029237e+00 2.540000e+00 -1.681523e+01
vertex 6.676467e+00 2.540000e+00 -1.728278e+01
endloop
endfacet
facet normal 0 0 0
outer loop
vertex 3.766570e+01 2.540000e+00 -2.406599e+01
vertex 3.892096e+01 2.540000e+00 -2.522467e+01
vertex 3.777452e+01 2.540000e+00 -2.622211e+01
endloop
endfacet
facet normal 0 0 0
outer loop
vertex 2.685111e+01 2.540000e+00 -1.539797e+01
vertex 2.796398e+01 2.540000e+00 -1.615443e+01
vertex 2.647381e+01 2.540000e+00 -1.692932e+01
endloop
endfacet
facet normal 0 0 0
outer loop
vertex 1.397983e+01 -2.540000e+00 -1.648522e+01
vertex 1.525559e+01 -2.540000e+00 -1.614627e+01
vertex 1.376795e+01 -2.540000e+00 -1.523309e+01
endloop
endfacet
facet normal 0 0 0
outer loop
vertex 4.558448e+01 1.236683e+00 -1.466563e+01
vertex 4.551133e+01 2.015267e+00 -1.616790e+01
vertex 4.537095e+01 2.156511e+00 -1.417127e+01
endloop
endfacet
facet normal 0 0 0
outer loop
vertex 1.730301e+01 2.540000e+00 -3.451460e+00
vertex 1.892096e+01 2.540000e+00 -1.898559e+00
vertex 1.905705e+01 2.540000e+00 -3.541078e+00
endloop
endfacet
facet normal 0 0 0
outer loop
vertex 1.892096e+01 2.540000e+00 -1.898559e+00
vertex 1.730301e+01 2.540000e+00 -3.451460e+00
vertex 1.738629e+01 2.540000e+00 -1.721898e+00
endloop
endfacet
facet normal 0 0 0
outer loop
vertex 1.397983e+01 -2.540000e+00 -1.648522e+01
vertex 1.419589e+01 -2.540000e+00 -1.784342e+01
vertex 1.525559e+01 -2.540000e+00 -1.614627e+01
endloop
endfacet
facet normal 0 0 0
outer loop
vertex 4.558448e+01 1.236683e+00 -1.466563e+01
vertex 4.537095e+01 2.156511e+00 -1.417127e+01
vertex 4.553240e+01 1.037579e+00 -1.373376e+01
endloop
endfacet
facet normal 0 0 0
outer loop
vertex 1.597787e+01 2.540000e+00 -2.935624e+00
vertex 1.415633e+01 2.540000e+00 -3.713633e+00
vertex 1.448583e+01 2.540000e+00 -1.793594e+00
endloop
endfacet
facet normal 0 0 0
outer loop
vertex 1.287969e+01 -2.540000e+00 -1.680315e+01
vertex 1.321006e+01 -2.540000e+00 -1.898066e+01
vertex 1.419589e+01 -2.540000e+00 -1.784342e+01
endloop
endfacet
facet normal 0 0 0
outer loop
vertex 1.205089e+01 2.540000e+00 -2.103889e+01
vertex 1.139453e+01 2.540000e+00 -1.929867e+01
vertex 1.300012e+01 2.540000e+00 -1.972880e+01
endloop
endfacet
facet normal 0 0 0
outer loop
vertex 1.114852e+01 2.540000e+00 -1.159477e+01
vertex 9.104387e+00 2.540000e+00 -1.069790e+01
vertex 1.115445e+01 2.540000e+00 -9.883037e+00
endloop
endfacet
facet normal 0 0 0
outer loop
vertex 2.352943e+01 2.540000e+00 -1.440244e+01
vertex 2.242612e+01 2.540000e+00 -1.513964e+01
vertex 2.150909e+01 2.540000e+00 -1.420424e+01
endloop
endfacet
facet normal 0 0 0
outer loop
vertex 2.352943e+01 2.540000e+00 -1.440244e+01
vertex 2.354628e+01 2.540000e+00 -1.608552e+01
vertex 2.242612e+01 2.540000e+00 -1.513964e+01
endloop
endfacet
facet normal 0 0 0
outer loop
vertex 2.617211e+01 -2.540000e+00 -9.457453e+00
vertex 2.790623e+01 -2.540000e+00 -9.327357e+00
vertex 2.606294e+01 -2.540000e+00 -8.201804e+00
endloop
endfacet
facet normal 0 0 0
outer loop
vertex 1.185329e+01 2.540000e+00 -6.509569e+00
vertex 1.171410e+01 2.540000e+00 -4.861494e+00
vertex 1.342417e+01 2.540000e+00 -5.559463e+00
endloop
endfacet
facet normal 0 0 0
outer loop
vertex 2.606294e+01 -2.540000e+00 -8.201804e+00
vertex 2.790623e+01 -2.540000e+00 -9.327357e+00
vertex 2.810368e+01 -2.540000e+00 -7.674302e+00
endloop
endfacet
facet normal 0 0 0
outer loop
vertex 3.521787e+01 2.540000e+00 -1.261537e+01
vertex 3.361627e+01 2.540000e+00 -1.381668e+01
vertex 3.376583e+01 2.540000e+00 -1.167564e+01
endloop
endfacet
facet normal 0 0 0
outer loop
vertex 3.642765e+01 -2.085889e+00 -3.312271e+01
vertex 3.554342e+01 -1.940744e+00 -3.369359e+01
vertex 3.540131e+01 -1.033333e+00 -3.397684e+01
endloop
endfacet
facet normal 0 0 0
outer loop
vertex 1.865757e+01 -5.374718e-02 -3.590037e+01
vertex 1.917949e+01 -2.085889e+00 -3.568124e+01
vertex 1.796186e+01 -1.114463e+00 -3.544408e+01
endloop
endfacet
facet normal 0 0 0
outer loop
vertex 3.596972e+01 -2.349832e+00 -3.321959e+01
vertex 3.554342e+01 -1.940744e+00 -3.369359e+01
vertex 3.642765e+01 -2.085889e+00 -3.312271e+01
endloop
endfacet
facet normal 0 0 0
outer loop
vertex 4.025572e+01 2.540000e+00 -1.085773e+01
vertex 4.107767e+01 2.540000e+00 -1.209936e+01
vertex 3.940953e+01 2.540000e+00 -1.163602e+01
endloop
endfacet
facet normal 0 0 0
outer loop
vertex 4.145701e+01 2.540000e+00 -1.020009e+01
vertex 4.107767e+01 2.540000e+00 -1.209936e+01
vertex 4.025572e+01 2.540000e+00 -1.085773e+01
endloop
endfacet
facet normal 0 0 0
outer loop
vertex 2.683748e+01 -2.540000e+00 -1.850169e+01
vertex 2.852786e+01 -2.540000e+00 -1.837876e+01
vertex 2.780638e+01 -2.540000e+00 -1.742386e+01
endloop
endfacet
facet normal 0 0 0
outer loop
vertex 3.786175e+01 -2.540000e+00 -3.582016e+00
vertex 3.808983e+01 -2.540000e+00 -4.912393e+00
vertex 3.928339e+01 -2.540000e+00 -4.176592e+00
endloop
endfacet
facet normal 0 0 0
outer loop
vertex 6.494459e+00 1.078255e+00 -7.444568e+00
vertex 6.975675e+00 1.064426e+00 -6.427104e+00
vertex 7.115208e+00 2.085889e+00 -6.555469e+00
endloop
endfacet
facet normal 0 0 0
outer loop
vertex 4.007664e+01 9.770124e-01 -3.028972e+01
vertex 3.930440e+01 1.164512e+00 -3.102408e+01
vertex 3.953263e+01 2.015267e+00 -3.060173e+01
endloop
endfacet
facet normal 0 0 0
outer loop
vertex 3.213977e+01 2.540000e+00 -6.809781e+00
vertex 3.239032e+01 2.540000e+00 -8.258949e+00
vertex 3.095019e+01 2.540000e+00 -7.376389e+00
endloop
endfacet
facet normal 0 0 0
outer loop
vertex 8.616523e+00 -1.023236e+00 -2.847057e+01
vertex 7.941512e+00 1.130036e-02 -2.784076e+01
vertex 8.940089e+00 -4.075333e-03 -2.920915e+01
endloop
endfacet
facet normal 0 0 0
outer loop
vertex 2.830071e+01 2.540000e+00 -1.507470e+01
vertex 2.957104e+01 2.538057e+00 -1.372440e+01
vertex 2.952550e+01 2.540000e+00 -1.566411e+01
endloop
endfacet
facet normal 0 0 0
outer loop
vertex 1.104810e+01 1.143586e-02 -9.099555e-01
vertex 1.110817e+01 -1.065703e+00 -1.100205e+00
vertex 1.198158e+01 -8.796361e-03 -8.660843e-02
endloop
endfacet
facet normal 0 0 0
outer loop
vertex 4.411282e+01 2.391438e+00 -9.389720e+00
vertex 4.432815e+01 1.848244e+00 -9.298826e+00
vertex 4.461214e+01 2.085889e+00 -1.024859e+01
endloop
endfacet
facet normal 0 0 0
outer loop
vertex 2.039557e+01 -2.540000e+00 -2.640993e+00
vertex 1.951006e+01 -2.540000e+00 -3.776684e+00
vertex 2.060951e+01 -2.540000e+00 -4.522064e+00
endloop
endfacet
facet normal 0 0 0
outer loop
vertex 3.914204e+01 -2.540000e+00 -2.626190e+01
vertex 4.004534e+01 -2.540000e+00 -2.722977e+01
vertex 4.111631e+01 -2.540000e+00 -2.642356e+01
endloop
endfacet
facet normal 0 0 0
outer loop
vertex 3.862121e+01 -2.540000e+00 -2.787782e+01
vertex 4.004534e+01 -2.540000e+00 -2.722977e+01
vertex 3.914204e+01 -2.540000e+00 -2.626190e+01
endloop
endfacet
facet normal 0 0 0
outer loop
vertex 2.322593e+01 2.540000e+00 -2.176885e+01
vertex 2.158392e+01 2.540000e+00 -1.983240e+01
vertex 2.368306e+01 2.540000e+00 -1.982187e+01
endloop
endfacet
facet normal 0 0 0
outer loop
vertex 1.917949e+01 -2.085889e+00 -3.568124e+01
vertex 1.769304e+01 -2.391438e+00 -3.495144e+01
vertex 1.730345e+01 -2.156511e+00 -3.498755e+01
endloop
endfacet
facet normal 0 0 0
outer loop
vertex 3.696551e+01 -2.540000e+00 -1.269096e+01
vertex 3.494192e+01 -2.540000e+00 -1.392636e+01
vertex 3.692921e+01 -2.540000e+00 -1.481960e+01
endloop
endfacet
facet normal 0 0 0
outer loop
vertex 3.998975e+01 2.531442e+00 -3.026559e+00
vertex 3.992726e+01 2.391438e+00 -2.484078e+00
vertex 4.047545e+01 2.391438e+00 -3.080519e+00
endloop
endfacet
facet normal 0 0 0
outer loop
vertex 3.616512e+01 2.540000e+00 -7.374132e+00
vertex 3.399448e+01 2.540000e+00 -7.343060e+00
vertex 3.486833e+01 2.540000e+00 -6.201147e+00
endloop
endfacet
facet normal 0 0 0
outer loop
vertex 1.136755e+01 2.015267e+00 -1.097284e+00
vertex 1.216265e+01 2.085889e+00 -4.051480e-01
vertex 1.191031e+01 2.399387e+00 -9.064872e-01
endloop
endfacet
facet normal 0 0 0
outer loop
vertex 2.425251e+01 2.540000e+00 1.229789e+00
vertex 2.648991e+01 2.540000e+00 1.606691e+00
vertex 2.582964e+01 2.540000e+00 1.263955e-01
endloop
endfacet
facet normal 0 0 0
outer loop
vertex 4.019754e+01 1.955593e+00 -2.450977e+00
vertex 4.086155e+01 2.085889e+00 -3.231744e+00
vertex 4.047545e+01 2.391438e+00 -3.080519e+00
endloop
endfacet
facet normal 0 0 0
outer loop
vertex 2.246591e+01 2.540000e+00 -2.890742e+01
vertex 2.278861e+01 2.540000e+00 -2.691813e+01
vertex 2.417034e+01 2.540000e+00 -2.788159e+01
endloop
endfacet
facet normal 0 0 0
outer loop
vertex 3.399448e+01 2.540000e+00 -7.343060e+00
vertex 3.325996e+01 2.540000e+00 -5.180389e+00
vertex 3.486833e+01 2.540000e+00 -6.201147e+00
endloop
endfacet
facet normal 0 0 0
outer loop
vertex 2.557139e+01 2.540000e+00 -7.513062e+00
vertex 2.566768e+01 2.540000e+00 -9.045138e+00
vertex 2.429910e+01 2.538372e+00 -8.293757e+00
endloop
endfacet
facet normal 0 0 0
outer loop
vertex 3.399448e+01 2.540000e+00 -7.343060e+00
vertex 3.213977e+01 2.540000e+00 -6.809781e+00
vertex 3.325996e+01 2.540000e+00 -5.180389e+00
endloop
endfacet
facet normal 0 0 0
outer loop
vertex 4.117995e+01 9.755006e-01 -3.320682e+00
vertex 4.086155e+01 2.085889e+00 -3.231744e+00
vertex 4.024601e+01 9.794841e-01 -2.231390e+00
endloop
endfacet
facet normal 0 0 0
outer loop
vertex 2.743068e+01 2.540000e+00 -6.101297e+00
vertex 2.733422e+01 2.540000e+00 -7.444051e+00
vertex 2.622698e+01 2.540000e+00 -6.146972e+00
endloop
endfacet
facet normal 0 0 0
outer loop
vertex 1.730345e+01 -2.156511e+00 -3.498755e+01
vertex 1.692213e+01 -2.509513e-02 -3.524767e+01
vertex 1.796186e+01 -1.114463e+00 -3.544408e+01
endloop
endfacet
facet normal 0 0 0
outer loop
vertex 1.615211e+01 -9.704314e-01 -3.470164e+01
vertex 1.692213e+01 -2.509513e-02 -3.524767e+01
vertex 1.730345e+01 -2.156511e+00 -3.498755e+01
endloop
endfacet
facet normal 0 0 0
outer loop
vertex 4.499512e+01 -1.172936e-01 -1.036691e+01
vertex 4.494157e+01 -1.012096e+00 -1.070188e+01
vertex 4.530677e+01 1.441254e-02 -1.143274e+01
endloop
endfacet
facet normal 0 0 0
outer loop
vertex 4.428251e+01 1.064201e+00 -8.739764e+00
vertex 4.471843e+01 5.292308e-02 -9.402676e+00
vertex 4.461896e+01 1.217102e+00 -9.758654e+00
endloop
endfacet
facet normal 0 0 0
outer loop
vertex 2.969607e+01 2.540000e+00 -2.644892e+01
vertex 3.131194e+01 2.540000e+00 -2.549473e+01
vertex 3.086502e+01 2.540000e+00 -2.692674e+01
endloop
endfacet
facet normal 0 0 0
outer loop
vertex 4.080537e+01 2.540000e+00 -2.684818e+01
vertex 3.941341e+01 2.540000e+00 -2.667683e+01
vertex 4.033857e+01 2.540000e+00 -2.516757e+01
endloop
endfacet
facet normal 0 0 0
outer loop
vertex 3.941341e+01 2.540000e+00 -2.667683e+01
vertex 3.892096e+01 2.540000e+00 -2.522467e+01
vertex 4.033857e+01 2.540000e+00 -2.516757e+01
endloop
endfacet
facet normal 0 0 0
outer loop
vertex 4.073923e+01 2.540000e+00 -7.856615e+00
vertex 4.037730e+01 2.540000e+00 -9.257152e+00
vertex 3.920901e+01 2.540000e+00 -7.406472e+00
endloop
endfacet
facet normal 0 0 0
outer loop
vertex 3.920901e+01 2.540000e+00 -7.406472e+00
vertex 4.037730e+01 2.540000e+00 -9.257152e+00
vertex 3.843031e+01 2.540000e+00 -8.969767e+00
endloop
endfacet
facet normal 0 0 0
outer loop
vertex 1.898487e+01 -2.540000e+00 -1.684427e+01
vertex 1.682050e+01 -2.540000e+00 -1.701818e+01
vertex 1.797292e+01 -2.540000e+00 -1.798015e+01
endloop
endfacet
facet normal 0 0 0
outer loop
vertex 3.663261e+01 2.540000e+00 -1.074669e+01
vertex 3.539315e+01 2.540000e+00 -1.116367e+01
vertex 3.578387e+01 2.540000e+00 -9.135401e+00
endloop
endfacet
facet normal 0 0 0
outer loop
vertex 3.463213e+01 -2.522883e+00 1.338230e+00
vertex 3.389382e+01 -2.391438e+00 1.983917e+00
vertex 3.372270e+01 -2.527163e+00 1.735605e+00
endloop
endfacet
facet normal 0 0 0
outer loop
vertex 3.346274e+01 2.540000e+00 -2.174631e+01
vertex 3.470473e+01 2.540000e+00 -2.245036e+01
vertex 3.366805e+01 2.540000e+00 -2.381549e+01
endloop
endfacet
facet normal 0 0 0
outer loop
vertex 3.381208e+01 1.868319e+00 2.294717e+00
vertex 3.354947e+01 1.072135e+00 2.577988e+00
vertex 3.470126e+01 2.156511e+00 1.797047e+00
endloop
endfacet
facet normal 0 0 0
outer loop
vertex 1.300012e+01 2.540000e+00 -1.972880e+01
vertex 1.501784e+01 2.540000e+00 -1.967106e+01
vertex 1.452865e+01 2.540000e+00 -2.106752e+01
endloop
endfacet
facet normal 0 0 0
outer loop
vertex 1.260907e+01 2.540000e+00 -8.868797e+00
vertex 1.309835e+01 2.540000e+00 -7.433066e+00
vertex 1.448165e+01 2.540000e+00 -8.259651e+00
endloop
endfacet
facet normal 0 0 0
outer loop
vertex 2.667715e+01 2.540000e+00 -1.017278e+01
vertex 2.551570e+01 2.540000e+00 -1.130147e+01
vertex 2.566768e+01 2.540000e+00 -9.045138e+00
endloop
endfacet
facet normal 0 0 0
outer loop
vertex 2.348713e+01 -2.540000e+00 -1.450743e+01
vertex 2.171595e+01 -2.540000e+00 -1.567548e+01
vertex 2.302376e+01 -2.540000e+00 -1.661839e+01
endloop
endfacet
facet normal 0 0 0
outer loop
vertex 4.196317e+01 1.119010e+00 -2.793704e+01
vertex 4.143995e+01 9.457102e-01 -2.869724e+01
vertex 4.147455e+01 2.015267e+00 -2.831298e+01
endloop
endfacet
facet normal 0 0 0
outer loop
vertex 3.160810e+01 -2.540000e+00 -2.082724e+01
vertex 3.033968e+01 -2.540000e+00 -2.181308e+01
vertex 3.128218e+01 -2.540000e+00 -2.268669e+01
endloop
endfacet
facet normal 0 0 0
outer loop
vertex 1.424460e+01 9.005948e-01 1.329537e+00
vertex 1.548637e+01 2.085889e+00 1.815693e+00
vertex 1.378170e+01 2.156511e+00 7.693348e-01
endloop
endfacet
facet normal 0 0 0
outer loop
vertex 3.875174e+01 -2.540000e+00 -9.486845e+00
vertex 3.715034e+01 -2.540000e+00 -9.400777e+00
vertex 3.816478e+01 -2.540000e+00 -1.084481e+01
endloop
endfacet
facet normal 0 0 0
outer loop
vertex 3.502924e+01 -2.540000e+00 -1.648236e+01
vertex 3.369394e+01 -2.540000e+00 -1.725633e+01
vertex 3.522779e+01 -2.540000e+00 -1.801314e+01
endloop
endfacet
facet normal 0 0 0
outer loop
vertex 1.475496e+01 -2.540000e+00 -1.123170e+01
vertex 1.304226e+01 -2.540000e+00 -1.259209e+01
vertex 1.504321e+01 -2.540000e+00 -1.276276e+01
endloop
endfacet
facet normal 0 0 0
outer loop
vertex 1.286180e+01 -2.540000e+00 -1.102769e+01
vertex 1.304226e+01 -2.540000e+00 -1.259209e+01
vertex 1.475496e+01 -2.540000e+00 -1.123170e+01
endloop
endfacet
facet normal 0 0 0
outer loop
vertex 1.865262e+01 -2.540000e+00 -1.510796e+01
vertex 1.779681e+01 -2.540000e+00 -1.611990e+01
vertex 1.898487e+01 -2.540000e+00 -1.684427e+01
endloop
endfacet
facet normal 0 0 0
outer loop
vertex 1.779681e+01 -2.540000e+00 -1.611990e+01
vertex 1.682050e+01 -2.540000e+00 -1.701818e+01
vertex 1.898487e+01 -2.540000e+00 -1.684427e+01
endloop
endfacet
facet normal 0 0 0
outer loop
vertex 1.006658e+01 -2.540000e+00 -4.827890e+00
vertex 9.052814e+00 -2.540000e+00 -4.631622e+00
vertex 9.390430e+00 -2.540000e+00 -5.734683e+00
endloop
endfacet
facet normal 0 0 0
outer loop
vertex 9.338281e+00 -2.540000e+00 -7.149459e+00
vertex 9.390430e+00 -2.540000e+00 -5.734683e+00
vertex 8.732349e+00 -2.540000e+00 -6.245471e+00
endloop
endfacet
facet normal 0 0 0
outer loop
vertex 1.058481e+01 2.540000e+00 -2.417297e+01
vertex 1.110557e+01 2.540000e+00 -2.250138e+01
vertex 1.209243e+01 2.540000e+00 -2.392650e+01
endloop
endfacet
facet normal 0 0 0
outer loop
vertex 3.017653e+01 -2.540000e+00 -3.016790e+00
vertex 2.893458e+01 -2.540000e+00 -1.914817e+00
vertex 2.823292e+01 -2.540000e+00 -3.229220e+00
endloop
endfacet
facet normal 0 0 0
outer loop
vertex 1.018441e+01 -2.540000e+00 -8.439546e+00
vertex 8.822879e+00 -2.540000e+00 -9.366172e+00
vertex 1.062671e+01 -2.540000e+00 -9.837335e+00
endloop
endfacet
facet normal 0 0 0
outer loop
vertex 3.415983e+01 2.540000e+00 -2.933597e+01
vertex 3.358789e+01 2.540000e+00 -2.775447e+01
vertex 3.533772e+01 2.540000e+00 -2.836076e+01
endloop
endfacet
facet normal 0 0 0
outer loop
vertex 3.365203e+01 1.141753e+00 -3.485649e+01
vertex 3.268916e+01 1.061604e+00 -3.529485e+01
vertex 3.296082e+01 2.085889e+00 -3.498260e+01
endloop
endfacet
facet normal 0 0 0
outer loop
vertex 2.629365e+01 2.540000e+00 -2.540557e+01
vertex 2.717944e+01 2.540000e+00 -2.643489e+01
vertex 2.567464e+01 2.540000e+00 -2.653653e+01
endloop
endfacet
facet normal 0 0 0
outer loop
vertex 3.284721e+01 -2.541799e+00 -1.820998e+01
vertex 3.408734e+01 -2.540000e+00 -1.885453e+01
vertex 3.369394e+01 -2.540000e+00 -1.725633e+01
endloop
endfacet
facet normal 0 0 0
outer loop
vertex 1.594578e+01 -2.540000e+00 -2.785939e+01
vertex 1.494923e+01 -2.540000e+00 -2.886786e+01
vertex 1.691038e+01 -2.540000e+00 -2.913117e+01
endloop
endfacet
facet normal 0 0 0
outer loop
vertex 2.916961e+01 -2.540000e+00 -4.428414e+00
vertex 2.860146e+01 -2.540000e+00 -5.841354e+00
vertex 3.008617e+01 -2.540000e+00 -5.191649e+00
endloop
endfacet
facet normal 0 0 0
outer loop
vertex 1.206562e+01 2.540000e+00 -1.690655e+01
vertex 1.322348e+01 2.540000e+00 -1.687875e+01
vertex 1.346937e+01 2.540000e+00 -1.803078e+01
endloop
endfacet
facet normal 0 0 0
outer loop
vertex 1.421872e+01 2.540000e+00 -1.674903e+01
vertex 1.346937e+01 2.540000e+00 -1.803078e+01
vertex 1.322348e+01 2.540000e+00 -1.687875e+01
endloop
endfacet
facet normal 0 0 0
outer loop
vertex 3.146303e+01 2.540000e+00 -3.065764e+01
vertex 3.042757e+01 2.540000e+00 -3.196540e+01
vertex 2.986945e+01 2.540000e+00 -3.003285e+01
endloop
endfacet
facet normal 0 0 0
outer loop
vertex 1.892096e+01 2.540000e+00 -1.898559e+00
vertex 1.971073e+01 2.540000e+00 -5.885060e-01
vertex 2.040975e+01 2.540000e+00 -2.757816e+00
endloop
endfacet
facet normal 0 0 0
outer loop
vertex 1.971073e+01 2.540000e+00 -5.885060e-01
vertex 2.133593e+01 2.540000e+00 -1.497509e+00
vertex 2.040975e+01 2.540000e+00 -2.757816e+00
endloop
endfacet
facet normal 0 0 0
outer loop
vertex 6.494459e+00 1.078255e+00 -7.444568e+00
vertex 6.076766e+00 1.206071e+00 -8.382908e+00
vertex 5.864124e+00 0.000000e+00 -8.336443e+00
endloop
endfacet
facet normal 0 0 0
outer loop
vertex 2.422865e+01 2.540000e+00 -3.388455e+01
vertex 2.398167e+01 2.540000e+00 -3.250708e+01
vertex 2.564610e+01 2.540000e+00 -3.331340e+01
endloop
endfacet
facet normal 0 0 0
outer loop
vertex 2.533830e+01 2.540000e+00 -3.203859e+01
vertex 2.564610e+01 2.540000e+00 -3.331340e+01
vertex 2.398167e+01 2.540000e+00 -3.250708e+01
endloop
endfacet
facet normal 0 0 0
outer loop
vertex 2.810368e+01 -2.540000e+00 -7.674302e+00
vertex 2.860146e+01 -2.540000e+00 -5.841354e+00
vertex 2.722991e+01 -2.540000e+00 -6.430687e+00
endloop
endfacet
facet normal 0 0 0
outer loop
vertex 1.581817e+01 -2.540000e+00 -1.832280e+01
vertex 1.525559e+01 -2.540000e+00 -1.614627e+01
vertex 1.419589e+01 -2.540000e+00 -1.784342e+01
endloop
endfacet
facet normal 0 0 0
outer loop
vertex 1.682050e+01 -2.540000e+00 -1.701818e+01
vertex 1.525559e+01 -2.540000e+00 -1.614627e+01
vertex 1.581817e+01 -2.540000e+00 -1.832280e+01
endloop
endfacet
facet normal 0 0 0
outer loop
vertex 1.239968e+01 2.540000e+00 -1.883093e+01
vertex 1.300012e+01 2.540000e+00 -1.972880e+01
vertex 1.139453e+01 2.540000e+00 -1.929867e+01
endloop
endfacet
facet normal 0 0 0
outer loop
vertex 1.515564e+01 -2.540000e+00 -2.637697e+01
vertex 1.594578e+01 -2.540000e+00 -2.785939e+01
vertex 1.652586e+01 -2.530504e+00 -2.637829e+01
endloop
endfacet
facet normal 0 0 0
outer loop
vertex 3.154750e+01 2.540000e+00 -2.012085e+01
vertex 3.029103e+01 2.540000e+00 -2.224331e+01
vertex 2.944219e+01 2.540000e+00 -2.020253e+01
endloop
endfacet
facet normal 0 0 0
outer loop
vertex 3.195319e+01 2.540000e+00 -2.202723e+01
vertex 3.029103e+01 2.540000e+00 -2.224331e+01
vertex 3.154750e+01 2.540000e+00 -2.012085e+01
endloop
endfacet
facet normal 0 0 0
outer loop
vertex 4.565522e+01 0.000000e+00 -1.323395e+01
vertex 4.553240e+01 1.037579e+00 -1.373376e+01
vertex 4.542838e+01 8.004824e-01 -1.272628e+01
endloop
endfacet
facet normal 0 0 0
outer loop
vertex 1.641604e+01 -2.540000e+00 -2.127971e+01
vertex 1.823059e+01 -2.540000e+00 -2.207724e+01
vertex 1.795516e+01 -2.540000e+00 -2.076089e+01
endloop
endfacet
facet normal 0 0 0
outer loop
vertex 1.823059e+01 -2.540000e+00 -2.207724e+01
vertex 1.641604e+01 -2.540000e+00 -2.127971e+01
vertex 1.626024e+01 -2.540000e+00 -2.269044e+01
endloop
endfacet
facet normal 0 0 0
outer loop
vertex 1.336633e+01 -2.540000e+00 -2.206998e+01
vertex 1.469868e+01 -2.540000e+00 -2.242488e+01
vertex 1.464124e+01 -2.540000e+00 -2.109218e+01
endloop
endfacet
facet normal 0 0 0
outer loop
vertex 3.139929e+01 -2.540000e+00 -3.043023e+01
vertex 3.319260e+01 -2.540000e+00 -2.944239e+01
vertex 3.152130e+01 -2.540000e+00 -2.875783e+01
endloop
endfacet
facet normal 0 0 0
outer loop
vertex 5.342367e+00 -2.540000e+00 -1.567521e+01
vertex 5.366957e+00 -2.540000e+00 -1.468920e+01
vertex 5.102318e+00 -2.455178e+00 -1.553348e+01
endloop
endfacet
facet normal 0 0 0
outer loop
vertex 2.415037e+01 -2.540000e+00 -2.027167e+01
vertex 2.355974e+01 -2.540000e+00 -2.136612e+01
vertex 2.462513e+01 -2.540000e+00 -2.241553e+01
endloop
endfacet
facet normal 0 0 0
outer loop
vertex 2.263724e+01 2.540000e+00 2.087115e+00
vertex 2.159179e+01 2.540000e+00 1.256637e+00
vertex 2.120472e+01 2.540000e+00 2.393504e+00
endloop
endfacet
facet normal 0 0 0
outer loop
vertex 2.462513e+01 -2.540000e+00 -2.241553e+01
vertex 2.383241e+01 -2.540000e+00 -2.350032e+01
vertex 2.481579e+01 -2.540000e+00 -2.423630e+01
endloop
endfacet
facet normal 0 0 0
outer loop
vertex 5.132099e+00 2.464723e+00 -1.689733e+01
vertex 5.342367e+00 2.540000e+00 -1.666059e+01
vertex 5.384313e+00 2.540000e+00 -1.758931e+01
endloop
endfacet
facet normal 0 0 0
outer loop
vertex 2.420560e+01 -2.540000e+00 -3.021855e+01
vertex 2.376726e+01 -2.540000e+00 -3.152920e+01
vertex 2.544613e+01 -2.533676e+00 -3.102727e+01
endloop
endfacet
facet normal 0 0 0
outer loop
vertex 2.150994e+01 2.540000e+00 -3.902917e+00
vertex 2.040975e+01 2.540000e+00 -2.757816e+00
vertex 2.199768e+01 2.540000e+00 -2.640137e+00
endloop
endfacet
facet normal 0 0 0
outer loop
vertex 3.121000e+01 2.538064e+00 -1.042269e+01
vertex 2.956952e+01 2.535786e+00 -1.004166e+01
vertex 3.123178e+01 2.540000e+00 -9.142227e+00
endloop
endfacet
facet normal 0 0 0
outer loop
vertex 2.322593e+01 2.540000e+00 -2.176885e+01
vertex 2.540445e+01 2.540000e+00 -2.227676e+01
vertex 2.362002e+01 2.540000e+00 -2.324418e+01
endloop
endfacet
facet normal 0 0 0
outer loop
vertex 2.101577e+01 2.540000e+00 -2.428426e+01
vertex 2.281280e+01 2.540000e+00 -2.434707e+01
vertex 2.183741e+01 2.540000e+00 -2.556079e+01
endloop
endfacet
facet normal 0 0 0
outer loop
vertex 2.324302e+01 2.540000e+00 -2.559144e+01
vertex 2.183741e+01 2.540000e+00 -2.556079e+01
vertex 2.281280e+01 2.540000e+00 -2.434707e+01
endloop
endfacet
facet normal 0 0 0
outer loop
vertex 3.650695e+01 -2.540000e+00 -2.249874e+01
vertex 3.509268e+01 -2.540000e+00 -2.231364e+01
vertex 3.598325e+01 -2.540000e+00 -2.431077e+01
endloop
endfacet
facet normal 0 0 0
outer loop
vertex 9.762565e+00 -2.540000e+00 -2.009475e+01
vertex 1.120174e+01 -2.540000e+00 -2.091062e+01
vertex 1.159499e+01 -2.540000e+00 -1.949301e+01
endloop
endfacet
facet normal 0 0 0
outer loop
vertex 9.762565e+00 -2.540000e+00 -2.009475e+01
vertex 1.159499e+01 -2.540000e+00 -1.949301e+01
vertex 1.061756e+01 -2.540000e+00 -1.790233e+01
endloop
endfacet
facet normal 0 0 0
outer loop
vertex 2.823821e+01 2.540000e+00 -2.921727e+01
vertex 2.877728e+01 2.540000e+00 -3.142092e+01
vertex 2.710697e+01 2.540000e+00 -3.047142e+01
endloop
endfacet
facet normal 0 0 0
outer loop
vertex 2.641755e+01 2.540000e+00 -2.939152e+01
vertex 2.823821e+01 2.540000e+00 -2.921727e+01
vertex 2.710697e+01 2.540000e+00 -3.047142e+01
endloop
endfacet
facet normal 0 0 0
outer loop
vertex 3.410465e+01 -2.540000e+00 -2.066432e+01
vertex 3.288577e+01 -2.540000e+00 -2.235201e+01
vertex 3.509268e+01 -2.540000e+00 -2.231364e+01
endloop
endfacet
facet normal 0 0 0
outer loop
vertex 3.113117e+01 -2.540000e+00 -1.258667e+01
vertex 3.108860e+01 -2.540000e+00 -1.419527e+01
vertex 3.249462e+01 -2.540000e+00 -1.381621e+01
endloop
endfacet
facet normal 0 0 0
outer loop
vertex 2.420560e+01 -2.540000e+00 -3.021855e+01
vertex 2.296392e+01 -2.540000e+00 -2.896563e+01
vertex 2.244951e+01 -2.540000e+00 -3.048369e+01
endloop
endfacet
facet normal 0 0 0
outer loop
vertex 4.537500e+01 1.087380e+00 -1.961713e+01
vertex 4.566709e+01 0.000000e+00 -1.897940e+01
vertex 4.545712e+01 1.756569e-02 -2.013240e+01
endloop
endfacet
facet normal 0 0 0
outer loop
vertex 9.338281e+00 -2.540000e+00 -7.149459e+00
vertex 8.194669e+00 -2.540000e+00 -8.019595e+00
vertex 9.136089e+00 -2.540000e+00 -8.195550e+00
endloop
endfacet
facet normal 0 0 0
outer loop
vertex 4.172840e+01 2.540000e+00 -7.197555e+00
vertex 4.260077e+01 2.540000e+00 -7.142545e+00
vertex 4.238481e+01 2.540000e+00 -7.746110e+00
endloop
endfacet
facet normal 0 0 0
outer loop
vertex 2.957104e+01 2.538057e+00 -1.372440e+01
vertex 3.039115e+01 2.537093e+00 -1.270396e+01
vertex 3.163955e+01 2.540000e+00 -1.324073e+01
endloop
endfacet
facet normal 0 0 0
outer loop
vertex 1.558046e+01 -2.540000e+00 -3.337914e+01
vertex 1.585324e+01 -2.373761e+00 -3.413271e+01
vertex 1.644993e+01 -2.522883e+00 -3.412746e+01
endloop
endfacet
facet normal 0 0 0
outer loop
vertex 2.753002e+01 2.537893e+00 -2.107182e+01
vertex 2.540445e+01 2.540000e+00 -2.227676e+01
vertex 2.561208e+01 2.540000e+00 -2.015845e+01
endloop
endfacet
facet normal 0 0 0
outer loop
vertex 2.984358e+01 -2.540000e+00 -6.951658e+00
vertex 3.138400e+01 -2.540000e+00 -6.165437e+00
vertex 3.008617e+01 -2.540000e+00 -5.191649e+00
endloop
endfacet
facet normal 0 0 0
outer loop
vertex 2.590552e+01 -2.540000e+00 -1.534884e+01
vertex 2.702083e+01 -2.540000e+00 -1.605360e+01
vertex 2.733517e+01 -2.540000e+00 -1.425034e+01
endloop
endfacet
facet normal 0 0 0
outer loop
vertex 3.703059e+01 -2.540000e+00 -1.659924e+01
vertex 3.673905e+01 -2.540000e+00 -1.837146e+01
vertex 3.820074e+01 -2.540000e+00 -1.777627e+01
endloop
endfacet
facet normal 0 0 0
outer loop
vertex 1.651672e+01 -2.540000e+00 -8.403537e+00
vertex 1.765507e+01 -2.540000e+00 -7.338877e+00
vertex 1.567538e+01 -2.540000e+00 -7.277791e+00
endloop
endfacet
facet normal 0 0 0
outer loop
vertex 2.733517e+01 -2.540000e+00 -1.425034e+01
vertex 2.530939e+01 -2.540000e+00 -1.407422e+01
vertex 2.590552e+01 -2.540000e+00 -1.534884e+01
endloop
endfacet
facet normal 0 0 0
outer loop
vertex 2.348713e+01 -2.540000e+00 -1.450743e+01
vertex 2.530939e+01 -2.540000e+00 -1.407422e+01
vertex 2.342542e+01 -2.540000e+00 -1.302868e+01
endloop
endfacet
facet normal 0 0 0
outer loop
vertex 3.224374e+01 2.540000e+00 -2.654276e+01
vertex 3.161762e+01 2.540000e+00 -2.808381e+01
vertex 3.086502e+01 2.540000e+00 -2.692674e+01
endloop
endfacet
facet normal 0 0 0
outer loop
vertex 2.165330e+01 -2.540000e+00 -2.791175e+01
vertex 2.076493e+01 -2.540000e+00 -2.917674e+01
vertex 2.296392e+01 -2.540000e+00 -2.896563e+01
endloop
endfacet
facet normal 0 0 0
outer loop
vertex 2.296392e+01 -2.540000e+00 -2.896563e+01
vertex 2.076493e+01 -2.540000e+00 -2.917674e+01
vertex 2.244951e+01 -2.540000e+00 -3.048369e+01
endloop
endfacet
facet normal 0 0 0
outer loop
vertex 3.940884e+01 -1.343461e-02 -1.134278e+00
vertex 4.006767e+01 -1.008250e+00 -2.044268e+00
vertex 4.065277e+01 -4.929775e-02 -2.420436e+00
endloop
endfacet
facet normal 0 0 0
outer loop
vertex 1.896487e+01 -2.540000e+00 -1.384810e+01
vertex 1.865262e+01 -2.540000e+00 -1.510796e+01
vertex 2.018497e+01 -2.540000e+00 -1.499162e+01
endloop
endfacet
facet normal 0 0 0
outer loop
vertex 2.018497e+01 -2.540000e+00 -1.499162e+01
vertex 2.192400e+01 -2.540000e+00 -1.391679e+01
vertex 2.039503e+01 -2.540000e+00 -1.290286e+01
endloop
endfacet
facet normal 0 0 0
outer loop
vertex 2.462400e+01 -2.540000e+00 -2.880527e+01
vertex 2.420560e+01 -2.540000e+00 -3.021855e+01
vertex 2.585298e+01 -2.540000e+00 -2.977607e+01
endloop
endfacet
facet normal 0 0 0
outer loop
vertex 3.057257e+01 -2.540000e+00 -2.697051e+01
vertex 3.050525e+01 -2.540000e+00 -2.540175e+01
vertex 2.916973e+01 -2.531754e+00 -2.596671e+01
endloop
endfacet
facet normal 0 0 0
outer loop
vertex 3.288577e+01 -2.540000e+00 -2.235201e+01
vertex 3.433353e+01 -2.540000e+00 -2.405349e+01
vertex 3.509268e+01 -2.540000e+00 -2.231364e+01
endloop
endfacet
facet normal 0 0 0
outer loop
vertex 2.415683e+01 -2.540000e+00 -6.779760e-01
vertex 2.431771e+01 -2.540000e+00 7.071755e-01
vertex 2.296034e+01 -2.540000e+00 -1.439825e-01
endloop
endfacet
facet normal 0 0 0
outer loop
vertex 3.213977e+01 2.540000e+00 -6.809781e+00
vertex 3.128631e+01 2.540000e+00 -4.843923e+00
vertex 3.325996e+01 2.540000e+00 -5.180389e+00
endloop
endfacet
facet normal 0 0 0
outer loop
vertex 2.571821e+01 1.008049e+00 -3.673396e+01
vertex 2.670073e+01 1.088004e+00 -3.667413e+01
vertex 2.652225e+01 -7.767856e-02 -3.687018e+01
endloop
endfacet
facet normal 0 0 0
outer loop
vertex 1.280598e+01 2.540000e+00 -2.806108e+01
vertex 1.445366e+01 2.540000e+00 -2.794565e+01
vertex 1.335967e+01 2.540000e+00 -2.941082e+01
endloop
endfacet
facet normal 0 0 0
outer loop
vertex 2.787676e+01 -2.540000e+00 -2.776053e+01
vertex 2.714455e+01 -2.540000e+00 -2.663825e+01
vertex 2.589998e+01 -2.540000e+00 -2.782058e+01
endloop
endfacet
facet normal 0 0 0
outer loop
vertex 3.546392e+01 2.540000e+00 -1.604043e+01
vertex 3.652715e+01 2.540000e+00 -1.475166e+01
vertex 3.680703e+01 2.540000e+00 -1.609003e+01
endloop
endfacet
facet normal 0 0 0
outer loop
vertex 2.542890e+01 2.540000e+00 -3.331423e+00
vertex 2.596540e+01 2.540000e+00 -1.547246e+00
vertex 2.675043e+01 2.540000e+00 -2.990306e+00
endloop
endfacet
facet normal 0 0 0
outer loop
vertex 2.057050e+01 -2.540000e+00 -2.441310e+01
vertex 1.954313e+01 -2.540000e+00 -2.532199e+01
vertex 2.060377e+01 -2.540000e+00 -2.626993e+01
endloop
endfacet
facet normal 0 0 0
outer loop
vertex 1.826789e+01 -2.540000e+00 -2.545854e+01
vertex 1.907795e+01 -2.540000e+00 -2.652529e+01
vertex 1.954313e+01 -2.540000e+00 -2.532199e+01
endloop
endfacet
facet normal 0 0 0
outer loop
vertex 1.481213e+01 -2.540000e+00 -2.492183e+01
vertex 1.404059e+01 -2.540000e+00 -2.374238e+01
vertex 1.376605e+01 -2.540000e+00 -2.479878e+01
endloop
endfacet
facet normal 0 0 0
outer loop
vertex 2.787676e+01 -2.540000e+00 -2.776053e+01
vertex 2.916973e+01 -2.531754e+00 -2.596671e+01
vertex 2.714455e+01 -2.540000e+00 -2.663825e+01
endloop
endfacet
facet normal 0 0 0
outer loop
vertex 1.117102e+01 -2.540000e+00 -1.295886e+01
vertex 1.260415e+01 -2.540000e+00 -1.410619e+01
vertex 1.304226e+01 -2.540000e+00 -1.259209e+01
endloop
endfacet
facet normal 0 0 0
outer loop
vertex 1.469868e+01 -2.540000e+00 -2.242488e+01
vertex 1.404059e+01 -2.540000e+00 -2.374238e+01
vertex 1.563759e+01 -2.540000e+00 -2.399269e+01
endloop
endfacet
facet normal 0 0 0
outer loop
vertex 2.918960e+01 -2.540000e+00 -2.775208e+01
vertex 2.916973e+01 -2.531754e+00 -2.596671e+01
vertex 2.787676e+01 -2.540000e+00 -2.776053e+01
endloop
endfacet
facet normal 0 0 0
outer loop
vertex 1.826789e+01 -2.540000e+00 -2.545854e+01
vertex 1.735138e+01 -2.540000e+00 -2.420808e+01
vertex 1.646484e+01 -2.540000e+00 -2.507237e+01
endloop
endfacet
facet normal 0 0 0
outer loop
vertex 1.110557e+01 2.540000e+00 -2.250138e+01
vertex 1.205089e+01 2.540000e+00 -2.103889e+01
vertex 1.321136e+01 2.540000e+00 -2.236481e+01
endloop
endfacet
facet normal 0 0 0
outer loop
vertex 1.110557e+01 2.540000e+00 -2.250138e+01
vertex 1.321136e+01 2.540000e+00 -2.236481e+01
vertex 1.209243e+01 2.540000e+00 -2.392650e+01
endloop
endfacet
facet normal 0 0 0
outer loop
vertex 1.444523e+01 -2.540000e+00 -9.705505e+00
vertex 1.268404e+01 -2.540000e+00 -9.106539e+00
vertex 1.286180e+01 -2.540000e+00 -1.102769e+01
endloop
endfacet
facet normal 0 0 0
outer loop
vertex 4.012889e+01 -1.037621e+00 -3.021737e+01
vertex 3.996350e+01 3.485020e-02 -3.062274e+01
vertex 4.068495e+01 6.970040e-02 -2.986992e+01
endloop
endfacet
facet normal 0 0 0
outer loop
vertex 1.806816e+01 2.540000e+00 -8.754613e+00
vertex 1.924554e+01 2.540000e+00 -9.768998e+00
vertex 1.770817e+01 2.540000e+00 -1.028089e+01
endloop
endfacet
facet normal 0 0 0
outer loop
vertex 1.646484e+01 -2.540000e+00 -2.507237e+01
vertex 1.652586e+01 -2.530504e+00 -2.637829e+01
vertex 1.826789e+01 -2.540000e+00 -2.545854e+01
endloop
endfacet
facet normal 0 0 0
outer loop
vertex 1.374877e+01 -2.540000e+00 -2.765790e+01
vertex 1.494923e+01 -2.540000e+00 -2.886786e+01
vertex 1.594578e+01 -2.540000e+00 -2.785939e+01
endloop
endfacet
facet normal 0 0 0
outer loop
vertex 2.918874e+01 -2.540000e+00 -2.133442e+01
vertex 3.009138e+01 -2.540000e+00 -2.026667e+01
vertex 2.811134e+01 -2.540000e+00 -2.032737e+01
endloop
endfacet
facet normal 0 0 0
outer loop
vertex 3.351477e+01 2.540000e+00 -3.096588e+01
vertex 3.215521e+01 2.540000e+00 -3.234623e+01
vertex 3.146303e+01 2.540000e+00 -3.065764e+01
endloop
endfacet
facet normal 0 0 0
outer loop
vertex 3.270694e+01 2.540000e+00 -2.935465e+01
vertex 3.351477e+01 2.540000e+00 -3.096588e+01
vertex 3.146303e+01 2.540000e+00 -3.065764e+01
endloop
endfacet
facet normal 0 0 0
outer loop
vertex 1.501784e+01 2.540000e+00 -1.967106e+01
vertex 1.703426e+01 2.540000e+00 -1.984298e+01
vertex 1.588932e+01 2.540000e+00 -2.131930e+01
endloop
endfacet
facet normal 0 0 0
outer loop
vertex 2.431771e+01 -2.540000e+00 7.071755e-01
vertex 2.415683e+01 -2.540000e+00 -6.779760e-01
vertex 2.592826e+01 -2.540000e+00 4.180505e-01
endloop
endfacet
facet normal 0 0 0
outer loop
vertex 1.057057e+01 2.540000e+00 -2.819439e+01
vertex 1.019638e+01 2.540000e+00 -2.734838e+01
vertex 1.149666e+01 2.540000e+00 -2.789227e+01
endloop
endfacet
facet normal 0 0 0
outer loop
vertex 3.529432e+01 -2.540000e+00 -1.004166e+01
vertex 3.416637e+01 -2.540000e+00 -9.183177e+00
vertex 3.416699e+01 -2.540000e+00 -1.111747e+01
endloop
endfacet
facet normal 0 0 0
outer loop
vertex 7.986281e+00 2.540000e+00 -2.340294e+01
vertex 8.817214e+00 2.540000e+00 -2.201868e+01
vertex 9.187366e+00 2.540000e+00 -2.380631e+01
endloop
endfacet
facet normal 0 0 0
outer loop
vertex 2.966011e+01 2.540000e+00 -3.291172e+01
vertex 2.990256e+01 2.540000e+00 -3.412648e+01
vertex 2.870597e+01 2.540000e+00 -3.368357e+01
endloop
endfacet
facet normal 0 0 0
outer loop
vertex 2.983138e+01 1.042944e+00 -3.618377e+01
vertex 3.058331e+01 -2.592584e-02 -3.619248e+01
vertex 2.858788e+01 4.911426e-02 -3.663118e+01
endloop
endfacet
facet normal 0 0 0
outer loop
vertex 4.498417e+01 -2.413183e+00 -1.935484e+01
vertex 4.438987e+01 -2.540000e+00 -2.057096e+01
vertex 4.478698e+01 -2.391438e+00 -2.066490e+01
endloop
endfacet
facet normal 0 0 0
outer loop
vertex 1.695299e+01 2.540000e+00 -3.237394e+01
vertex 1.757498e+01 2.540000e+00 -3.029614e+01
vertex 1.882211e+01 2.540000e+00 -3.218213e+01
endloop
endfacet
facet normal 0 0 0
outer loop
vertex 3.102952e+01 -2.540000e+00 -4.479518e+00
vertex 3.138400e+01 -2.540000e+00 -6.165437e+00
vertex 3.315640e+01 -2.540000e+00 -5.171854e+00
endloop
endfacet
facet normal 0 0 0
outer loop
vertex 4.397093e+01 2.522883e+00 -2.250860e+01
vertex 4.323165e+01 2.540000e+00 -2.191807e+01
vertex 4.413211e+01 2.545099e+00 -2.151712e+01
endloop
endfacet
facet normal 0 0 0
outer loop
vertex 4.350395e+01 2.540000e+00 -2.108135e+01
vertex 4.413211e+01 2.545099e+00 -2.151712e+01
vertex 4.323165e+01 2.540000e+00 -2.191807e+01
endloop
endfacet
facet normal 0 0 0
outer loop
vertex 1.665622e+01 -2.540000e+00 5.058960e-01
vertex 1.742470e+01 -2.540000e+00 1.153649e+00
vertex 1.655720e+01 -2.533641e+00 1.728682e+00
endloop
endfacet
facet normal 0 0 0
outer loop
vertex 1.149666e+01 2.540000e+00 -2.789227e+01
vertex 1.090431e+01 2.540000e+00 -2.624593e+01
vertex 1.300027e+01 2.540000e+00 -2.622374e+01
endloop
endfacet
facet normal 0 0 0
outer loop
vertex 1.149666e+01 2.540000e+00 -2.789227e+01
vertex 1.300027e+01 2.540000e+00 -2.622374e+01
vertex 1.280598e+01 2.540000e+00 -2.806108e+01
endloop
endfacet
facet normal 0 0 0
outer loop
vertex 2.398167e+01 2.540000e+00 -3.250708e+01
vertex 2.422865e+01 2.540000e+00 -3.388455e+01
vertex 2.248558e+01 2.540000e+00 -3.368459e+01
endloop
endfacet
facet normal 0 0 0
outer loop
vertex 2.811134e+01 -2.540000e+00 -2.032737e+01
vertex 2.718053e+01 -2.540000e+00 -2.213980e+01
vertex 2.857222e+01 -2.540000e+00 -2.264918e+01
endloop
endfacet
facet normal 0 0 0
outer loop
vertex 3.494192e+01 -2.540000e+00 -1.392636e+01
vertex 3.249462e+01 -2.540000e+00 -1.381621e+01
vertex 3.325279e+01 -2.540000e+00 -1.534884e+01
endloop
endfacet
facet normal 0 0 0
outer loop
vertex 4.539199e+01 -2.085889e+00 -1.816660e+01
vertex 4.558930e+01 -8.131357e-01 -1.839741e+01
vertex 4.558324e+01 -1.257067e+00 -1.761713e+01
endloop
endfacet
facet normal 0 0 0
outer loop
vertex 4.483064e+01 2.540000e+00 -1.764660e+01
vertex 4.458342e+01 2.542937e+00 -1.960150e+01
vertex 4.314077e+01 2.540000e+00 -1.847170e+01
endloop
endfacet
facet normal 0 0 0
outer loop
vertex 3.494192e+01 -2.540000e+00 -1.392636e+01
vertex 3.325279e+01 -2.540000e+00 -1.534884e+01
vertex 3.534935e+01 -2.540000e+00 -1.526834e+01
endloop
endfacet
facet normal 0 0 0
outer loop
vertex 4.107767e+01 2.540000e+00 -1.209936e+01
vertex 4.273064e+01 2.540000e+00 -1.084666e+01
vertex 4.284546e+01 2.539974e+00 -1.257368e+01
endloop
endfacet
facet normal 0 0 0
outer loop
vertex 2.018401e+01 2.540000e+00 -1.909634e+01
vertex 2.158392e+01 2.540000e+00 -1.983240e+01
vertex 1.985257e+01 2.540000e+00 -2.081070e+01
endloop
endfacet
facet normal 0 0 0
outer loop
vertex 1.985257e+01 2.540000e+00 -2.081070e+01
vertex 2.158392e+01 2.540000e+00 -1.983240e+01
vertex 2.104544e+01 2.540000e+00 -2.173619e+01
endloop
endfacet
facet normal 0 0 0
outer loop
vertex 2.857222e+01 -2.540000e+00 -2.264918e+01
vertex 2.712820e+01 -2.532461e+00 -2.433622e+01
vertex 2.916973e+01 -2.532766e+00 -2.433622e+01
endloop
endfacet
facet normal 0 0 0
outer loop
vertex 2.712820e+01 -2.532461e+00 -2.433622e+01
vertex 2.916973e+01 -2.531754e+00 -2.596671e+01
vertex 2.916973e+01 -2.532766e+00 -2.433622e+01
endloop
endfacet
facet normal 0 0 0
outer loop
vertex 1.731449e+01 2.535721e+00 1.005448e+00
vertex 1.635381e+01 2.540000e+00 -2.944258e-01
vertex 1.648170e+01 2.531442e+00 1.725696e+00
endloop
endfacet
facet normal 0 0 0
outer loop
vertex 7.983677e+00 -2.540000e+00 -1.169339e+01
vertex 9.487859e+00 -2.540000e+00 -1.256083e+01
vertex 9.349375e+00 -2.540000e+00 -1.079830e+01
endloop
endfacet
facet normal 0 0 0
outer loop
vertex 3.128218e+01 -2.540000e+00 -2.268669e+01
vertex 3.288577e+01 -2.540000e+00 -2.235201e+01
vertex 3.160810e+01 -2.540000e+00 -2.082724e+01
endloop
endfacet
facet normal 0 0 0
outer loop
vertex 4.545166e+01 -2.050578e+00 -1.716725e+01
vertex 4.558324e+01 -1.257067e+00 -1.761713e+01
vertex 4.566959e+01 -9.929024e-01 -1.671964e+01
endloop
endfacet
facet normal 0 0 0
outer loop
vertex 4.551133e+01 -2.015267e+00 -1.616790e+01
vertex 4.545166e+01 -2.050578e+00 -1.716725e+01
vertex 4.566959e+01 -9.929024e-01 -1.671964e+01
endloop
endfacet
facet normal 0 0 0
outer loop
vertex 4.037265e+01 -2.384160e+00 -2.938442e+01
vertex 4.018214e+01 -2.121200e+00 -2.983795e+01
vertex 4.086155e+01 -2.085889e+00 -2.910406e+01
endloop
endfacet
facet normal 0 0 0
outer loop
vertex 1.563759e+01 -2.540000e+00 -2.399269e+01
vertex 1.404059e+01 -2.540000e+00 -2.374238e+01
vertex 1.481213e+01 -2.540000e+00 -2.492183e+01
endloop
endfacet
facet normal 0 0 0
outer loop
vertex 3.281327e+01 2.531442e+00 -3.446878e+01
vertex 3.180469e+01 2.538550e+00 -3.477124e+01
vertex 3.158802e+01 2.540000e+00 -3.407404e+01
endloop
endfacet
facet normal 0 0 0
outer loop
vertex 6.618522e+00 2.540000e+00 -1.623425e+01
vertex 7.964787e+00 2.540000e+00 -1.530566e+01
vertex 8.029237e+00 2.540000e+00 -1.681523e+01
endloop
endfacet
facet normal 0 0 0
outer loop
vertex 2.422207e+01 -2.540000e+00 -8.215214e+00
vertex 2.457694e+01 -2.540000e+00 -7.024837e+00
vertex 2.300008e+01 -2.540000e+00 -6.345133e+00
endloop
endfacet
facet normal 0 0 0
outer loop
vertex 4.498417e+01 -2.413183e+00 -1.935484e+01
vertex 4.478698e+01 -2.391438e+00 -2.066490e+01
vertex 4.509837e+01 -2.085889e+00 -2.014606e+01
endloop
endfacet
facet normal 0 0 0
outer loop
vertex 3.971211e+01 -2.540000e+00 -7.108892e+00
vertex 3.909268e+01 -2.540000e+00 -5.946422e+00
vertex 3.826954e+01 -2.540000e+00 -7.881556e+00
endloop
endfacet
facet normal 0 0 0
outer loop
vertex 8.036283e+00 2.540000e+00 -2.093691e+01
vertex 7.308739e+00 2.540000e+00 -1.966123e+01
vertex 9.041411e+00 2.540000e+00 -1.981106e+01
endloop
endfacet
facet normal 0 0 0
outer loop
vertex 3.639950e+01 -2.540000e+00 -1.103600e+01
vertex 3.715034e+01 -2.540000e+00 -9.400777e+00
vertex 3.529432e+01 -2.540000e+00 -1.004166e+01
endloop
endfacet
facet normal 0 0 0
outer loop
vertex 1.885445e+01 1.398198e-02 3.628255e+00
vertex 1.794103e+01 1.005544e+00 3.121163e+00
vertex 1.779996e+01 3.980839e-02 3.242125e+00
endloop
endfacet
facet normal 0 0 0
outer loop
vertex 4.566709e+01 0.000000e+00 -1.897940e+01
vertex 4.540740e+01 -1.062862e+00 -1.943020e+01
vertex 4.545712e+01 1.756569e-02 -2.013240e+01
endloop
endfacet
facet normal 0 0 0
outer loop
vertex 4.520453e+01 -5.797914e-02 -2.130123e+01
vertex 4.521015e+01 -9.919656e-01 -2.056041e+01
vertex 4.491101e+01 -1.066310e+00 -2.168847e+01
endloop
endfacet
facet normal 0 0 0
outer loop
vertex 2.005096e+01 2.540000e+00 -1.342190e+01
vertex 2.006723e+01 2.540000e+00 -1.160454e+01
vertex 2.109218e+01 2.540000e+00 -1.286430e+01
endloop
endfacet
facet normal 0 0 0
outer loop
vertex 4.390538e+01 -1.181028e+00 -2.445704e+01
vertex 4.393798e+01 -2.085889e+00 -2.397134e+01
vertex 4.355012e+01 -1.884647e+00 -2.489833e+01
endloop
endfacet
facet normal 0 0 0
outer loop
vertex 3.540304e+01 -2.540000e+00 -7.132046e+00
vertex 3.633713e+01 -2.540000e+00 -6.472584e+00
vertex 3.528472e+01 -2.540000e+00 -5.653843e+00
endloop
endfacet
facet normal 0 0 0
outer loop
vertex 3.633713e+01 -2.540000e+00 -6.472584e+00
vertex 3.540304e+01 -2.540000e+00 -7.132046e+00
vertex 3.684559e+01 -2.540000e+00 -7.552958e+00
endloop
endfacet
facet normal 0 0 0
outer loop
vertex 2.589998e+01 -2.540000e+00 -2.782058e+01
vertex 2.714455e+01 -2.540000e+00 -2.663825e+01
vertex 2.588004e+01 -2.540000e+00 -2.581326e+01
endloop
endfacet
facet normal 0 0 0
outer loop
vertex 1.706445e+01 -2.540000e+00 -1.337971e+01
vertex 1.676410e+01 -2.540000e+00 -1.135211e+01
vertex 1.504321e+01 -2.540000e+00 -1.276276e+01
endloop
endfacet
facet normal 0 0 0
outer loop
vertex 1.806816e+01 2.540000e+00 -8.754613e+00
vertex 1.951715e+01 2.540000e+00 -7.995726e+00
vertex 1.924554e+01 2.540000e+00 -9.768998e+00
endloop
endfacet
facet normal 0 0 0
outer loop
vertex 1.286180e+01 -2.540000e+00 -1.102769e+01
vertex 1.193261e+01 -2.540000e+00 -1.034999e+01
vertex 1.127808e+01 -2.540000e+00 -1.144641e+01
endloop
endfacet
facet normal 0 0 0
outer loop
vertex 1.286180e+01 -2.540000e+00 -1.102769e+01
vertex 1.127808e+01 -2.540000e+00 -1.144641e+01
vertex 1.304226e+01 -2.540000e+00 -1.259209e+01
endloop
endfacet
facet normal 0 0 0
outer loop
vertex 4.540740e+01 -1.062862e+00 -1.943020e+01
vertex 4.509837e+01 -2.085889e+00 -2.014606e+01
vertex 4.521015e+01 -9.919656e-01 -2.056041e+01
endloop
endfacet
facet normal 0 0 0
outer loop
vertex 1.676811e+01 2.540000e+00 -9.002720e+00
vertex 1.806816e+01 2.540000e+00 -8.754613e+00
vertex 1.770817e+01 2.540000e+00 -1.028089e+01
endloop
endfacet
facet normal 0 0 0
outer loop
vertex 4.072755e+01 -2.540000e+00 -1.634777e+01
vertex 4.097544e+01 -2.540000e+00 -1.791066e+01
vertex 4.236781e+01 -2.540000e+00 -1.674656e+01
endloop
endfacet
facet normal 0 0 0
outer loop
vertex 4.358663e+01 -1.089596e+00 -7.164537e+00
vertex 4.351526e+01 -1.854076e+00 -7.350311e+00
vertex 4.376911e+01 -1.505087e+00 -7.733333e+00
endloop
endfacet
facet normal 0 0 0
outer loop
vertex 4.310104e+01 -2.015267e+00 -6.545503e+00
vertex 4.358663e+01 -1.089596e+00 -7.164537e+00
vertex 4.308316e+01 -9.571065e-01 -6.136687e+00
endloop
endfacet
facet normal 0 0 0
outer loop
vertex 4.380628e+01 -2.540000e+00 -1.762297e+01
vertex 4.236781e+01 -2.540000e+00 -1.674656e+01
vertex 4.245246e+01 -2.540000e+00 -1.811808e+01
endloop
endfacet
facet normal 0 0 0
outer loop
vertex 1.889600e+01 2.540000e+00 -3.394552e+01
vertex 2.044431e+01 2.540000e+00 -3.321917e+01
vertex 1.985537e+01 2.540000e+00 -3.414758e+01
endloop
endfacet
facet normal 0 0 0
outer loop
vertex 6.975675e+00 1.064426e+00 -6.427104e+00
vertex 7.496617e+00 1.056420e+00 -5.541822e+00
vertex 7.115208e+00 2.085889e+00 -6.555469e+00
endloop
endfacet
facet normal 0 0 0
outer loop
vertex 3.246179e+01 2.540000e+00 -1.219778e+01
vertex 3.227160e+01 2.540000e+00 -1.069337e+01
vertex 3.376583e+01 2.540000e+00 -1.167564e+01
endloop
endfacet
facet normal 0 0 0
outer loop
vertex 3.361627e+01 2.540000e+00 -1.381668e+01
vertex 3.246179e+01 2.540000e+00 -1.219778e+01
vertex 3.376583e+01 2.540000e+00 -1.167564e+01
endloop
endfacet
facet normal 0 0 0
outer loop
vertex 4.004465e+01 -2.522883e+00 -2.935769e+01
vertex 3.862121e+01 -2.540000e+00 -2.787782e+01
vertex 3.811163e+01 -2.540000e+00 -2.912778e+01
endloop
endfacet
facet normal 0 0 0
outer loop
vertex 4.004465e+01 -2.522883e+00 -2.935769e+01
vertex 4.004534e+01 -2.540000e+00 -2.722977e+01
vertex 3.862121e+01 -2.540000e+00 -2.787782e+01
endloop
endfacet
facet normal 0 0 0
outer loop
vertex 1.378170e+01 2.156511e+00 7.693348e-01
vertex 1.330130e+01 0.000000e+00 9.237232e-01
vertex 1.424460e+01 9.005948e-01 1.329537e+00
endloop
endfacet
facet normal 0 0 0
outer loop
vertex 3.009138e+01 -2.540000e+00 -2.026667e+01
vertex 3.112113e+01 -2.540000e+00 -1.869248e+01
vertex 2.986286e+01 -2.540000e+00 -1.882593e+01
endloop
endfacet
facet normal 0 0 0
outer loop
vertex 1.467540e+01 -2.540000e+00 -3.036214e+01
vertex 1.330164e+01 -2.540000e+00 -2.927381e+01
vertex 1.314533e+01 -2.540000e+00 -3.063432e+01
endloop
endfacet
facet normal 0 0 0
outer loop
vertex 1.581817e+01 -2.540000e+00 -1.832280e+01
vertex 1.797292e+01 -2.540000e+00 -1.798015e+01
vertex 1.682050e+01 -2.540000e+00 -1.701818e+01
endloop
endfacet
facet normal 0 0 0
outer loop
vertex 1.833358e+01 2.540000e+00 1.897214e-01
vertex 1.635381e+01 2.540000e+00 -2.944258e-01
vertex 1.731449e+01 2.535721e+00 1.005448e+00
endloop
endfacet
facet normal 0 0 0
outer loop
vertex 3.522779e+01 -2.540000e+00 -1.801314e+01
vertex 3.673905e+01 -2.540000e+00 -1.837146e+01
vertex 3.703059e+01 -2.540000e+00 -1.659924e+01
endloop
endfacet
facet normal 0 0 0
outer loop
vertex 3.502924e+01 -2.540000e+00 -1.648236e+01
vertex 3.522779e+01 -2.540000e+00 -1.801314e+01
vertex 3.703059e+01 -2.540000e+00 -1.659924e+01
endloop
endfacet
facet normal 0 0 0
outer loop
vertex 7.183929e+00 2.540000e+00 -2.163071e+01
vertex 6.632401e+00 2.540000e+00 -2.066506e+01
vertex 8.036283e+00 2.540000e+00 -2.093691e+01
endloop
endfacet
facet normal 0 0 0
outer loop
vertex 1.865455e+01 2.391438e+00 2.963859e+00
vertex 1.972877e+01 2.391438e+00 3.295127e+00
vertex 1.925254e+01 2.532525e+00 2.783793e+00
endloop
endfacet
facet normal 0 0 0
outer loop
vertex 1.935258e+01 2.540000e+00 -2.401501e+01
vertex 1.741412e+01 2.540000e+00 -2.369650e+01
vertex 1.879109e+01 2.540000e+00 -2.243019e+01
endloop
endfacet
facet normal 0 0 0
outer loop
vertex 1.421356e+01 -2.540000e+00 -2.000355e+01
vertex 1.278517e+01 -2.540000e+00 -2.077948e+01
vertex 1.464124e+01 -2.540000e+00 -2.109218e+01
endloop
endfacet
facet normal 0 0 0
outer loop
vertex 1.588932e+01 2.540000e+00 -2.131930e+01
vertex 1.639839e+01 2.540000e+00 -2.298698e+01
vertex 1.490929e+01 2.540000e+00 -2.246538e+01
endloop
endfacet
facet normal 0 0 0
outer loop
vertex 3.652715e+01 2.540000e+00 -1.475166e+01
vertex 3.805641e+01 2.540000e+00 -1.586703e+01
vertex 3.680703e+01 2.540000e+00 -1.609003e+01
endloop
endfacet
facet normal 0 0 0
outer loop
vertex 2.606294e+01 -2.540000e+00 -8.201804e+00
vertex 2.722991e+01 -2.540000e+00 -6.430687e+00
vertex 2.568918e+01 -2.540000e+00 -6.086683e+00
endloop
endfacet
facet normal 0 0 0
outer loop
vertex 3.425659e+01 2.391438e+00 1.826726e+00
vertex 3.470126e+01 2.156511e+00 1.797047e+00
vertex 3.576403e+01 2.391438e+00 9.785176e-01
endloop
endfacet
facet normal 0 0 0
outer loop
vertex 3.133626e+01 -2.540000e+00 -3.179822e+01
vertex 2.991415e+01 -2.540000e+00 -3.202290e+01
vertex 3.107422e+01 -2.540000e+00 -3.316129e+01
endloop
endfacet
facet normal 0 0 0
outer loop
vertex 3.133626e+01 -2.540000e+00 -3.179822e+01
vertex 3.107422e+01 -2.540000e+00 -3.316129e+01
vertex 3.187515e+01 -2.540000e+00 -3.252758e+01
endloop
endfacet
facet normal 0 0 0
outer loop
vertex 3.547415e+01 2.540000e+00 -1.379141e+01
vertex 3.521787e+01 2.540000e+00 -1.261537e+01
vertex 3.673607e+01 2.540000e+00 -1.328284e+01
endloop
endfacet
facet normal 0 0 0
outer loop
vertex 2.123695e+01 2.540000e+00 -3.454369e+01
vertex 2.044431e+01 2.540000e+00 -3.321917e+01
vertex 2.248558e+01 2.540000e+00 -3.368459e+01
endloop
endfacet
facet normal 0 0 0
outer loop
vertex 2.078497e+01 -2.540000e+00 -1.113170e+00
vertex 2.149162e+01 -2.540000e+00 9.649148e-02
vertex 1.957920e+01 -2.540000e+00 1.357352e-01
endloop
endfacet
facet normal 0 0 0
outer loop
vertex 2.248558e+01 2.540000e+00 -3.368459e+01
vertex 2.044431e+01 2.540000e+00 -3.321917e+01
vertex 2.156247e+01 2.540000e+00 -3.191259e+01
endloop
endfacet
facet normal 0 0 0
outer loop
vertex 4.526607e+01 -2.015267e+00 -1.317637e+01
vertex 4.498733e+01 -2.391438e+00 -1.266102e+01
vertex 4.541303e+01 -2.015267e+00 -1.416712e+01
endloop
endfacet
facet normal 0 0 0
outer loop
vertex 3.366805e+01 2.540000e+00 -2.381549e+01
vertex 3.550785e+01 2.540000e+00 -2.429846e+01
vertex 3.427438e+01 2.540000e+00 -2.529191e+01
endloop
endfacet
facet normal 0 0 0
outer loop
vertex 1.626024e+01 -2.540000e+00 -2.269044e+01
vertex 1.771161e+01 -2.540000e+00 -2.324410e+01
vertex 1.823059e+01 -2.540000e+00 -2.207724e+01
endloop
endfacet
facet normal 0 0 0
outer loop
vertex 1.644993e+01 -2.522883e+00 -3.412746e+01
vertex 1.732297e+01 -2.540000e+00 -3.182689e+01
vertex 1.601056e+01 -2.540000e+00 -3.226349e+01
endloop
endfacet
facet normal 0 0 0
outer loop
vertex 2.790623e+01 -2.540000e+00 -9.327357e+00
vertex 2.941592e+01 -2.540000e+00 -8.590227e+00
vertex 2.810368e+01 -2.540000e+00 -7.674302e+00
endloop
endfacet
facet normal 0 0 0
outer loop
vertex 9.323992e+00 2.540000e+00 -1.801880e+01
vertex 1.086052e+01 2.540000e+00 -1.750061e+01
vertex 1.009931e+01 2.540000e+00 -1.901683e+01
endloop
endfacet
facet normal 0 0 0
outer loop
vertex 1.249264e+01 -2.540000e+00 -2.631157e+01
vertex 1.087743e+01 -2.540000e+00 -2.610518e+01
vertex 1.187830e+01 -2.540000e+00 -2.808194e+01
endloop
endfacet
facet normal 0 0 0
outer loop
vertex 1.187830e+01 -2.540000e+00 -2.808194e+01
vertex 1.087743e+01 -2.540000e+00 -2.610518e+01
vertex 1.047041e+01 -2.540000e+00 -2.783875e+01
endloop
endfacet
facet normal 0 0 0
outer loop
vertex 8.036283e+00 2.540000e+00 -2.093691e+01
vertex 6.632401e+00 2.540000e+00 -2.066506e+01
vertex 7.308739e+00 2.540000e+00 -1.966123e+01
endloop
endfacet
facet normal 0 0 0
outer loop
vertex 4.392490e+01 -1.995353e+00 -8.278635e+00
vertex 4.431356e+01 -1.176581e+00 -8.882460e+00
vertex 4.405023e+01 -1.003780e+00 -8.142895e+00
endloop
endfacet
facet normal 0 0 0
outer loop
vertex 4.193374e+01 2.540000e+00 -8.439675e+00
vertex 4.172840e+01 2.540000e+00 -7.197555e+00
vertex 4.238481e+01 2.540000e+00 -7.746110e+00
endloop
endfacet
facet normal 0 0 0
outer loop
vertex 3.419669e+01 5.838054e-02 2.484695e+00
vertex 3.357866e+01 -1.031250e+00 2.577809e+00
vertex 3.448888e+01 -1.013754e+00 2.131353e+00
endloop
endfacet
facet normal 0 0 0
outer loop
vertex 9.192727e+00 2.540000e+00 -8.720344e+00
vertex 9.451264e+00 2.540000e+00 -7.032623e+00
vertex 1.096178e+01 2.540000e+00 -7.607839e+00
endloop
endfacet
facet normal 0 0 0
outer loop
vertex 2.046703e+01 2.540000e+00 -2.303971e+01
vertex 1.935258e+01 2.540000e+00 -2.401501e+01
vertex 1.879109e+01 2.540000e+00 -2.243019e+01
endloop
endfacet
facet normal 0 0 0
outer loop
vertex 1.690945e+01 2.540000e+00 -6.284766e+00
vertex 1.770639e+01 2.540000e+00 -7.604042e+00
vertex 1.616556e+01 2.540000e+00 -7.676194e+00
endloop
endfacet
facet normal 0 0 0
outer loop
vertex 3.510027e+01 -2.401966e+00 -3.367899e+01
vertex 3.596972e+01 -2.349832e+00 -3.321959e+01
vertex 3.545471e+01 -2.531442e+00 -3.311459e+01
endloop
endfacet
facet normal 0 0 0
outer loop
vertex 3.596972e+01 -2.349832e+00 -3.321959e+01
vertex 3.510027e+01 -2.401966e+00 -3.367899e+01
vertex 3.554342e+01 -1.940744e+00 -3.369359e+01
endloop
endfacet
facet normal 0 0 0
outer loop
vertex 4.500082e+01 2.391438e+00 -1.281306e+01
vertex 4.478780e+01 2.391438e+00 -1.167401e+01
vertex 4.509837e+01 2.085889e+00 -1.218974e+01
endloop
endfacet
facet normal 0 0 0
outer loop
vertex 1.253981e+01 -2.540000e+00 -2.481862e+01
vertex 1.111563e+01 -2.540000e+00 -2.420710e+01
vertex 1.087743e+01 -2.540000e+00 -2.610518e+01
endloop
endfacet
facet normal 0 0 0
outer loop
vertex 1.111563e+01 -2.540000e+00 -2.420710e+01
vertex 9.699224e+00 -2.540000e+00 -2.475006e+01
vertex 1.087743e+01 -2.540000e+00 -2.610518e+01
endloop
endfacet
facet normal 0 0 0
outer loop
vertex 9.078528e+00 -2.540000e+00 -2.599778e+01
vertex 9.754381e+00 -2.540000e+00 -2.704444e+01
vertex 1.087743e+01 -2.540000e+00 -2.610518e+01
endloop
endfacet
facet normal 0 0 0
outer loop
vertex 2.968332e+01 2.364630e+00 3.513782e+00
vertex 3.064246e+01 2.412112e+00 3.203988e+00
vertex 2.999950e+01 2.531442e+00 3.078355e+00
endloop
endfacet
facet normal 0 0 0
outer loop
vertex 2.519903e+01 2.540000e+00 -1.564707e+01
vertex 2.469749e+01 2.540000e+00 -1.707711e+01
vertex 2.354628e+01 2.540000e+00 -1.608552e+01
endloop
endfacet
facet normal 0 0 0
outer loop
vertex 2.685111e+01 2.540000e+00 -1.539797e+01
vertex 2.519903e+01 2.540000e+00 -1.564707e+01
vertex 2.547647e+01 2.540000e+00 -1.409129e+01
endloop
endfacet
facet normal 0 0 0
outer loop
vertex 3.087969e+01 2.540000e+00 -2.925938e+01
vertex 3.161762e+01 2.540000e+00 -2.808381e+01
vertex 3.270694e+01 2.540000e+00 -2.935465e+01
endloop
endfacet
facet normal 0 0 0
outer loop
vertex 6.494459e+00 -1.078255e+00 -2.489123e+01
vertex 6.685349e+00 -2.652789e-02 -2.575575e+01
vertex 6.912078e+00 -1.036659e+00 -2.579627e+01
endloop
endfacet
facet normal 0 0 0
outer loop
vertex 5.887987e+00 5.371786e-02 -2.402861e+01
vertex 6.685349e+00 -2.652789e-02 -2.575575e+01
vertex 6.494459e+00 -1.078255e+00 -2.489123e+01
endloop
endfacet
facet normal 0 0 0
outer loop
vertex 2.146180e+01 2.540000e+00 -1.155781e+01
vertex 2.241420e+01 2.540000e+00 -9.449480e+00
vertex 2.328288e+01 2.540000e+00 -1.145908e+01
endloop
endfacet
facet normal 0 0 0
outer loop
vertex 7.983677e+00 -2.540000e+00 -1.169339e+01
vertex 8.126764e+00 -2.540000e+00 -1.286433e+01
vertex 9.487859e+00 -2.540000e+00 -1.256083e+01
endloop
endfacet
facet normal 0 0 0
outer loop
vertex 1.724368e+01 2.540000e+00 -1.387987e+01
vertex 1.817666e+01 2.540000e+00 -1.492284e+01
vertex 1.716781e+01 2.540000e+00 -1.583996e+01
endloop
endfacet
facet normal 0 0 0
outer loop
vertex 2.026887e+01 2.540000e+00 -1.496679e+01
vertex 2.143092e+01 2.540000e+00 -1.602347e+01
vertex 1.923426e+01 2.540000e+00 -1.593220e+01
endloop
endfacet
facet normal 0 0 0
outer loop
vertex 2.150909e+01 2.540000e+00 -1.420424e+01
vertex 2.143092e+01 2.540000e+00 -1.602347e+01
vertex 2.026887e+01 2.540000e+00 -1.496679e+01
endloop
endfacet
facet normal 0 0 0
outer loop
vertex 4.218494e+01 -2.540000e+00 -2.301669e+01
vertex 4.043899e+01 -2.534081e+00 -2.360247e+01
vertex 4.189346e+01 -2.540000e+00 -2.388915e+01
endloop
endfacet
facet normal 0 0 0
outer loop
vertex 1.595325e+01 2.540000e+00 -2.892907e+01
vertex 1.445366e+01 2.540000e+00 -2.794565e+01
vertex 1.610251e+01 2.540000e+00 -2.686386e+01
endloop
endfacet
facet normal 0 0 0
outer loop
vertex 1.197375e+01 2.540000e+00 -1.449778e+01
vertex 1.347047e+01 2.540000e+00 -1.352282e+01
vertex 1.329311e+01 2.540000e+00 -1.551508e+01
endloop
endfacet
facet normal 0 0 0
outer loop
vertex 3.762709e+01 2.540000e+00 -2.651666e+00
vertex 3.688057e+01 2.536178e+00 -3.814952e+00
vertex 3.602579e+01 2.540000e+00 -1.932739e+00
endloop
endfacet
facet normal 0 0 0
outer loop
vertex 2.143092e+01 2.540000e+00 -1.602347e+01
vertex 2.139542e+01 2.540000e+00 -1.805592e+01
vertex 2.022290e+01 2.540000e+00 -1.725351e+01
endloop
endfacet
facet normal 0 0 0
outer loop
vertex 3.828941e+01 2.540000e+00 -1.840019e+01
vertex 3.992599e+01 2.540000e+00 -1.929651e+01
vertex 3.778565e+01 2.540000e+00 -2.015432e+01
endloop
endfacet
facet normal 0 0 0
outer loop
vertex 1.826789e+01 -2.540000e+00 -2.545854e+01
vertex 1.954313e+01 -2.540000e+00 -2.532199e+01
vertex 1.894849e+01 -2.540000e+00 -2.395618e+01
endloop
endfacet
facet normal 0 0 0
outer loop
vertex 3.808109e+01 -2.540000e+00 -2.129415e+01
vertex 3.908385e+01 -2.540000e+00 -2.287161e+01
vertex 3.957238e+01 -2.540000e+00 -2.127756e+01
endloop
endfacet
facet normal 0 0 0
outer loop
vertex 3.839071e+01 2.538257e+00 -1.412582e+01
vertex 3.652715e+01 2.540000e+00 -1.475166e+01
vertex 3.673607e+01 2.540000e+00 -1.328284e+01
endloop
endfacet
facet normal 0 0 0
outer loop
vertex 4.582901e+01 2.331216e-02 -1.506592e+01
vertex 4.583579e+01 2.436806e-02 -1.719815e+01
vertex 4.551133e+01 2.015267e+00 -1.616790e+01
endloop
endfacet
facet normal 0 0 0
outer loop
vertex 4.582901e+01 2.331216e-02 -1.506592e+01
vertex 4.566959e+01 -9.929024e-01 -1.671964e+01
vertex 4.583579e+01 2.436806e-02 -1.719815e+01
endloop
endfacet
facet normal 0 0 0
outer loop
vertex 2.622698e+01 2.540000e+00 -6.146972e+00
vertex 2.733422e+01 2.540000e+00 -7.444051e+00
vertex 2.557139e+01 2.540000e+00 -7.513062e+00
endloop
endfacet
facet normal 0 0 0
outer loop
vertex 2.286553e+01 -2.540000e+00 -3.981412e+00
vertex 2.421566e+01 -2.540000e+00 -4.971299e+00
vertex 2.513423e+01 -2.540000e+00 -3.395635e+00
endloop
endfacet
facet normal 0 0 0
outer loop
vertex 2.410884e+01 -2.531442e+00 -3.600360e+01
vertex 2.258130e+01 -2.391438e+00 -3.619900e+01
vertex 2.416805e+01 -2.391438e+00 -3.634003e+01
endloop
endfacet
facet normal 0 0 0
outer loop
vertex 3.652715e+01 2.540000e+00 -1.475166e+01
vertex 3.547415e+01 2.540000e+00 -1.379141e+01
vertex 3.673607e+01 2.540000e+00 -1.328284e+01
endloop
endfacet
facet normal 0 0 0
outer loop
vertex 2.857222e+01 -2.540000e+00 -2.264918e+01
vertex 2.918874e+01 -2.540000e+00 -2.133442e+01
vertex 2.811134e+01 -2.540000e+00 -2.032737e+01
endloop
endfacet
facet normal 0 0 0
outer loop
vertex 3.410465e+01 -2.540000e+00 -2.066432e+01
vertex 3.544442e+01 -2.540000e+00 -1.966209e+01
vertex 3.408734e+01 -2.540000e+00 -1.885453e+01
endloop
endfacet
facet normal 0 0 0
outer loop
vertex 3.288577e+01 -2.540000e+00 -2.235201e+01
vertex 3.293121e+01 -2.540000e+00 -2.010551e+01
vertex 3.160810e+01 -2.540000e+00 -2.082724e+01
endloop
endfacet
facet normal 0 0 0
outer loop
vertex 2.462513e+01 -2.540000e+00 -2.241553e+01
vertex 2.529816e+01 -2.536102e+00 -2.127310e+01
vertex 2.415037e+01 -2.540000e+00 -2.027167e+01
endloop
endfacet
facet normal 0 0 0
outer loop
vertex 3.900599e+01 2.540000e+00 -2.931107e+01
vertex 4.001695e+01 2.534881e+00 -2.932581e+01
vertex 3.936861e+01 2.522883e+00 -3.008628e+01
endloop
endfacet
facet normal 0 0 0
outer loop
vertex 5.887987e+00 5.371786e-02 -2.402861e+01
vertex 6.520824e+00 1.060485e+00 -2.497416e+01
vertex 6.685349e+00 -2.652789e-02 -2.575575e+01
endloop
endfacet
facet normal 0 0 0
outer loop
vertex 1.419589e+01 -2.540000e+00 -1.784342e+01
vertex 1.464719e+01 -2.540000e+00 -1.908810e+01
vertex 1.581817e+01 -2.540000e+00 -1.832280e+01
endloop
endfacet
facet normal 0 0 0
outer loop
vertex 1.515298e+01 2.540000e+00 -9.572822e+00
vertex 1.377743e+01 2.540000e+00 -1.016952e+01
vertex 1.448165e+01 2.540000e+00 -8.259651e+00
endloop
endfacet
facet normal 0 0 0
outer loop
vertex 3.160810e+01 -2.540000e+00 -2.082724e+01
vertex 3.009138e+01 -2.540000e+00 -2.026667e+01
vertex 3.033968e+01 -2.540000e+00 -2.181308e+01
endloop
endfacet
facet normal 0 0 0
outer loop
vertex 2.603863e+01 -2.540000e+00 -2.330596e+01
vertex 2.712820e+01 -2.532461e+00 -2.433622e+01
vertex 2.718053e+01 -2.540000e+00 -2.213980e+01
endloop
endfacet
facet normal 0 0 0
outer loop
vertex 3.646494e+01 2.540000e+00 -2.552811e+01
vertex 3.766570e+01 2.540000e+00 -2.406599e+01
vertex 3.777452e+01 2.540000e+00 -2.622211e+01
endloop
endfacet
facet normal 0 0 0
outer loop
vertex 3.517602e+01 2.540000e+00 -2.652187e+01
vertex 3.653550e+01 2.540000e+00 -2.664825e+01
vertex 3.598489e+01 2.540000e+00 -2.747216e+01
endloop
endfacet
facet normal 0 0 0
outer loop
vertex 3.533772e+01 2.540000e+00 -2.836076e+01
vertex 3.517602e+01 2.540000e+00 -2.652187e+01
vertex 3.598489e+01 2.540000e+00 -2.747216e+01
endloop
endfacet
facet normal 0 0 0
outer loop
vertex 3.652715e+01 2.540000e+00 -1.475166e+01
vertex 3.491998e+01 2.540000e+00 -1.486044e+01
vertex 3.547415e+01 2.540000e+00 -1.379141e+01
endloop
endfacet
facet normal 0 0 0
outer loop
vertex 4.530677e+01 1.441254e-02 -1.143274e+01
vertex 4.542838e+01 8.004824e-01 -1.272628e+01
vertex 4.521841e+01 9.719186e-01 -1.180042e+01
endloop
endfacet
facet normal 0 0 0
outer loop
vertex 4.542838e+01 8.004824e-01 -1.272628e+01
vertex 4.553240e+01 1.037579e+00 -1.373376e+01
vertex 4.509837e+01 2.085889e+00 -1.218974e+01
endloop
endfacet
facet normal 0 0 0
outer loop
vertex 4.450134e+01 2.401794e+00 -1.067516e+01
vertex 4.446125e+01 2.531442e+00 -1.174855e+01
vertex 4.392501e+01 2.531442e+00 -9.842630e+00
endloop
endfacet
facet normal 0 0 0
outer loop
vertex 2.284514e+01 -2.540000e+00 -2.274357e+01
vertex 2.294231e+01 -2.540000e+00 -2.454065e+01
vertex 2.383241e+01 -2.540000e+00 -2.350032e+01
endloop
endfacet
facet normal 0 0 0
outer loop
vertex 2.575233e+01 -2.540000e+00 -1.126284e+00
vertex 2.601904e+01 -2.540000e+00 -2.342563e+00
vertex 2.710324e+01 -2.540000e+00 -1.759723e+00
endloop
endfacet
facet normal 0 0 0
outer loop
vertex 2.455061e+01 2.540000e+00 -2.495406e+01
vertex 2.324302e+01 2.540000e+00 -2.559144e+01
vertex 2.281280e+01 2.540000e+00 -2.434707e+01
endloop
endfacet
facet normal 0 0 0
outer loop
vertex 1.348620e+01 -2.540000e+00 -1.855569e+00
vertex 1.281662e+01 -2.540000e+00 -2.987640e+00
vertex 1.487643e+01 -2.540000e+00 -2.981004e+00
endloop
endfacet
facet normal 0 0 0
outer loop
vertex 1.370625e+01 -2.540000e+00 -4.245522e+00
vertex 1.487643e+01 -2.540000e+00 -2.981004e+00
vertex 1.281662e+01 -2.540000e+00 -2.987640e+00
endloop
endfacet
facet normal 0 0 0
outer loop
vertex 1.504321e+01 -2.540000e+00 -1.276276e+01
vertex 1.578605e+01 -2.540000e+00 -1.371870e+01
vertex 1.706445e+01 -2.540000e+00 -1.337971e+01
endloop
endfacet
facet normal 0 0 0
outer loop
vertex 4.319994e+01 -2.540000e+00 -1.929422e+01
vertex 4.380628e+01 -2.540000e+00 -1.762297e+01
vertex 4.245246e+01 -2.540000e+00 -1.811808e+01
endloop
endfacet
facet normal 0 0 0
outer loop
vertex 1.597787e+01 2.540000e+00 -2.935624e+00
vertex 1.730301e+01 2.540000e+00 -3.451460e+00
vertex 1.597599e+01 2.540000e+00 -4.834741e+00
endloop
endfacet
facet normal 0 0 0
outer loop
vertex 2.310489e+01 -2.535663e+00 1.467431e+00
vertex 2.436697e+01 -2.540000e+00 1.856053e+00
vertex 2.408184e+01 -2.540000e+00 2.818014e+00
endloop
endfacet
facet normal 0 0 0
outer loop
vertex 2.155249e+01 -2.540000e+00 -2.705837e+00
vertex 2.039557e+01 -2.540000e+00 -2.640993e+00
vertex 2.060951e+01 -2.540000e+00 -4.522064e+00
endloop
endfacet
facet normal 0 0 0
outer loop
vertex 1.985257e+01 2.540000e+00 -2.081070e+01
vertex 1.879109e+01 2.540000e+00 -2.243019e+01
vertex 1.822551e+01 2.540000e+00 -2.071558e+01
endloop
endfacet
facet normal 0 0 0
outer loop
vertex 1.822551e+01 2.540000e+00 -2.071558e+01
vertex 1.879109e+01 2.540000e+00 -2.243019e+01
vertex 1.721440e+01 2.540000e+00 -2.164513e+01
endloop
endfacet
facet normal 0 0 0
outer loop
vertex 1.676811e+01 2.540000e+00 -9.002720e+00
vertex 1.599444e+01 2.540000e+00 -1.073418e+01
vertex 1.515298e+01 2.540000e+00 -9.572822e+00
endloop
endfacet
facet normal 0 0 0
outer loop
vertex 1.676811e+01 2.540000e+00 -9.002720e+00
vertex 1.770817e+01 2.540000e+00 -1.028089e+01
vertex 1.599444e+01 2.540000e+00 -1.073418e+01
endloop
endfacet
facet normal 0 0 0
outer loop
vertex 1.239968e+01 2.540000e+00 -1.883093e+01
vertex 1.208733e+01 2.540000e+00 -1.794096e+01
vertex 1.346937e+01 2.540000e+00 -1.803078e+01
endloop
endfacet
facet normal 0 0 0
outer loop
vertex 1.346937e+01 2.540000e+00 -1.803078e+01
vertex 1.300012e+01 2.540000e+00 -1.972880e+01
vertex 1.239968e+01 2.540000e+00 -1.883093e+01
endloop
endfacet
facet normal 0 0 0
outer loop
vertex 3.325164e+01 -2.534220e+00 -2.555626e+01
vertex 3.418807e+01 -2.540000e+00 -2.688963e+01
vertex 3.509161e+01 -2.540000e+00 -2.611252e+01
endloop
endfacet
facet normal 0 0 0
outer loop
vertex 3.509161e+01 -2.540000e+00 -2.611252e+01
vertex 3.418807e+01 -2.540000e+00 -2.688963e+01
vertex 3.483101e+01 -2.540000e+00 -2.808566e+01
endloop
endfacet
facet normal 0 0 0
outer loop
vertex 2.597969e+01 -2.540000e+00 -1.752167e+01
vertex 2.780638e+01 -2.540000e+00 -1.742386e+01
vertex 2.702083e+01 -2.540000e+00 -1.605360e+01
endloop
endfacet
facet normal 0 0 0
outer loop
vertex 1.127808e+01 -2.540000e+00 -1.144641e+01
vertex 9.487859e+00 -2.540000e+00 -1.256083e+01
vertex 1.117102e+01 -2.540000e+00 -1.295886e+01
endloop
endfacet
facet normal 0 0 0
outer loop
vertex 2.340064e+01 -2.540000e+00 -1.044930e+01
vertex 2.260434e+01 -2.540000e+00 -1.144901e+01
vertex 2.409119e+01 -2.540000e+00 -1.175387e+01
endloop
endfacet
facet normal 0 0 0
outer loop
vertex 2.568918e+01 -2.540000e+00 -6.086683e+00
vertex 2.722991e+01 -2.540000e+00 -6.430687e+00
vertex 2.711416e+01 -2.540000e+00 -4.573390e+00
endloop
endfacet
facet normal 0 0 0
outer loop
vertex 3.808213e+01 2.540000e+00 -5.868857e+00
vertex 3.934779e+01 2.540000e+00 -4.601255e+00
vertex 3.957399e+01 2.540000e+00 -5.949739e+00
endloop
endfacet
facet normal 0 0 0
outer loop
vertex 8.817214e+00 2.540000e+00 -2.201868e+01
vertex 7.183929e+00 2.540000e+00 -2.163071e+01
vertex 8.036283e+00 2.540000e+00 -2.093691e+01
endloop
endfacet
facet normal 0 0 0
outer loop
vertex 3.934779e+01 2.540000e+00 -4.601255e+00
vertex 4.122421e+01 2.531442e+00 -4.574522e+00
vertex 3.957399e+01 2.540000e+00 -5.949739e+00
endloop
endfacet
facet normal 0 0 0
outer loop
vertex 2.952550e+01 2.540000e+00 -1.566411e+01
vertex 3.134373e+01 2.540000e+00 -1.578284e+01
vertex 2.983651e+01 2.540000e+00 -1.709267e+01
endloop
endfacet
facet normal 0 0 0
outer loop
vertex 4.107767e+01 2.540000e+00 -1.209936e+01
vertex 4.145701e+01 2.540000e+00 -1.020009e+01
vertex 4.273064e+01 2.540000e+00 -1.084666e+01
endloop
endfacet
facet normal 0 0 0
outer loop
vertex 2.286553e+01 -2.540000e+00 -3.981412e+00
vertex 2.290715e+01 -2.540000e+00 -1.951908e+00
vertex 2.155249e+01 -2.540000e+00 -2.705837e+00
endloop
endfacet
facet normal 0 0 0
outer loop
vertex 3.108860e+01 -2.540000e+00 -1.419527e+01
vertex 2.910048e+01 -2.540000e+00 -1.445299e+01
vertex 2.988221e+01 -2.540000e+00 -1.563277e+01
endloop
endfacet
facet normal 0 0 0
outer loop
vertex 2.755682e+01 2.540000e+00 1.102503e+00
vertex 2.765473e+01 2.540000e+00 -3.612734e-01
vertex 2.582964e+01 2.540000e+00 1.263955e-01
endloop
endfacet
facet normal 0 0 0
outer loop
vertex 1.472994e+01 -2.540000e+00 -1.416512e+01
vertex 1.525559e+01 -2.540000e+00 -1.614627e+01
vertex 1.591534e+01 -2.540000e+00 -1.468567e+01
endloop
endfacet
facet normal 0 0 0
outer loop
vertex 1.706445e+01 -2.540000e+00 -1.337971e+01
vertex 1.578605e+01 -2.540000e+00 -1.371870e+01
vertex 1.591534e+01 -2.540000e+00 -1.468567e+01
endloop
endfacet
facet normal 0 0 0
outer loop
vertex 2.910048e+01 -2.540000e+00 -1.445299e+01
vertex 3.108860e+01 -2.540000e+00 -1.419527e+01
vertex 2.983503e+01 -2.540000e+00 -1.317917e+01
endloop
endfacet
facet normal 0 0 0
outer loop
vertex 2.807415e+01 2.540000e+00 -3.557477e+00
vertex 2.637061e+01 2.540000e+00 -4.553414e+00
vertex 2.675043e+01 2.540000e+00 -2.990306e+00
endloop
endfacet
facet normal 0 0 0
outer loop
vertex 1.652586e+01 -2.530504e+00 -2.637829e+01
vertex 1.783767e+01 -2.540000e+00 -2.725055e+01
vertex 1.826789e+01 -2.540000e+00 -2.545854e+01
endloop
endfacet
facet normal 0 0 0
outer loop
vertex 1.783767e+01 -2.540000e+00 -2.725055e+01
vertex 1.907795e+01 -2.540000e+00 -2.652529e+01
vertex 1.826789e+01 -2.540000e+00 -2.545854e+01
endloop
endfacet
facet normal 0 0 0
outer loop
vertex 3.380903e+01 -2.540000e+00 -3.179758e+01
vertex 3.387962e+01 -2.540000e+00 -3.281752e+01
vertex 3.493895e+01 -2.540000e+00 -3.193489e+01
endloop
endfacet
facet normal 0 0 0
outer loop
vertex 2.176974e+01 -2.540000e+00 -2.387174e+01
vertex 2.294231e+01 -2.540000e+00 -2.454065e+01
vertex 2.284514e+01 -2.540000e+00 -2.274357e+01
endloop
endfacet
facet normal 0 0 0
outer loop
vertex 2.739082e+01 2.540000e+00 2.588666e+00
vertex 2.805884e+01 2.531442e+00 3.470669e+00
vertex 2.829270e+01 2.540000e+00 2.635688e+00
endloop
endfacet
facet normal 0 0 0
outer loop
vertex 2.739082e+01 2.540000e+00 2.588666e+00
vertex 2.701035e+01 2.540000e+00 3.384529e+00
vertex 2.805884e+01 2.531442e+00 3.470669e+00
endloop
endfacet
facet normal 0 0 0
outer loop
vertex 1.828566e+01 -2.535780e+00 1.310890e+00
vertex 1.744557e+01 -2.535840e+00 2.146565e+00
vertex 1.742470e+01 -2.540000e+00 1.153649e+00
endloop
endfacet
facet normal 0 0 0
outer loop
vertex 2.302376e+01 -2.540000e+00 -1.661839e+01
vertex 2.506613e+01 -2.540000e+00 -1.666359e+01
vertex 2.442658e+01 -2.540000e+00 -1.550562e+01
endloop
endfacet
facet normal 0 0 0
outer loop
vertex 2.743068e+01 2.540000e+00 -6.101297e+00
vertex 2.637061e+01 2.540000e+00 -4.553414e+00
vertex 2.783122e+01 2.540000e+00 -4.972694e+00
endloop
endfacet
facet normal 0 0 0
outer loop
vertex 2.622698e+01 2.540000e+00 -6.146972e+00
vertex 2.637061e+01 2.540000e+00 -4.553414e+00
vertex 2.743068e+01 2.540000e+00 -6.101297e+00
endloop
endfacet
facet normal 0 0 0
outer loop
vertex 3.843031e+01 2.540000e+00 -8.969767e+00
vertex 3.750031e+01 2.540000e+00 -7.682188e+00
vertex 3.920901e+01 2.540000e+00 -7.406472e+00
endloop
endfacet
facet normal 0 0 0
outer loop
vertex 1.548637e+01 2.085889e+00 1.815693e+00
vertex 1.424460e+01 9.005948e-01 1.329537e+00
vertex 1.510519e+01 -6.473331e-02 2.019382e+00
endloop
endfacet
facet normal 0 0 0
outer loop
vertex 1.510519e+01 -6.473331e-02 2.019382e+00
vertex 1.600492e+01 8.748435e-01 2.311131e+00
vertex 1.548637e+01 2.085889e+00 1.815693e+00
endloop
endfacet
facet normal 0 0 0
outer loop
vertex 2.078497e+01 -2.540000e+00 -1.113170e+00
vertex 2.290715e+01 -2.540000e+00 -1.951908e+00
vertex 2.149162e+01 -2.540000e+00 9.649148e-02
endloop
endfacet
facet normal 0 0 0
outer loop
vertex 4.471843e+01 5.292308e-02 -9.402676e+00
vertex 4.464149e+01 -9.929546e-01 -9.696284e+00
vertex 4.499512e+01 -1.172936e-01 -1.036691e+01
endloop
endfacet
facet normal 0 0 0
outer loop
vertex 2.870597e+01 2.540000e+00 -3.368357e+01
vertex 2.721581e+01 2.540000e+00 -3.442303e+01
vertex 2.753773e+01 2.540000e+00 -3.298666e+01
endloop
endfacet
facet normal 0 0 0
outer loop
vertex 4.004465e+01 -2.522883e+00 -2.935769e+01
vertex 3.943821e+01 -2.403117e+00 -3.035127e+01
vertex 4.037265e+01 -2.384160e+00 -2.938442e+01
endloop
endfacet
facet normal 0 0 0
outer loop
vertex 7.482643e+00 -1.077633e+00 -2.676323e+01
vertex 7.941512e+00 1.130036e-02 -2.784076e+01
vertex 8.042749e+00 -1.037294e+00 -2.766875e+01
endloop
endfacet
facet normal 0 0 0
outer loop
vertex 8.042749e+00 -1.037294e+00 -2.766875e+01
vertex 7.941512e+00 1.130036e-02 -2.784076e+01
vertex 8.616523e+00 -1.023236e+00 -2.847057e+01
endloop
endfacet
facet normal 0 0 0
outer loop
vertex 1.690945e+01 2.540000e+00 -6.284766e+00
vertex 1.597599e+01 2.540000e+00 -4.834741e+00
vertex 1.757975e+01 2.540000e+00 -4.903343e+00
endloop
endfacet
facet normal 0 0 0
outer loop
vertex 1.494923e+01 -2.540000e+00 -2.886786e+01
vertex 1.330164e+01 -2.540000e+00 -2.927381e+01
vertex 1.467540e+01 -2.540000e+00 -3.036214e+01
endloop
endfacet
facet normal 0 0 0
outer loop
vertex 3.107601e+01 -2.540000e+00 -9.930810e+00
vertex 3.077131e+01 -2.540000e+00 -7.960054e+00
vertex 2.941592e+01 -2.540000e+00 -8.590227e+00
endloop
endfacet
facet normal 0 0 0
outer loop
vertex 8.503213e+00 -2.399550e+00 -2.764253e+01
vertex 9.204704e+00 -2.391438e+00 -2.861162e+01
vertex 8.978086e+00 -2.535844e+00 -2.775772e+01
endloop
endfacet
facet normal 0 0 0
outer loop
vertex 3.527677e+01 -2.540000e+00 -2.934138e+01
vertex 3.448456e+01 -2.540000e+00 -3.069145e+01
vertex 3.698662e+01 -2.540000e+00 -3.021087e+01
endloop
endfacet
facet normal 0 0 0
outer loop
vertex 1.018441e+01 -2.540000e+00 -8.439546e+00
vertex 9.136089e+00 -2.540000e+00 -8.195550e+00
vertex 8.822879e+00 -2.540000e+00 -9.366172e+00
endloop
endfacet
facet normal 0 0 0
outer loop
vertex 1.486301e+01 2.540000e+00 -1.202273e+01
vertex 1.347047e+01 2.540000e+00 -1.352282e+01
vertex 1.313883e+01 2.540000e+00 -1.164704e+01
endloop
endfacet
facet normal 0 0 0
outer loop
vertex 1.114629e+01 2.540000e+00 -1.567864e+01
vertex 1.206562e+01 2.540000e+00 -1.690655e+01
vertex 1.086052e+01 2.540000e+00 -1.750061e+01
endloop
endfacet
facet normal 0 0 0
outer loop
vertex 2.811134e+01 -2.540000e+00 -2.032737e+01
vertex 2.852786e+01 -2.540000e+00 -1.837876e+01
vertex 2.683748e+01 -2.540000e+00 -1.850169e+01
endloop
endfacet
facet normal 0 0 0
outer loop
vertex 3.937239e+01 -1.078255e+00 -3.097370e+01
vertex 3.918893e+01 -2.793678e-02 -3.141434e+01
vertex 4.012889e+01 -1.037621e+00 -3.021737e+01
endloop
endfacet
facet normal 0 0 0
outer loop
vertex 1.695299e+01 2.540000e+00 -3.237394e+01
vertex 1.543851e+01 2.540000e+00 -3.176640e+01
vertex 1.607283e+01 2.540000e+00 -3.055928e+01
endloop
endfacet
facet normal 0 0 0
outer loop
vertex 4.521841e+01 9.719186e-01 -1.180042e+01
vertex 4.542838e+01 8.004824e-01 -1.272628e+01
vertex 4.509837e+01 2.085889e+00 -1.218974e+01
endloop
endfacet
facet normal 0 0 0
outer loop
vertex 4.509837e+01 2.085889e+00 -1.218974e+01
vertex 4.493948e+01 9.490502e-01 -1.065865e+01
vertex 4.521841e+01 9.719186e-01 -1.180042e+01
endloop
endfacet
facet normal 0 0 0
outer loop
vertex 1.374877e+01 -2.540000e+00 -2.765790e+01
vertex 1.187830e+01 -2.540000e+00 -2.808194e+01
vertex 1.330164e+01 -2.540000e+00 -2.927381e+01
endloop
endfacet
facet normal 0 0 0
outer loop
vertex 4.447380e+00 8.099021e-02 -1.820751e+01
vertex 4.741947e+00 -1.056324e+00 -1.904085e+01
vertex 4.615973e+00 -9.671382e-01 -1.818809e+01
endloop
endfacet
facet normal 0 0 0
outer loop
vertex 4.447380e+00 8.099021e-02 -1.820751e+01
vertex 4.615973e+00 -9.671382e-01 -1.818809e+01
vertex 4.544643e+00 -9.190102e-01 -1.723608e+01
endloop
endfacet
facet normal 0 0 0
outer loop
vertex 3.892096e+01 2.540000e+00 -2.522467e+01
vertex 3.975121e+01 2.540000e+00 -2.361015e+01
vertex 4.033857e+01 2.540000e+00 -2.516757e+01
endloop
endfacet
facet normal 0 0 0
outer loop
vertex 2.952550e+01 2.540000e+00 -1.566411e+01
vertex 2.855701e+01 2.540000e+00 -1.720475e+01
vertex 2.796398e+01 2.540000e+00 -1.615443e+01
endloop
endfacet
facet normal 0 0 0
outer loop
vertex 2.585008e+01 1.011086e+00 4.378570e+00
vertex 2.660136e+01 -6.371675e-02 4.533658e+00
vertex 2.678482e+01 1.097629e+00 4.332411e+00
endloop
endfacet
facet normal 0 0 0
outer loop
vertex 2.786277e+01 2.540000e+00 1.833908e+00
vertex 2.829270e+01 2.540000e+00 2.635688e+00
vertex 2.896749e+01 2.540000e+00 1.969107e+00
endloop
endfacet
facet normal 0 0 0
outer loop
vertex 4.024601e+01 9.794841e-01 -2.231390e+00
vertex 4.086155e+01 2.085889e+00 -3.231744e+00
vertex 4.019754e+01 1.955593e+00 -2.450977e+00
endloop
endfacet
facet normal 0 0 0
outer loop
vertex 8.940089e+00 -4.075333e-03 -2.920915e+01
vertex 9.336048e+00 -2.085889e+00 -2.910406e+01
vertex 8.616523e+00 -1.023236e+00 -2.847057e+01
endloop
endfacet
facet normal 0 0 0
outer loop
vertex 3.680703e+01 2.540000e+00 -1.609003e+01
vertex 3.805641e+01 2.540000e+00 -1.586703e+01
vertex 3.703578e+01 2.540000e+00 -1.732565e+01
endloop
endfacet
facet normal 0 0 0
outer loop
vertex 9.798169e+00 -8.589538e-01 -2.995662e+01
vertex 9.336048e+00 -2.085889e+00 -2.910406e+01
vertex 8.940089e+00 -4.075333e-03 -2.920915e+01
endloop
endfacet
facet normal 0 0 0
outer loop
vertex 2.018401e+01 2.540000e+00 -1.909634e+01
vertex 1.882103e+01 2.540000e+00 -1.967910e+01
vertex 1.888490e+01 2.540000e+00 -1.777152e+01
endloop
endfacet
facet normal 0 0 0
outer loop
vertex 4.494157e+01 -1.012096e+00 -1.070188e+01
vertex 4.519512e+01 -9.567353e-01 -1.166847e+01
vertex 4.530677e+01 1.441254e-02 -1.143274e+01
endloop
endfacet
facet normal 0 0 0
outer loop
vertex 6.523213e+00 -2.400112e+00 -2.404348e+01
vertex 6.139386e+00 -2.381217e+00 -2.310733e+01
vertex 6.279154e+00 -2.156511e+00 -2.396325e+01
endloop
endfacet
facet normal 0 0 0
outer loop
vertex 2.415037e+01 -2.540000e+00 -2.027167e+01
vertex 2.639750e+01 -2.540000e+00 -2.035319e+01
vertex 2.538692e+01 -2.540000e+00 -1.904607e+01
endloop
endfacet
facet normal 0 0 0
outer loop
vertex 2.529816e+01 -2.536102e+00 -2.127310e+01
vertex 2.639750e+01 -2.540000e+00 -2.035319e+01
vertex 2.415037e+01 -2.540000e+00 -2.027167e+01
endloop
endfacet
facet normal 0 0 0
outer loop
vertex 3.246179e+01 2.540000e+00 -1.219778e+01
vertex 3.121126e+01 2.536128e+00 -1.168352e+01
vertex 3.227160e+01 2.540000e+00 -1.069337e+01
endloop
endfacet
facet normal 0 0 0
outer loop
vertex 4.540740e+01 -1.062862e+00 -1.943020e+01
vertex 4.521015e+01 -9.919656e-01 -2.056041e+01
vertex 4.545712e+01 1.756569e-02 -2.013240e+01
endloop
endfacet
facet normal 0 0 0
outer loop
vertex 4.540740e+01 -1.062862e+00 -1.943020e+01
vertex 4.539199e+01 -2.085889e+00 -1.816660e+01
vertex 4.524518e+01 -2.085889e+00 -1.915633e+01
endloop
endfacet
facet normal 0 0 0
outer loop
vertex 4.450134e+01 2.401794e+00 -1.067516e+01
vertex 4.392501e+01 2.531442e+00 -9.842630e+00
vertex 4.411282e+01 2.391438e+00 -9.389720e+00
endloop
endfacet
facet normal 0 0 0
outer loop
vertex 4.411282e+01 2.391438e+00 -9.389720e+00
vertex 4.461214e+01 2.085889e+00 -1.024859e+01
vertex 4.450134e+01 2.401794e+00 -1.067516e+01
endloop
endfacet
facet normal 0 0 0
outer loop
vertex 2.748425e+01 2.540000e+00 -1.972911e+01
vertex 2.753002e+01 2.537893e+00 -2.107182e+01
vertex 2.561208e+01 2.540000e+00 -2.015845e+01
endloop
endfacet
facet normal 0 0 0
outer loop
vertex 2.721930e+01 2.540000e+00 -1.824435e+01
vertex 2.748425e+01 2.540000e+00 -1.972911e+01
vertex 2.561208e+01 2.540000e+00 -2.015845e+01
endloop
endfacet
facet normal 0 0 0
outer loop
vertex 3.154750e+01 2.540000e+00 -2.012085e+01
vertex 2.944219e+01 2.540000e+00 -2.020253e+01
vertex 3.054990e+01 2.540000e+00 -1.904548e+01
endloop
endfacet
facet normal 0 0 0
outer loop
vertex 3.358789e+01 2.540000e+00 -2.775447e+01
vertex 3.375775e+01 2.540000e+00 -2.628507e+01
vertex 3.517602e+01 2.540000e+00 -2.652187e+01
endloop
endfacet
facet normal 0 0 0
outer loop
vertex 2.267679e+01 -2.540000e+00 -2.621837e+01
vertex 2.450752e+01 -2.540000e+00 -2.686922e+01
vertex 2.387776e+01 -2.540000e+00 -2.543073e+01
endloop
endfacet
facet normal 0 0 0
outer loop
vertex 2.472889e+01 2.540000e+00 2.269753e+00
vertex 2.608035e+01 2.540000e+00 2.713793e+00
vertex 2.648991e+01 2.540000e+00 1.606691e+00
endloop
endfacet
facet normal 0 0 0
outer loop
vertex 4.521841e+01 9.719186e-01 -1.180042e+01
vertex 4.493948e+01 9.490502e-01 -1.065865e+01
vertex 4.530677e+01 1.441254e-02 -1.143274e+01
endloop
endfacet
facet normal 0 0 0
outer loop
vertex 3.537901e+01 1.078255e+00 1.635393e+00
vertex 3.419669e+01 5.838054e-02 2.484695e+00
vertex 3.605677e+01 0.000000e+00 1.473740e+00
endloop
endfacet
facet normal 0 0 0
outer loop
vertex 3.419669e+01 5.838054e-02 2.484695e+00
vertex 3.448888e+01 -1.013754e+00 2.131353e+00
vertex 3.605677e+01 0.000000e+00 1.473740e+00
endloop
endfacet
facet normal 0 0 0
outer loop
vertex 2.160510e+01 -2.540000e+00 1.852317e+00
vertex 2.149162e+01 -2.540000e+00 9.649148e-02
vertex 2.310489e+01 -2.535663e+00 1.467431e+00
endloop
endfacet
facet normal 0 0 0
outer loop
vertex 2.310489e+01 -2.535663e+00 1.467431e+00
vertex 2.149162e+01 -2.540000e+00 9.649148e-02
vertex 2.296034e+01 -2.540000e+00 -1.439825e-01
endloop
endfacet
facet normal 0 0 0
outer loop
vertex 1.730301e+01 2.540000e+00 -3.451460e+00
vertex 1.757975e+01 2.540000e+00 -4.903343e+00
vertex 1.597599e+01 2.540000e+00 -4.834741e+00
endloop
endfacet
facet normal 0 0 0
outer loop
vertex 4.471357e+01 -2.767430e-02 -2.296392e+01
vertex 4.520453e+01 -5.797914e-02 -2.130123e+01
vertex 4.491101e+01 -1.066310e+00 -2.168847e+01
endloop
endfacet
facet normal 0 0 0
outer loop
vertex 1.730301e+01 2.540000e+00 -3.451460e+00
vertex 1.597787e+01 2.540000e+00 -2.935624e+00
vertex 1.738629e+01 2.540000e+00 -1.721898e+00
endloop
endfacet
facet normal 0 0 0
outer loop
vertex 2.479196e+01 5.309806e-02 4.580310e+00
vertex 2.363875e+01 -1.880118e-03 4.500191e+00
vertex 2.397214e+01 -1.157961e+00 4.348350e+00
endloop
endfacet
facet normal 0 0 0
outer loop
vertex 4.376911e+01 -1.505087e+00 -7.733333e+00
vertex 4.405023e+01 -1.003780e+00 -8.142895e+00
vertex 4.358663e+01 -1.089596e+00 -7.164537e+00
endloop
endfacet
facet normal 0 0 0
outer loop
vertex 2.413561e+01 2.540000e+00 -9.917382e+00
vertex 2.328288e+01 2.540000e+00 -1.145908e+01
vertex 2.241420e+01 2.540000e+00 -9.449480e+00
endloop
endfacet
facet normal 0 0 0
outer loop
vertex 3.529432e+01 -2.540000e+00 -1.004166e+01
vertex 3.715034e+01 -2.540000e+00 -9.400777e+00
vertex 3.557308e+01 -2.540000e+00 -8.723906e+00
endloop
endfacet
facet normal 0 0 0
outer loop
vertex 3.808109e+01 -2.540000e+00 -2.129415e+01
vertex 3.869070e+01 -2.540000e+00 -1.918443e+01
vertex 3.697217e+01 -2.540000e+00 -1.985401e+01
endloop
endfacet
facet normal 0 0 0
outer loop
vertex 1.268404e+01 -2.540000e+00 -9.106539e+00
vertex 1.193261e+01 -2.540000e+00 -1.034999e+01
vertex 1.286180e+01 -2.540000e+00 -1.102769e+01
endloop
endfacet
facet normal 0 0 0
outer loop
vertex 2.114248e+01 2.540000e+00 -1.096467e-01
vertex 2.159179e+01 2.540000e+00 1.256637e+00
vertex 2.210029e+01 2.540000e+00 -3.946685e-01
endloop
endfacet
facet normal 0 0 0
outer loop
vertex 2.114248e+01 2.540000e+00 -1.096467e-01
vertex 2.026171e+01 2.540000e+00 7.336923e-01
vertex 2.159179e+01 2.540000e+00 1.256637e+00
endloop
endfacet
facet normal 0 0 0
outer loop
vertex 2.046703e+01 2.540000e+00 -2.303971e+01
vertex 2.101577e+01 2.540000e+00 -2.428426e+01
vertex 1.935258e+01 2.540000e+00 -2.401501e+01
endloop
endfacet
facet normal 0 0 0
outer loop
vertex 6.618522e+00 2.540000e+00 -1.623425e+01
vertex 5.948706e+00 2.540000e+00 -1.702508e+01
vertex 5.342367e+00 2.540000e+00 -1.666059e+01
endloop
endfacet
facet normal 0 0 0
outer loop
vertex 2.597969e+01 -2.540000e+00 -1.752167e+01
vertex 2.683748e+01 -2.540000e+00 -1.850169e+01
vertex 2.780638e+01 -2.540000e+00 -1.742386e+01
endloop
endfacet
facet normal 0 0 0
outer loop
vertex 2.246591e+01 2.540000e+00 -2.890742e+01
vertex 2.132375e+01 2.540000e+00 -2.758297e+01
vertex 2.278861e+01 2.540000e+00 -2.691813e+01
endloop
endfacet
facet normal 0 0 0
outer loop
vertex 2.675043e+01 2.540000e+00 -2.990306e+00
vertex 2.731002e+01 2.540000e+00 -1.789016e+00
vertex 2.807415e+01 2.540000e+00 -3.557477e+00
endloop
endfacet
facet normal 0 0 0
outer loop
vertex 4.392941e+01 -9.466412e-02 -2.488466e+01
vertex 4.348020e+01 -1.267447e+00 -2.531796e+01
vertex 4.305554e+01 -1.123139e+00 -2.619275e+01
endloop
endfacet
facet normal 0 0 0
outer loop
vertex 9.658831e+00 -2.540000e+00 -2.208995e+01
vertex 9.296710e+00 -2.540000e+00 -2.336688e+01
vertex 1.106122e+01 -2.540000e+00 -2.269464e+01
endloop
endfacet
facet normal 0 0 0
outer loop
vertex 2.855701e+01 2.540000e+00 -1.720475e+01
vertex 2.952550e+01 2.540000e+00 -1.566411e+01
vertex 2.983651e+01 2.540000e+00 -1.709267e+01
endloop
endfacet
facet normal 0 0 0
outer loop
vertex 1.229434e+01 2.540000e+00 -1.044635e+01
vertex 1.377743e+01 2.540000e+00 -1.016952e+01
vertex 1.313883e+01 2.540000e+00 -1.164704e+01
endloop
endfacet
facet normal 0 0 0
outer loop
vertex 3.128218e+01 -2.540000e+00 -2.268669e+01
vertex 3.095146e+01 -2.540000e+00 -2.413200e+01
vertex 3.255206e+01 -2.540000e+00 -2.403071e+01
endloop
endfacet
facet normal 0 0 0
outer loop
vertex 1.313883e+01 2.540000e+00 -1.164704e+01
vertex 1.114852e+01 2.540000e+00 -1.159477e+01
vertex 1.229434e+01 2.540000e+00 -1.044635e+01
endloop
endfacet
facet normal 0 0 0
outer loop
vertex 7.225935e+00 -2.540000e+00 -1.799232e+01
vertex 6.618660e+00 -2.540000e+00 -1.693319e+01
vertex 6.368298e+00 -2.540000e+00 -1.938966e+01
endloop
endfacet
facet normal 0 0 0
outer loop
vertex 6.618660e+00 -2.540000e+00 -1.693319e+01
vertex 5.504069e+00 -2.540000e+00 -1.762481e+01
vertex 5.392540e+00 -2.531442e+00 -1.863741e+01
endloop
endfacet
facet normal 0 0 0
outer loop
vertex 2.078497e+01 -2.540000e+00 -1.113170e+00
vertex 2.155249e+01 -2.540000e+00 -2.705837e+00
vertex 2.290715e+01 -2.540000e+00 -1.951908e+00
endloop
endfacet
facet normal 0 0 0
outer loop
vertex 2.039557e+01 -2.540000e+00 -2.640993e+00
vertex 2.155249e+01 -2.540000e+00 -2.705837e+00
vertex 2.078497e+01 -2.540000e+00 -1.113170e+00
endloop
endfacet
facet normal 0 0 0
outer loop
vertex 1.444523e+01 -2.540000e+00 -9.705505e+00
vertex 1.587827e+01 -2.540000e+00 -1.008851e+01
vertex 1.471712e+01 -2.540000e+00 -8.383552e+00
endloop
endfacet
facet normal 0 0 0
outer loop
vertex 4.541303e+01 -2.015267e+00 -1.416712e+01
vertex 4.582901e+01 2.331216e-02 -1.506592e+01
vertex 4.565522e+01 0.000000e+00 -1.323395e+01
endloop
endfacet
facet normal 0 0 0
outer loop
vertex 6.055661e+00 1.125952e+00 -2.393648e+01
vertex 6.706504e+00 2.156511e+00 -2.486681e+01
vertex 6.520824e+00 1.060485e+00 -2.497416e+01
endloop
endfacet
facet normal 0 0 0
outer loop
vertex 3.750031e+01 2.540000e+00 -7.682188e+00
vertex 3.616512e+01 2.540000e+00 -7.374132e+00
vertex 3.808213e+01 2.540000e+00 -5.868857e+00
endloop
endfacet
facet normal 0 0 0
outer loop
vertex 4.461214e+01 2.085889e+00 -1.024859e+01
vertex 4.461896e+01 1.217102e+00 -9.758654e+00
vertex 4.493948e+01 9.490502e-01 -1.065865e+01
endloop
endfacet
facet normal 0 0 0
outer loop
vertex 1.896209e+01 -2.540000e+00 -1.248769e+01
vertex 1.786611e+01 -2.540000e+00 -1.203472e+01
vertex 1.706445e+01 -2.540000e+00 -1.337971e+01
endloop
endfacet
facet normal 0 0 0
outer loop
vertex 2.567464e+01 2.540000e+00 -2.653653e+01
vertex 2.717944e+01 2.540000e+00 -2.643489e+01
vertex 2.698721e+01 2.540000e+00 -2.790615e+01
endloop
endfacet
facet normal 0 0 0
outer loop
vertex 2.567464e+01 2.540000e+00 -2.653653e+01
vertex 2.698721e+01 2.540000e+00 -2.790615e+01
vertex 2.546799e+01 2.540000e+00 -2.809711e+01
endloop
endfacet
facet normal 0 0 0
outer loop
vertex 1.896209e+01 -2.540000e+00 -1.248769e+01
vertex 1.861712e+01 -2.540000e+00 -1.074240e+01
vertex 1.786611e+01 -2.540000e+00 -1.203472e+01
endloop
endfacet
facet normal 0 0 0
outer loop
vertex 2.362002e+01 2.540000e+00 -2.324418e+01
vertex 2.455061e+01 2.540000e+00 -2.495406e+01
vertex 2.281280e+01 2.540000e+00 -2.434707e+01
endloop
endfacet
facet normal 0 0 0
outer loop
vertex 1.504867e+01 2.673241e-02 -3.433442e+01
vertex 1.692213e+01 -2.509513e-02 -3.524767e+01
vertex 1.615211e+01 -9.704314e-01 -3.470164e+01
endloop
endfacet
facet normal 0 0 0
outer loop
vertex 1.627813e+01 1.064387e+00 -3.474244e+01
vertex 1.692213e+01 -2.509513e-02 -3.524767e+01
vertex 1.504867e+01 2.673241e-02 -3.433442e+01
endloop
endfacet
facet normal 0 0 0
outer loop
vertex 7.964787e+00 2.540000e+00 -1.530566e+01
vertex 6.804709e+00 2.540000e+00 -1.417441e+01
vertex 8.896464e+00 2.540000e+00 -1.379150e+01
endloop
endfacet
facet normal 0 0 0
outer loop
vertex 6.804709e+00 2.540000e+00 -1.417441e+01
vertex 7.962312e+00 2.540000e+00 -1.261968e+01
vertex 8.896464e+00 2.540000e+00 -1.379150e+01
endloop
endfacet
facet normal 0 0 0
outer loop
vertex 4.566959e+01 -9.929024e-01 -1.671964e+01
vertex 4.558324e+01 -1.257067e+00 -1.761713e+01
vertex 4.583579e+01 2.436806e-02 -1.719815e+01
endloop
endfacet
facet normal 0 0 0
outer loop
vertex 4.117995e+01 9.755006e-01 -3.320682e+00
vertex 4.065277e+01 -4.929775e-02 -2.420436e+00
vertex 4.190036e+01 0.000000e+00 -3.960852e+00
endloop
endfacet
facet normal 0 0 0
outer loop
vertex 3.261869e+01 2.540000e+00 -3.437894e+00
vertex 3.403080e+01 2.540000e+00 -2.065222e+00
vertex 3.422101e+01 2.540000e+00 -3.975203e+00
endloop
endfacet
facet normal 0 0 0
outer loop
vertex 3.325279e+01 -2.540000e+00 -1.534884e+01
vertex 3.116159e+01 -2.540000e+00 -1.601876e+01
vertex 3.217710e+01 -2.540000e+00 -1.681813e+01
endloop
endfacet
facet normal 0 0 0
outer loop
vertex 1.486301e+01 2.540000e+00 -1.202273e+01
vertex 1.525120e+01 2.540000e+00 -1.384220e+01
vertex 1.347047e+01 2.540000e+00 -1.352282e+01
endloop
endfacet
facet normal 0 0 0
outer loop
vertex 2.916961e+01 -2.540000e+00 -4.428414e+00
vertex 2.823292e+01 -2.540000e+00 -3.229220e+00
vertex 2.711416e+01 -2.540000e+00 -4.573390e+00
endloop
endfacet
facet normal 0 0 0
outer loop
vertex 1.923426e+01 2.540000e+00 -1.593220e+01
vertex 1.768495e+01 2.540000e+00 -1.694982e+01
vertex 1.716781e+01 2.540000e+00 -1.583996e+01
endloop
endfacet
facet normal 0 0 0
outer loop
vertex 1.817666e+01 2.540000e+00 -1.492284e+01
vertex 1.923426e+01 2.540000e+00 -1.593220e+01
vertex 1.716781e+01 2.540000e+00 -1.583996e+01
endloop
endfacet
facet normal 0 0 0
outer loop
vertex 3.766729e+01 -2.540000e+00 -2.350972e+01
vertex 3.650695e+01 -2.540000e+00 -2.249874e+01
vertex 3.598325e+01 -2.540000e+00 -2.431077e+01
endloop
endfacet
facet normal 0 0 0
outer loop
vertex 1.849032e+01 2.540000e+00 -8.986346e-01
vertex 1.635381e+01 2.540000e+00 -2.944258e-01
vertex 1.833358e+01 2.540000e+00 1.897214e-01
endloop
endfacet
facet normal 0 0 0
outer loop
vertex 1.924554e+01 2.540000e+00 -9.768998e+00
vertex 2.006723e+01 2.540000e+00 -1.160454e+01
vertex 1.864264e+01 2.540000e+00 -1.189917e+01
endloop
endfacet
facet normal 0 0 0
outer loop
vertex 2.314005e+01 2.540000e+00 -3.096425e+01
vertex 2.167204e+01 2.540000e+00 -3.044399e+01
vertex 2.246591e+01 2.540000e+00 -2.890742e+01
endloop
endfacet
facet normal 0 0 0
outer loop
vertex 2.458241e+01 2.540000e+00 -2.943726e+01
vertex 2.314005e+01 2.540000e+00 -3.096425e+01
vertex 2.246591e+01 2.540000e+00 -2.890742e+01
endloop
endfacet
facet normal 0 0 0
outer loop
vertex 2.176974e+01 -2.540000e+00 -2.387174e+01
vertex 2.173993e+01 -2.540000e+00 -2.519116e+01
vertex 2.294231e+01 -2.540000e+00 -2.454065e+01
endloop
endfacet
facet normal 0 0 0
outer loop
vertex 2.173993e+01 -2.540000e+00 -2.519116e+01
vertex 2.060377e+01 -2.540000e+00 -2.626993e+01
vertex 2.267679e+01 -2.540000e+00 -2.621837e+01
endloop
endfacet
facet normal 0 0 0
outer loop
vertex 3.709059e+01 2.531442e+00 -3.365355e-01
vertex 3.602579e+01 2.540000e+00 -1.932739e+00
vertex 3.510633e+01 2.540000e+00 -9.156229e-01
endloop
endfacet
facet normal 0 0 0
outer loop
vertex 3.545398e+01 2.539262e+00 7.666609e-01
vertex 3.709059e+01 2.531442e+00 -3.365355e-01
vertex 3.510633e+01 2.540000e+00 -9.156229e-01
endloop
endfacet
facet normal 0 0 0
outer loop
vertex 9.573296e+00 -2.540475e+00 -1.534929e+01
vertex 1.052125e+01 -2.540000e+00 -1.429654e+01
vertex 8.407562e+00 -2.540000e+00 -1.390339e+01
endloop
endfacet
facet normal 0 0 0
outer loop
vertex 8.407562e+00 -2.540000e+00 -1.390339e+01
vertex 1.052125e+01 -2.540000e+00 -1.429654e+01
vertex 9.487859e+00 -2.540000e+00 -1.256083e+01
endloop
endfacet
facet normal 0 0 0
outer loop
vertex 4.541485e+01 -8.853203e-01 -1.272974e+01
vertex 4.541303e+01 -2.015267e+00 -1.416712e+01
vertex 4.565522e+01 0.000000e+00 -1.323395e+01
endloop
endfacet
facet normal 0 0 0
outer loop
vertex 4.248896e+01 2.540000e+00 -2.426643e+01
vertex 4.285411e+01 2.540000e+00 -2.370735e+01
vertex 4.324582e+01 2.522883e+00 -2.435615e+01
endloop
endfacet
facet normal 0 0 0
outer loop
vertex 4.392941e+01 -9.466412e-02 -2.488466e+01
vertex 4.348312e+01 9.939981e-01 -2.542398e+01
vertex 4.387359e+01 1.084749e+00 -2.456666e+01
endloop
endfacet
facet normal 0 0 0
outer loop
vertex 1.491937e+01 2.540000e+00 -2.582066e+01
vertex 1.445366e+01 2.540000e+00 -2.794565e+01
vertex 1.300027e+01 2.540000e+00 -2.622374e+01
endloop
endfacet
facet normal 0 0 0
outer loop
vertex 1.610251e+01 2.540000e+00 -2.686386e+01
vertex 1.445366e+01 2.540000e+00 -2.794565e+01
vertex 1.491937e+01 2.540000e+00 -2.582066e+01
endloop
endfacet
facet normal 0 0 0
outer loop
vertex 1.882211e+01 2.540000e+00 -3.218213e+01
vertex 2.044431e+01 2.540000e+00 -3.321917e+01
vertex 1.889600e+01 2.540000e+00 -3.394552e+01
endloop
endfacet
facet normal 0 0 0
outer loop
vertex 2.592826e+01 -2.540000e+00 4.180505e-01
vertex 2.744214e+01 -2.540000e+00 -1.718648e-01
vertex 2.674431e+01 -2.540000e+00 1.444788e+00
endloop
endfacet
facet normal 0 0 0
outer loop
vertex 4.206341e+01 2.391438e+00 -2.712481e+01
vertex 4.184355e+01 2.522883e+00 -2.698281e+01
vertex 4.252109e+01 2.238190e+00 -2.643212e+01
endloop
endfacet
facet normal 0 0 0
outer loop
vertex 1.116948e+01 -2.391438e+00 -3.078622e+01
vertex 1.189610e+01 -2.391438e+00 -3.143790e+01
vertex 1.159030e+01 -2.531442e+00 -3.072660e+01
endloop
endfacet
facet normal 0 0 0
outer loop
vertex 1.127808e+01 -2.540000e+00 -1.144641e+01
vertex 1.117102e+01 -2.540000e+00 -1.295886e+01
vertex 1.304226e+01 -2.540000e+00 -1.259209e+01
endloop
endfacet
facet normal 0 0 0
outer loop
vertex 4.558324e+01 -1.257067e+00 -1.761713e+01
vertex 4.558930e+01 -8.131357e-01 -1.839741e+01
vertex 4.583579e+01 2.436806e-02 -1.719815e+01
endloop
endfacet
facet normal 0 0 0
outer loop
vertex 2.263724e+01 2.540000e+00 2.087115e+00
vertex 2.304665e+01 2.540000e+00 5.372167e-01
vertex 2.159179e+01 2.540000e+00 1.256637e+00
endloop
endfacet
facet normal 0 0 0
outer loop
vertex 2.842848e+01 2.540000e+00 -1.819200e+01
vertex 2.855736e+01 2.540000e+00 -1.910825e+01
vertex 2.721930e+01 2.540000e+00 -1.824435e+01
endloop
endfacet
facet normal 0 0 0
outer loop
vertex 2.855701e+01 2.540000e+00 -1.720475e+01
vertex 2.842848e+01 2.540000e+00 -1.819200e+01
vertex 2.721930e+01 2.540000e+00 -1.824435e+01
endloop
endfacet
facet normal 0 0 0
outer loop
vertex 4.319994e+01 -2.540000e+00 -1.929422e+01
vertex 4.327158e+01 -2.540000e+00 -2.148635e+01
vertex 4.438987e+01 -2.540000e+00 -2.057096e+01
endloop
endfacet
facet normal 0 0 0
outer loop
vertex 7.617335e+00 2.540000e+00 -7.259975e+00
vertex 7.899196e+00 2.531442e+00 -6.237704e+00
vertex 8.260965e+00 2.540000e+00 -7.644338e+00
endloop
endfacet
facet normal 0 0 0
outer loop
vertex 3.958252e+01 2.540000e+00 -2.079082e+01
vertex 4.079478e+01 2.540000e+00 -2.245236e+01
vertex 3.885345e+01 2.540000e+00 -2.212970e+01
endloop
endfacet
facet normal 0 0 0
outer loop
vertex 4.068495e+01 6.970040e-02 -2.986992e+01
vertex 4.137165e+01 -1.042076e+00 -2.875890e+01
vertex 4.012889e+01 -1.037621e+00 -3.021737e+01
endloop
endfacet
facet normal 0 0 0
outer loop
vertex 2.173993e+01 -2.540000e+00 -2.519116e+01
vertex 2.267679e+01 -2.540000e+00 -2.621837e+01
vertex 2.294231e+01 -2.540000e+00 -2.454065e+01
endloop
endfacet
facet normal 0 0 0
outer loop
vertex 2.294231e+01 -2.540000e+00 -2.454065e+01
vertex 2.267679e+01 -2.540000e+00 -2.621837e+01
vertex 2.387776e+01 -2.540000e+00 -2.543073e+01
endloop
endfacet
facet normal 0 0 0
outer loop
vertex 1.249335e+01 -2.540000e+00 -2.204651e+01
vertex 1.120174e+01 -2.540000e+00 -2.091062e+01
vertex 1.106122e+01 -2.540000e+00 -2.269464e+01
endloop
endfacet
facet normal 0 0 0
outer loop
vertex 1.873905e+01 2.540000e+00 -2.724105e+01
vertex 1.738344e+01 2.540000e+00 -2.660557e+01
vertex 1.840515e+01 2.540000e+00 -2.544350e+01
endloop
endfacet
facet normal 0 0 0
outer loop
vertex 3.578387e+01 2.540000e+00 -9.135401e+00
vertex 3.426130e+01 2.540000e+00 -8.567165e+00
vertex 3.616512e+01 2.540000e+00 -7.374132e+00
endloop
endfacet
facet normal 0 0 0
outer loop
vertex 2.564610e+01 2.540000e+00 -3.331340e+01
vertex 2.537553e+01 2.540000e+00 -3.461067e+01
vertex 2.422865e+01 2.540000e+00 -3.388455e+01
endloop
endfacet
facet normal 0 0 0
outer loop
vertex 3.471135e+01 2.540000e+00 -3.165792e+01
vertex 3.560733e+01 2.540000e+00 -3.007548e+01
vertex 3.600395e+01 2.540000e+00 -3.139827e+01
endloop
endfacet
facet normal 0 0 0
outer loop
vertex 1.769000e+01 -2.540000e+00 -1.441592e+01
vertex 1.685124e+01 -2.540000e+00 -1.532641e+01
vertex 1.865262e+01 -2.540000e+00 -1.510796e+01
endloop
endfacet
facet normal 0 0 0
outer loop
vertex 1.770817e+01 2.540000e+00 -1.028089e+01
vertex 1.924554e+01 2.540000e+00 -9.768998e+00
vertex 1.864264e+01 2.540000e+00 -1.189917e+01
endloop
endfacet
facet normal 0 0 0
outer loop
vertex 2.750903e+01 2.540000e+00 -1.194329e+01
vertex 2.834875e+01 2.537782e+00 -1.290494e+01
vertex 2.743678e+01 2.540000e+00 -1.393440e+01
endloop
endfacet
facet normal 0 0 0
outer loop
vertex 1.639839e+01 2.540000e+00 -2.298698e+01
vertex 1.721440e+01 2.540000e+00 -2.164513e+01
vertex 1.741412e+01 2.540000e+00 -2.369650e+01
endloop
endfacet
facet normal 0 0 0
outer loop
vertex 3.509268e+01 -2.540000e+00 -2.231364e+01
vertex 3.433353e+01 -2.540000e+00 -2.405349e+01
vertex 3.598325e+01 -2.540000e+00 -2.431077e+01
endloop
endfacet
facet normal 0 0 0
outer loop
vertex 2.743678e+01 2.540000e+00 -1.393440e+01
vertex 2.834875e+01 2.537782e+00 -1.290494e+01
vertex 2.957104e+01 2.538057e+00 -1.372440e+01
endloop
endfacet
facet normal 0 0 0
outer loop
vertex 4.422189e+00 0.000000e+00 -1.428118e+01
vertex 4.784567e+00 2.015267e+00 -1.416712e+01
vertex 4.563233e+00 1.077931e+00 -1.529472e+01
endloop
endfacet
facet normal 0 0 0
outer loop
vertex 4.784567e+00 2.015267e+00 -1.416712e+01
vertex 4.422189e+00 0.000000e+00 -1.428118e+01
vertex 4.749487e+00 1.023090e+00 -1.320297e+01
endloop
endfacet
facet normal 0 0 0
outer loop
vertex 1.427281e+01 2.540000e+00 -3.144313e+01
vertex 1.473999e+01 2.540000e+00 -3.037829e+01
vertex 1.543851e+01 2.540000e+00 -3.176640e+01
endloop
endfacet
facet normal 0 0 0
outer loop
vertex 1.508922e+01 2.540000e+00 -6.679193e+00
vertex 1.597599e+01 2.540000e+00 -4.834741e+00
vertex 1.690945e+01 2.540000e+00 -6.284766e+00
endloop
endfacet
facet normal 0 0 0
outer loop
vertex 3.633713e+01 -2.540000e+00 -6.472584e+00
vertex 3.761844e+01 -2.540000e+00 -6.133956e+00
vertex 3.649716e+01 -2.540000e+00 -4.840205e+00
endloop
endfacet
facet normal 0 0 0
outer loop
vertex 3.550785e+01 2.540000e+00 -2.429846e+01
vertex 3.766570e+01 2.540000e+00 -2.406599e+01
vertex 3.646494e+01 2.540000e+00 -2.552811e+01
endloop
endfacet
facet normal 0 0 0
outer loop
vertex 2.971023e+01 2.540000e+00 -2.832739e+01
vertex 3.086502e+01 2.540000e+00 -2.692674e+01
vertex 3.161762e+01 2.540000e+00 -2.808381e+01
endloop
endfacet
facet normal 0 0 0
outer loop
vertex 9.735907e+00 2.540000e+00 -1.230246e+01
vertex 9.104387e+00 2.540000e+00 -1.069790e+01
vertex 1.114852e+01 2.540000e+00 -1.159477e+01
endloop
endfacet
facet normal 0 0 0
outer loop
vertex 4.207120e+01 -2.015267e+00 -4.827309e+00
vertex 4.184355e+01 -2.522883e+00 -5.352993e+00
vertex 4.206341e+01 -2.391438e+00 -5.210993e+00
endloop
endfacet
facet normal 0 0 0
outer loop
vertex 1.170680e+01 0.000000e+00 -3.204111e+01
vertex 1.333521e+01 -7.955571e-02 -3.326467e+01
vertex 1.278136e+01 -1.163206e+00 -3.260950e+01
endloop
endfacet
facet normal 0 0 0
outer loop
vertex 1.276829e+01 1.057825e+00 -3.262376e+01
vertex 1.333521e+01 -7.955571e-02 -3.326467e+01
vertex 1.170680e+01 0.000000e+00 -3.204111e+01
endloop
endfacet
facet normal 0 0 0
outer loop
vertex 2.711416e+01 -2.540000e+00 -4.573390e+00
vertex 2.549391e+01 -2.540000e+00 -4.789322e+00
vertex 2.568918e+01 -2.540000e+00 -6.086683e+00
endloop
endfacet
facet normal 0 0 0
outer loop
vertex 5.229037e+00 -9.691564e-02 -2.214357e+01
vertex 5.887987e+00 5.371786e-02 -2.402861e+01
vertex 5.766451e+00 -1.021678e+00 -2.318358e+01
endloop
endfacet
facet normal 0 0 0
outer loop
vertex 5.229037e+00 -9.691564e-02 -2.214357e+01
vertex 5.718644e+00 1.115292e+00 -2.300024e+01
vertex 5.887987e+00 5.371786e-02 -2.402861e+01
endloop
endfacet
facet normal 0 0 0
outer loop
vertex 2.581006e+01 -1.110201e+00 -3.671376e+01
vertex 2.465326e+01 7.556091e-02 -3.691570e+01
vertex 2.652225e+01 -7.767856e-02 -3.687018e+01
endloop
endfacet
facet normal 0 0 0
outer loop
vertex 2.202393e+01 2.540000e+00 -2.308961e+01
vertex 2.104544e+01 2.540000e+00 -2.173619e+01
vertex 2.322593e+01 2.540000e+00 -2.176885e+01
endloop
endfacet
facet normal 0 0 0
outer loop
vertex 3.176860e+01 -2.540000e+00 -2.536975e+01
vertex 3.209687e+01 -2.540000e+00 -2.684030e+01
vertex 3.325164e+01 -2.534220e+00 -2.555626e+01
endloop
endfacet
facet normal 0 0 0
outer loop
vertex 1.840515e+01 2.540000e+00 -2.544350e+01
vertex 2.004412e+01 2.540000e+00 -2.621893e+01
vertex 1.873905e+01 2.540000e+00 -2.724105e+01
endloop
endfacet
facet normal 0 0 0
outer loop
vertex 1.159499e+01 -2.540000e+00 -1.949301e+01
vertex 1.278517e+01 -2.540000e+00 -2.077948e+01
vertex 1.321006e+01 -2.540000e+00 -1.898066e+01
endloop
endfacet
facet normal 0 0 0
outer loop
vertex 1.204807e+01 -2.540000e+00 -1.824550e+01
vertex 1.159499e+01 -2.540000e+00 -1.949301e+01
vertex 1.321006e+01 -2.540000e+00 -1.898066e+01
endloop
endfacet
facet normal 0 0 0
outer loop
vertex 1.287969e+01 -2.540000e+00 -1.680315e+01
vertex 1.397983e+01 -2.540000e+00 -1.648522e+01
vertex 1.376795e+01 -2.540000e+00 -1.523309e+01
endloop
endfacet
facet normal 0 0 0
outer loop
vertex 1.287969e+01 -2.540000e+00 -1.680315e+01
vertex 1.419589e+01 -2.540000e+00 -1.784342e+01
vertex 1.397983e+01 -2.540000e+00 -1.648522e+01
endloop
endfacet
facet normal 0 0 0
outer loop
vertex 3.112113e+01 -2.540000e+00 -1.869248e+01
vertex 3.217710e+01 -2.540000e+00 -1.681813e+01
vertex 3.010513e+01 -2.540000e+00 -1.707940e+01
endloop
endfacet
facet normal 0 0 0
outer loop
vertex 1.086052e+01 2.540000e+00 -1.750061e+01
vertex 9.591152e+00 2.540000e+00 -1.645354e+01
vertex 1.114629e+01 2.540000e+00 -1.567864e+01
endloop
endfacet
facet normal 0 0 0
outer loop
vertex 1.114629e+01 2.540000e+00 -1.567864e+01
vertex 9.591152e+00 2.540000e+00 -1.645354e+01
vertex 9.621166e+00 2.540000e+00 -1.509890e+01
endloop
endfacet
facet normal 0 0 0
outer loop
vertex 7.964787e+00 2.540000e+00 -1.530566e+01
vertex 9.621166e+00 2.540000e+00 -1.509890e+01
vertex 9.591152e+00 2.540000e+00 -1.645354e+01
endloop
endfacet
facet normal 0 0 0
outer loop
vertex 1.313883e+01 2.540000e+00 -1.164704e+01
vertex 1.377743e+01 2.540000e+00 -1.016952e+01
vertex 1.486301e+01 2.540000e+00 -1.202273e+01
endloop
endfacet
facet normal 0 0 0
outer loop
vertex 1.882103e+01 2.540000e+00 -1.967910e+01
vertex 1.985257e+01 2.540000e+00 -2.081070e+01
vertex 1.822551e+01 2.540000e+00 -2.071558e+01
endloop
endfacet
facet normal 0 0 0
outer loop
vertex 3.711984e+01 -2.522883e+00 -2.979207e-01
vertex 3.791188e+01 -2.522883e+00 -8.978662e-01
vertex 3.804837e+01 -2.015267e+00 -3.888044e-01
endloop
endfacet
facet normal 0 0 0
outer loop
vertex 3.361627e+01 2.540000e+00 -1.381668e+01
vertex 3.163955e+01 2.540000e+00 -1.324073e+01
vertex 3.246179e+01 2.540000e+00 -1.219778e+01
endloop
endfacet
facet normal 0 0 0
outer loop
vertex 2.811134e+01 -2.540000e+00 -2.032737e+01
vertex 3.009138e+01 -2.540000e+00 -2.026667e+01
vertex 2.914304e+01 -2.540000e+00 -1.941893e+01
endloop
endfacet
facet normal 0 0 0
outer loop
vertex 1.358604e+01 1.052041e+00 -3.320475e+01
vertex 1.409824e+01 1.608336e+00 -3.343097e+01
vertex 1.449032e+01 9.516562e-01 -3.380615e+01
endloop
endfacet
facet normal 0 0 0
outer loop
vertex 9.240897e+00 2.540000e+00 -5.862182e+00
vertex 8.973392e+00 2.531442e+00 -4.574522e+00
vertex 1.004078e+01 2.540000e+00 -4.709649e+00
endloop
endfacet
facet normal 0 0 0
outer loop
vertex 3.540131e+01 -1.033333e+00 -3.397684e+01
vertex 3.439851e+01 -1.225195e+00 -3.448617e+01
vertex 3.430294e+01 0.000000e+00 -3.478478e+01
endloop
endfacet
facet normal 0 0 0
outer loop
vertex 7.941512e+00 1.130036e-02 -2.784076e+01
vertex 8.556728e+00 1.106747e+00 -2.836459e+01
vertex 8.940089e+00 -4.075333e-03 -2.920915e+01
endloop
endfacet
facet normal 0 0 0
outer loop
vertex 3.828941e+01 2.540000e+00 -1.840019e+01
vertex 3.703578e+01 2.540000e+00 -1.732565e+01
vertex 3.897106e+01 2.540000e+00 -1.692346e+01
endloop
endfacet
facet normal 0 0 0
outer loop
vertex 3.703578e+01 2.540000e+00 -1.732565e+01
vertex 3.805641e+01 2.540000e+00 -1.586703e+01
vertex 3.897106e+01 2.540000e+00 -1.692346e+01
endloop
endfacet
facet normal 0 0 0
outer loop
vertex 2.043719e+01 2.540000e+00 -2.912672e+01
vertex 2.167204e+01 2.540000e+00 -3.044399e+01
vertex 2.006384e+01 2.540000e+00 -3.075166e+01
endloop
endfacet
facet normal 0 0 0
outer loop
vertex 4.493948e+01 9.490502e-01 -1.065865e+01
vertex 4.499512e+01 -1.172936e-01 -1.036691e+01
vertex 4.530677e+01 1.441254e-02 -1.143274e+01
endloop
endfacet
facet normal 0 0 0
outer loop
vertex 4.459087e+01 1.148817e+00 -2.269384e+01
vertex 4.488795e+01 1.022419e+00 -2.180765e+01
vertex 4.471357e+01 -2.767430e-02 -2.296392e+01
endloop
endfacet
facet normal 0 0 0
outer loop
vertex 5.120098e+00 2.352599e+00 -1.310590e+01
vertex 5.646629e+00 2.540000e+00 -1.267851e+01
vertex 5.392540e+00 2.531442e+00 -1.369839e+01
endloop
endfacet
facet normal 0 0 0
outer loop
vertex 7.962312e+00 2.540000e+00 -1.261968e+01
vertex 9.104387e+00 2.540000e+00 -1.069790e+01
vertex 9.735907e+00 2.540000e+00 -1.230246e+01
endloop
endfacet
facet normal 0 0 0
outer loop
vertex 2.301538e+01 -2.540000e+00 -3.453936e+01
vertex 2.410884e+01 -2.531442e+00 -3.600360e+01
vertex 2.469588e+01 -2.540000e+00 -3.500187e+01
endloop
endfacet
facet normal 0 0 0
outer loop
vertex 3.951768e+01 2.085889e+00 -1.749015e+00
vertex 3.877632e+01 2.085889e+00 -1.077082e+00
vertex 3.950082e+01 1.152410e+00 -1.497614e+00
endloop
endfacet
facet normal 0 0 0
outer loop
vertex 7.964787e+00 2.540000e+00 -1.530566e+01
vertex 9.591152e+00 2.540000e+00 -1.645354e+01
vertex 8.029237e+00 2.540000e+00 -1.681523e+01
endloop
endfacet
facet normal 0 0 0
outer loop
vertex 9.204704e+00 -2.391438e+00 -2.861162e+01
vertex 8.503213e+00 -2.399550e+00 -2.764253e+01
vertex 8.143986e+00 -2.085889e+00 -2.749675e+01
endloop
endfacet
facet normal 0 0 0
outer loop
vertex 1.096178e+01 2.540000e+00 -7.607839e+00
vertex 1.260907e+01 2.540000e+00 -8.868797e+00
vertex 1.115445e+01 2.540000e+00 -9.883037e+00
endloop
endfacet
facet normal 0 0 0
outer loop
vertex 2.844292e+01 2.540000e+00 6.028581e-01
vertex 3.008876e+01 2.540000e+00 4.678065e-01
vertex 2.942460e+01 2.540000e+00 -7.903531e-01
endloop
endfacet
facet normal 0 0 0
outer loop
vertex 2.417034e+01 2.540000e+00 -2.788159e+01
vertex 2.546799e+01 2.540000e+00 -2.809711e+01
vertex 2.458241e+01 2.540000e+00 -2.943726e+01
endloop
endfacet
facet normal 0 0 0
outer loop
vertex 1.309835e+01 2.540000e+00 -7.433066e+00
vertex 1.260907e+01 2.540000e+00 -8.868797e+00
vertex 1.096178e+01 2.540000e+00 -7.607839e+00
endloop
endfacet
facet normal 0 0 0
outer loop
vertex 1.185329e+01 2.540000e+00 -6.509569e+00
vertex 1.309835e+01 2.540000e+00 -7.433066e+00
vertex 1.096178e+01 2.540000e+00 -7.607839e+00
endloop
endfacet
facet normal 0 0 0
outer loop
vertex 4.145758e+01 2.085889e+00 -4.035399e+00
vertex 4.205362e+01 2.085889e+00 -4.839055e+00
vertex 4.177059e+01 2.399380e+00 -4.802589e+00
endloop
endfacet
facet normal 0 0 0
outer loop
vertex 1.300027e+01 2.540000e+00 -2.622374e+01
vertex 1.445366e+01 2.540000e+00 -2.794565e+01
vertex 1.280598e+01 2.540000e+00 -2.806108e+01
endloop
endfacet
facet normal 0 0 0
outer loop
vertex 4.551133e+01 2.015267e+00 -1.616790e+01
vertex 4.583579e+01 2.436806e-02 -1.719815e+01
vertex 4.558487e+01 1.013718e+00 -1.810155e+01
endloop
endfacet
facet normal 0 0 0
outer loop
vertex 4.541303e+01 -2.015267e+00 -1.416712e+01
vertex 4.566625e+01 -1.024643e+00 -1.551539e+01
vertex 4.582901e+01 2.331216e-02 -1.506592e+01
endloop
endfacet
facet normal 0 0 0
outer loop
vertex 1.917949e+01 -2.085889e+00 -3.568124e+01
vertex 2.112064e+01 -2.085889e+00 -3.616747e+01
vertex 1.967593e+01 -2.391438e+00 -3.561619e+01
endloop
endfacet
facet normal 0 0 0
outer loop
vertex 2.112064e+01 -2.085889e+00 -3.616747e+01
vertex 2.097298e+01 -2.391438e+00 -3.593307e+01
vertex 1.967593e+01 -2.391438e+00 -3.561619e+01
endloop
endfacet
facet normal 0 0 0
outer loop
vertex 3.550785e+01 2.540000e+00 -2.429846e+01
vertex 3.646494e+01 2.540000e+00 -2.552811e+01
vertex 3.517602e+01 2.540000e+00 -2.652187e+01
endloop
endfacet
facet normal 0 0 0
outer loop
vertex 3.427438e+01 2.540000e+00 -2.529191e+01
vertex 3.550785e+01 2.540000e+00 -2.429846e+01
vertex 3.517602e+01 2.540000e+00 -2.652187e+01
endloop
endfacet
facet normal 0 0 0
outer loop
vertex 1.032707e+01 3.372902e-02 -3.075007e+01
vertex 1.170680e+01 0.000000e+00 -3.204111e+01
vertex 1.117819e+01 -9.052367e-01 -3.133817e+01
endloop
endfacet
facet normal 0 0 0
outer loop
vertex 3.064935e+01 2.540000e+00 1.744818e+00
vertex 3.217768e+01 2.540000e+00 7.532951e-01
vertex 3.008876e+01 2.540000e+00 4.678065e-01
endloop
endfacet
facet normal 0 0 0
outer loop
vertex 4.478780e+01 2.391438e+00 -1.167401e+01
vertex 4.500082e+01 2.391438e+00 -1.281306e+01
vertex 4.446125e+01 2.531442e+00 -1.174855e+01
endloop
endfacet
facet normal 0 0 0
outer loop
vertex 1.009931e+01 2.540000e+00 -1.901683e+01
vertex 1.086052e+01 2.540000e+00 -1.750061e+01
vertex 1.139453e+01 2.540000e+00 -1.929867e+01
endloop
endfacet
facet normal 0 0 0
outer loop
vertex 1.133572e+01 1.143794e+00 -9.120259e-01
vertex 1.104810e+01 1.143586e-02 -9.099555e-01
vertex 1.198158e+01 -8.796361e-03 -8.660843e-02
endloop
endfacet
facet normal 0 0 0
outer loop
vertex 3.689136e+01 2.540000e+00 -2.810828e+01
vertex 3.833401e+01 2.540000e+00 -2.851359e+01
vertex 3.691516e+01 2.540000e+00 -2.935983e+01
endloop
endfacet
facet normal 0 0 0
outer loop
vertex 2.097298e+01 -2.391438e+00 -3.593307e+01
vertex 2.019810e+01 -2.531442e+00 -3.541415e+01
vertex 1.967593e+01 -2.391438e+00 -3.561619e+01
endloop
endfacet
facet normal 0 0 0
outer loop
vertex 2.174425e+01 -2.540000e+00 -7.308551e+00
vertex 2.061689e+01 -2.540000e+00 -8.487546e+00
vertex 2.279263e+01 -2.540000e+00 -8.854370e+00
endloop
endfacet
facet normal 0 0 0
outer loop
vertex 3.642765e+01 2.085889e+00 7.869148e-01
vertex 3.803496e+01 2.085889e+00 -4.051480e-01
vertex 3.735548e+01 2.386999e+00 -1.147242e-01
endloop
endfacet
facet normal 0 0 0
outer loop
vertex 2.279263e+01 -2.540000e+00 -8.854370e+00
vertex 2.061689e+01 -2.540000e+00 -8.487546e+00
vertex 2.165940e+01 -2.540000e+00 -9.868911e+00
endloop
endfacet
facet normal 0 0 0
outer loop
vertex 4.509837e+01 2.085889e+00 -1.218974e+01
vertex 4.478780e+01 2.391438e+00 -1.167401e+01
vertex 4.461214e+01 2.085889e+00 -1.024859e+01
endloop
endfacet
facet normal 0 0 0
outer loop
vertex 1.090431e+01 2.540000e+00 -2.624593e+01
vertex 9.591806e+00 2.540000e+00 -2.648696e+01
vertex 9.464489e+00 2.540000e+00 -2.527681e+01
endloop
endfacet
facet normal 0 0 0
outer loop
vertex 4.509837e+01 -2.085889e+00 -2.014606e+01
vertex 4.478698e+01 -2.391438e+00 -2.066490e+01
vertex 4.485525e+01 -2.085889e+00 -2.111663e+01
endloop
endfacet
facet normal 0 0 0
outer loop
vertex 2.319222e+01 2.540000e+00 -1.290171e+00
vertex 2.435758e+01 2.540000e+00 -1.956209e+00
vertex 2.324755e+01 2.540000e+00 -3.208807e+00
endloop
endfacet
facet normal 0 0 0
outer loop
vertex 2.877728e+01 2.540000e+00 -3.142092e+01
vertex 2.986945e+01 2.540000e+00 -3.003285e+01
vertex 3.042757e+01 2.540000e+00 -3.196540e+01
endloop
endfacet
facet normal 0 0 0
outer loop
vertex 3.009949e+01 -2.540000e+00 -2.850387e+01
vertex 2.918960e+01 -2.540000e+00 -2.775208e+01
vertex 2.851790e+01 -2.540000e+00 -2.941956e+01
endloop
endfacet
facet normal 0 0 0
outer loop
vertex 8.198380e+00 2.540000e+00 -2.449153e+01
vertex 9.187366e+00 2.540000e+00 -2.380631e+01
vertex 9.464489e+00 2.540000e+00 -2.527681e+01
endloop
endfacet
facet normal 0 0 0
outer loop
vertex 7.986281e+00 2.540000e+00 -2.340294e+01
vertex 9.187366e+00 2.540000e+00 -2.380631e+01
vertex 8.198380e+00 2.540000e+00 -2.449153e+01
endloop
endfacet
facet normal 0 0 0
outer loop
vertex 2.668019e+01 2.540000e+00 -3.189778e+01
vertex 2.533830e+01 2.540000e+00 -3.203859e+01
vertex 2.564544e+01 2.540000e+00 -3.077109e+01
endloop
endfacet
facet normal 0 0 0
outer loop
vertex 3.283566e+01 2.540000e+00 -9.709411e-01
vertex 3.403080e+01 2.540000e+00 -2.065222e+00
vertex 3.197805e+01 2.540000e+00 -1.957377e+00
endloop
endfacet
facet normal 0 0 0
outer loop
vertex 2.304683e+01 -2.540000e+00 -1.950376e+01
vertex 2.419464e+01 -2.540000e+00 -1.811201e+01
vertex 2.267883e+01 -2.540000e+00 -1.816540e+01
endloop
endfacet
facet normal 0 0 0
outer loop
vertex 2.436116e+01 2.540000e+00 -6.235510e-01
vertex 2.319222e+01 2.540000e+00 -1.290171e+00
vertex 2.304665e+01 2.540000e+00 5.372167e-01
endloop
endfacet
facet normal 0 0 0
outer loop
vertex 4.558930e+01 -8.131357e-01 -1.839741e+01
vertex 4.539199e+01 -2.085889e+00 -1.816660e+01
vertex 4.540740e+01 -1.062862e+00 -1.943020e+01
endloop
endfacet
facet normal 0 0 0
outer loop
vertex 3.217768e+01 2.540000e+00 7.532951e-01
vertex 3.283566e+01 2.540000e+00 -9.709411e-01
vertex 3.104467e+01 2.540000e+00 -6.940215e-01
endloop
endfacet
facet normal 0 0 0
outer loop
vertex 2.416805e+01 -2.391438e+00 -3.634003e+01
vertex 2.509880e+01 -2.085889e+00 -3.655928e+01
vertex 2.546133e+01 -2.404912e+00 -3.632737e+01
endloop
endfacet
facet normal 0 0 0
outer loop
vertex 1.321006e+01 -2.540000e+00 -1.898066e+01
vertex 1.278517e+01 -2.540000e+00 -2.077948e+01
vertex 1.421356e+01 -2.540000e+00 -2.000355e+01
endloop
endfacet
facet normal 0 0 0
outer loop
vertex 1.321006e+01 -2.540000e+00 -1.898066e+01
vertex 1.421356e+01 -2.540000e+00 -2.000355e+01
vertex 1.464719e+01 -2.540000e+00 -1.908810e+01
endloop
endfacet
facet normal 0 0 0
outer loop
vertex 3.302015e+01 2.535519e+00 -9.843529e+00
vertex 3.239032e+01 2.540000e+00 -8.258949e+00
vertex 3.426130e+01 2.540000e+00 -8.567165e+00
endloop
endfacet
facet normal 0 0 0
outer loop
vertex 3.029103e+01 2.540000e+00 -2.224331e+01
vertex 2.848453e+01 2.540000e+00 -2.225624e+01
vertex 2.944219e+01 2.540000e+00 -2.020253e+01
endloop
endfacet
facet normal 0 0 0
outer loop
vertex 4.117995e+01 9.755006e-01 -3.320682e+00
vertex 4.206241e+01 9.672836e-01 -4.498923e+00
vertex 4.145758e+01 2.085889e+00 -4.035399e+00
endloop
endfacet
facet normal 0 0 0
outer loop
vertex 4.145758e+01 2.085889e+00 -4.035399e+00
vertex 4.086155e+01 2.085889e+00 -3.231744e+00
vertex 4.117995e+01 9.755006e-01 -3.320682e+00
endloop
endfacet
facet normal 0 0 0
outer loop
vertex 4.239534e+01 -1.045398e+00 -2.730523e+01
vertex 4.205362e+01 -2.085889e+00 -2.749675e+01
vertex 4.137165e+01 -1.042076e+00 -2.875890e+01
endloop
endfacet
facet normal 0 0 0
outer loop
vertex 4.179963e+01 2.540000e+00 -1.920607e+01
vertex 4.314077e+01 2.540000e+00 -1.847170e+01
vertex 4.297125e+01 2.540000e+00 -1.964699e+01
endloop
endfacet
facet normal 0 0 0
outer loop
vertex 1.783767e+01 -2.540000e+00 -2.725055e+01
vertex 1.594578e+01 -2.540000e+00 -2.785939e+01
vertex 1.691038e+01 -2.540000e+00 -2.913117e+01
endloop
endfacet
facet normal 0 0 0
outer loop
vertex 2.709934e+01 -2.540000e+00 -2.907810e+01
vertex 2.851790e+01 -2.540000e+00 -2.941956e+01
vertex 2.787676e+01 -2.540000e+00 -2.776053e+01
endloop
endfacet
facet normal 0 0 0
outer loop
vertex 2.342542e+01 -2.540000e+00 -1.302868e+01
vertex 2.204236e+01 -2.540000e+00 -1.261404e+01
vertex 2.192400e+01 -2.540000e+00 -1.391679e+01
endloop
endfacet
facet normal 0 0 0
outer loop
vertex 1.744557e+01 -2.535840e+00 2.146565e+00
vertex 1.831224e+01 -2.540000e+00 2.358223e+00
vertex 1.793057e+01 -2.391438e+00 2.690603e+00
endloop
endfacet
facet normal 0 0 0
outer loop
vertex 2.419464e+01 -2.540000e+00 -1.811201e+01
vertex 2.538692e+01 -2.540000e+00 -1.904607e+01
vertex 2.597969e+01 -2.540000e+00 -1.752167e+01
endloop
endfacet
facet normal 0 0 0
outer loop
vertex 4.300008e+01 0.000000e+00 -5.639423e+00
vertex 4.309495e+01 1.053559e+00 -6.193312e+00
vertex 4.259565e+01 1.087355e+00 -5.362679e+00
endloop
endfacet
facet normal 0 0 0
outer loop
vertex 3.932067e+01 2.539125e+00 -1.009838e+01
vertex 3.843031e+01 2.540000e+00 -8.969767e+00
vertex 4.037730e+01 2.540000e+00 -9.257152e+00
endloop
endfacet
facet normal 0 0 0
outer loop
vertex 1.766758e+01 -2.540000e+00 -1.834706e+00
vertex 1.763696e+01 -2.540000e+00 -3.706954e+00
vertex 1.914223e+01 -2.540000e+00 -2.062619e+00
endloop
endfacet
facet normal 0 0 0
outer loop
vertex 7.482643e+00 -1.077633e+00 -2.676323e+01
vertex 8.042749e+00 -1.037294e+00 -2.766875e+01
vertex 8.143986e+00 -2.085889e+00 -2.749675e+01
endloop
endfacet
facet normal 0 0 0
outer loop
vertex 8.143986e+00 -2.085889e+00 -2.749675e+01
vertex 8.042749e+00 -1.037294e+00 -2.766875e+01
vertex 8.616523e+00 -1.023236e+00 -2.847057e+01
endloop
endfacet
facet normal 0 0 0
outer loop
vertex 2.841019e+01 -2.540000e+00 -3.494627e+01
vertex 2.942541e+01 -2.540000e+00 -3.471619e+01
vertex 2.891925e+01 -2.540000e+00 -3.358476e+01
endloop
endfacet
facet normal 0 0 0
outer loop
vertex 1.104810e+01 1.143586e-02 -9.099555e-01
vertex 1.133572e+01 1.143794e+00 -9.120259e-01
vertex 1.048361e+01 1.087668e+00 -1.686177e+00
endloop
endfacet
facet normal 0 0 0
outer loop
vertex 1.309835e+01 2.540000e+00 -7.433066e+00
vertex 1.342417e+01 2.540000e+00 -5.559463e+00
vertex 1.508922e+01 2.540000e+00 -6.679193e+00
endloop
endfacet
facet normal 0 0 0
outer loop
vertex 3.113117e+01 -2.540000e+00 -1.258667e+01
vertex 3.279552e+01 -2.540000e+00 -1.214920e+01
vertex 3.152049e+01 -2.540000e+00 -1.142071e+01
endloop
endfacet
facet normal 0 0 0
outer loop
vertex 3.692921e+01 -2.540000e+00 -1.481960e+01
vertex 3.534935e+01 -2.540000e+00 -1.526834e+01
vertex 3.703059e+01 -2.540000e+00 -1.659924e+01
endloop
endfacet
facet normal 0 0 0
outer loop
vertex 3.534935e+01 -2.540000e+00 -1.526834e+01
vertex 3.502924e+01 -2.540000e+00 -1.648236e+01
vertex 3.703059e+01 -2.540000e+00 -1.659924e+01
endloop
endfacet
facet normal 0 0 0
outer loop
vertex 3.769804e+01 4.132231e-03 3.400178e-01
vertex 3.710585e+01 9.079675e-01 5.670741e-01
vertex 3.688252e+01 0.000000e+00 9.037628e-01
endloop
endfacet
facet normal 0 0 0
outer loop
vertex 2.780852e+01 1.047911e+00 -3.655868e+01
vertex 2.858788e+01 4.911426e-02 -3.663118e+01
vertex 2.652225e+01 -7.767856e-02 -3.687018e+01
endloop
endfacet
facet normal 0 0 0
outer loop
vertex 1.448583e+01 2.540000e+00 -1.793594e+00
vertex 1.415633e+01 2.540000e+00 -3.713633e+00
vertex 1.336474e+01 2.540000e+00 -2.278752e+00
endloop
endfacet
facet normal 0 0 0
outer loop
vertex 2.132375e+01 2.540000e+00 -2.758297e+01
vertex 2.246591e+01 2.540000e+00 -2.890742e+01
vertex 2.043719e+01 2.540000e+00 -2.912672e+01
endloop
endfacet
facet normal 0 0 0
outer loop
vertex 3.550785e+01 2.540000e+00 -2.429846e+01
vertex 3.366805e+01 2.540000e+00 -2.381549e+01
vertex 3.470473e+01 2.540000e+00 -2.245036e+01
endloop
endfacet
facet normal 0 0 0
outer loop
vertex 4.252271e+01 -2.540000e+00 -1.191447e+01
vertex 4.301970e+01 -2.540000e+00 -1.380361e+01
vertex 4.358757e+01 -2.540000e+00 -1.231928e+01
endloop
endfacet
facet normal 0 0 0
outer loop
vertex 4.252271e+01 -2.540000e+00 -1.191447e+01
vertex 4.171465e+01 -2.540000e+00 -1.299862e+01
vertex 4.301970e+01 -2.540000e+00 -1.380361e+01
endloop
endfacet
facet normal 0 0 0
outer loop
vertex 3.087969e+01 2.540000e+00 -2.925938e+01
vertex 3.146303e+01 2.540000e+00 -3.065764e+01
vertex 2.986945e+01 2.540000e+00 -3.003285e+01
endloop
endfacet
facet normal 0 0 0
outer loop
vertex 4.551133e+01 -2.015267e+00 -1.616790e+01
vertex 4.523767e+01 -2.391438e+00 -1.465870e+01
vertex 4.508773e+01 -2.346113e+00 -1.545911e+01
endloop
endfacet
facet normal 0 0 0
outer loop
vertex 4.487959e+01 2.540282e+00 -1.567433e+01
vertex 4.528786e+01 2.391438e+00 -1.566442e+01
vertex 4.551133e+01 2.015267e+00 -1.616790e+01
endloop
endfacet
facet normal 0 0 0
outer loop
vertex 4.523804e+01 2.390928e+00 -1.767505e+01
vertex 4.483064e+01 2.540000e+00 -1.764660e+01
vertex 4.551133e+01 2.015267e+00 -1.616790e+01
endloop
endfacet
facet normal 0 0 0
outer loop
vertex 3.128631e+01 2.540000e+00 -4.843923e+00
vertex 3.041776e+01 2.540000e+00 -6.078185e+00
vertex 2.936626e+01 2.540000e+00 -4.661295e+00
endloop
endfacet
facet normal 0 0 0
outer loop
vertex 2.783222e+01 2.540000e+00 -8.828658e+00
vertex 2.956952e+01 2.535786e+00 -1.004166e+01
vertex 2.814375e+01 2.540000e+00 -1.047366e+01
endloop
endfacet
facet normal 0 0 0
outer loop
vertex 2.750903e+01 2.540000e+00 -1.194329e+01
vertex 2.551570e+01 2.540000e+00 -1.130147e+01
vertex 2.667715e+01 2.540000e+00 -1.017278e+01
endloop
endfacet
facet normal 0 0 0
outer loop
vertex 2.062272e+01 -2.540000e+00 -3.070682e+01
vertex 2.129674e+01 -2.540000e+00 -3.164657e+01
vertex 2.244951e+01 -2.540000e+00 -3.048369e+01
endloop
endfacet
facet normal 0 0 0
outer loop
vertex 2.755682e+01 2.540000e+00 1.102503e+00
vertex 2.648991e+01 2.540000e+00 1.606691e+00
vertex 2.786277e+01 2.540000e+00 1.833908e+00
endloop
endfacet
facet normal 0 0 0
outer loop
vertex 2.592826e+01 -2.540000e+00 4.180505e-01
vertex 2.674431e+01 -2.540000e+00 1.444788e+00
vertex 2.552324e+01 -2.540000e+00 2.153054e+00
endloop
endfacet
facet normal 0 0 0
outer loop
vertex 4.105885e+01 -2.391438e+00 -2.852580e+01
vertex 4.169898e+01 -2.380942e+00 -2.767797e+01
vertex 4.122421e+01 -2.531442e+00 -2.776128e+01
endloop
endfacet
facet normal 0 0 0
outer loop
vertex 3.123178e+01 2.540000e+00 -9.142227e+00
vertex 2.956952e+01 2.535786e+00 -1.004166e+01
vertex 2.944518e+01 2.540000e+00 -7.864037e+00
endloop
endfacet
facet normal 0 0 0
outer loop
vertex 4.065277e+01 -4.929775e-02 -2.420436e+00
vertex 4.117995e+01 9.755006e-01 -3.320682e+00
vertex 4.024601e+01 9.794841e-01 -2.231390e+00
endloop
endfacet
facet normal 0 0 0
outer loop
vertex 3.864759e+01 2.540000e+00 -3.357413e+00
vertex 3.998975e+01 2.531442e+00 -3.026559e+00
vertex 3.934779e+01 2.540000e+00 -4.601255e+00
endloop
endfacet
facet normal 0 0 0
outer loop
vertex 1.496461e+01 2.540000e+00 -1.766964e+01
vertex 1.501784e+01 2.540000e+00 -1.967106e+01
vertex 1.346937e+01 2.540000e+00 -1.803078e+01
endloop
endfacet
facet normal 0 0 0
outer loop
vertex 1.473999e+01 2.540000e+00 -3.037829e+01
vertex 1.595325e+01 2.540000e+00 -2.892907e+01
vertex 1.607283e+01 2.540000e+00 -3.055928e+01
endloop
endfacet
facet normal 0 0 0
outer loop
vertex 4.122421e+01 2.531442e+00 -4.574522e+00
vertex 4.077600e+01 2.540000e+00 -6.544931e+00
vertex 3.957399e+01 2.540000e+00 -5.949739e+00
endloop
endfacet
facet normal 0 0 0
outer loop
vertex 2.984358e+01 -2.540000e+00 -6.951658e+00
vertex 3.008617e+01 -2.540000e+00 -5.191649e+00
vertex 2.860146e+01 -2.540000e+00 -5.841354e+00
endloop
endfacet
facet normal 0 0 0
outer loop
vertex 1.496461e+01 2.540000e+00 -1.766964e+01
vertex 1.346937e+01 2.540000e+00 -1.803078e+01
vertex 1.421872e+01 2.540000e+00 -1.674903e+01
endloop
endfacet
facet normal 0 0 0
outer loop
vertex 2.339019e+01 2.540000e+00 -1.798826e+01
vertex 2.139542e+01 2.540000e+00 -1.805592e+01
vertex 2.235092e+01 2.540000e+00 -1.704051e+01
endloop
endfacet
facet normal 0 0 0
outer loop
vertex 1.716781e+01 2.540000e+00 -1.583996e+01
vertex 1.610172e+01 2.540000e+00 -1.698696e+01
vertex 1.535452e+01 2.540000e+00 -1.576994e+01
endloop
endfacet
facet normal 0 0 0
outer loop
vertex 1.716781e+01 2.540000e+00 -1.583996e+01
vertex 1.768495e+01 2.540000e+00 -1.694982e+01
vertex 1.610172e+01 2.540000e+00 -1.698696e+01
endloop
endfacet
facet normal 0 0 0
outer loop
vertex 2.143092e+01 2.540000e+00 -1.602347e+01
vertex 2.022290e+01 2.540000e+00 -1.725351e+01
vertex 1.923426e+01 2.540000e+00 -1.593220e+01
endloop
endfacet
facet normal 0 0 0
outer loop
vertex 2.275761e+01 2.540000e+00 -4.741373e+00
vertex 2.419589e+01 2.540000e+00 -4.466941e+00
vertex 2.336249e+01 2.540000e+00 -6.204656e+00
endloop
endfacet
facet normal 0 0 0
outer loop
vertex 2.336249e+01 2.540000e+00 -6.204656e+00
vertex 2.419589e+01 2.540000e+00 -4.466941e+00
vertex 2.509358e+01 2.540000e+00 -5.510650e+00
endloop
endfacet
facet normal 0 0 0
outer loop
vertex 1.605458e+01 -1.018695e+00 2.308502e+00
vertex 1.499702e+01 -1.606460e+00 1.634272e+00
vertex 1.548637e+01 -2.085889e+00 1.815693e+00
endloop
endfacet
facet normal 0 0 0
outer loop
vertex 9.204704e+00 -2.391438e+00 -2.861162e+01
vertex 9.336048e+00 -2.085889e+00 -2.910406e+01
vertex 1.003326e+01 -2.367077e+00 -2.963882e+01
endloop
endfacet
facet normal 0 0 0
outer loop
vertex 3.509161e+01 -2.540000e+00 -2.611252e+01
vertex 3.701249e+01 -2.540000e+00 -2.629745e+01
vertex 3.598325e+01 -2.540000e+00 -2.431077e+01
endloop
endfacet
facet normal 0 0 0
outer loop
vertex 3.789614e+01 -2.540000e+00 -2.494537e+01
vertex 3.598325e+01 -2.540000e+00 -2.431077e+01
vertex 3.701249e+01 -2.540000e+00 -2.629745e+01
endloop
endfacet
facet normal 0 0 0
outer loop
vertex 1.333521e+01 -7.955571e-02 -3.326467e+01
vertex 1.449032e+01 9.516562e-01 -3.380615e+01
vertex 1.419233e+01 2.870102e-02 -3.380468e+01
endloop
endfacet
facet normal 0 0 0
outer loop
vertex 4.487959e+01 2.540282e+00 -1.567433e+01
vertex 4.306370e+01 2.540000e+00 -1.449215e+01
vertex 4.480506e+01 2.531442e+00 -1.369839e+01
endloop
endfacet
facet normal 0 0 0
outer loop
vertex 4.447380e+00 8.099021e-02 -1.820751e+01
vertex 4.727770e+00 0.000000e+00 -2.019828e+01
vertex 4.741947e+00 -1.056324e+00 -1.904085e+01
endloop
endfacet
facet normal 0 0 0
outer loop
vertex 4.751200e+00 1.007633e+00 -1.916332e+01
vertex 4.727770e+00 0.000000e+00 -2.019828e+01
vertex 4.447380e+00 8.099021e-02 -1.820751e+01
endloop
endfacet
facet normal 0 0 0
outer loop
vertex 2.005096e+01 2.540000e+00 -1.342190e+01
vertex 1.896209e+01 2.541342e+00 -1.412582e+01
vertex 1.864264e+01 2.540000e+00 -1.189917e+01
endloop
endfacet
facet normal 0 0 0
outer loop
vertex 3.096120e+01 -2.391438e+00 -3.549364e+01
vertex 2.999950e+01 -2.531442e+00 -3.541415e+01
vertex 3.020125e+01 -2.391438e+00 -3.568880e+01
endloop
endfacet
facet normal 0 0 0
outer loop
vertex 3.053439e+01 5.854939e-02 3.864343e+00
vertex 2.981085e+01 -1.078771e+00 3.849549e+00
vertex 3.083457e+01 -1.000957e+00 3.604601e+00
endloop
endfacet
facet normal 0 0 0
outer loop
vertex 1.629304e+01 -2.540000e+00 -2.295981e+00
vertex 1.766758e+01 -2.540000e+00 -1.834706e+00
vertex 1.645887e+01 -2.540000e+00 -7.129734e-01
endloop
endfacet
facet normal 0 0 0
outer loop
vertex 4.239534e+01 -1.045398e+00 -2.730523e+01
vertex 4.190036e+01 0.000000e+00 -2.837495e+01
vertex 4.300008e+01 0.000000e+00 -2.669638e+01
endloop
endfacet
facet normal 0 0 0
outer loop
vertex 3.864158e+01 -1.056527e+00 -3.165218e+01
vertex 3.770827e+01 0.000000e+00 -3.266959e+01
vertex 3.918893e+01 -2.793678e-02 -3.141434e+01
endloop
endfacet
facet normal 0 0 0
outer loop
vertex 2.689578e+01 -2.540000e+00 -3.075076e+00
vertex 2.513423e+01 -2.540000e+00 -3.395635e+00
vertex 2.615082e+01 -2.540000e+00 -3.924282e+00
endloop
endfacet
facet normal 0 0 0
outer loop
vertex 3.918893e+01 -2.793678e-02 -3.141434e+01
vertex 3.770827e+01 0.000000e+00 -3.266959e+01
vertex 3.860162e+01 9.147564e-01 -3.171813e+01
endloop
endfacet
facet normal 0 0 0
outer loop
vertex 2.615082e+01 -2.540000e+00 -3.924282e+00
vertex 2.513423e+01 -2.540000e+00 -3.395635e+00
vertex 2.549391e+01 -2.540000e+00 -4.789322e+00
endloop
endfacet
facet normal 0 0 0
outer loop
vertex 2.006384e+01 2.540000e+00 -3.075166e+01
vertex 2.167204e+01 2.540000e+00 -3.044399e+01
vertex 2.156247e+01 2.540000e+00 -3.191259e+01
endloop
endfacet
facet normal 0 0 0
outer loop
vertex 8.158564e+00 -2.540000e+00 -1.665302e+01
vertex 8.243367e+00 -2.540000e+00 -1.525755e+01
vertex 6.725151e+00 -2.540000e+00 -1.527834e+01
endloop
endfacet
facet normal 0 0 0
outer loop
vertex 1.771161e+01 -2.540000e+00 -2.324410e+01
vertex 1.626024e+01 -2.540000e+00 -2.269044e+01
vertex 1.735138e+01 -2.540000e+00 -2.420808e+01
endloop
endfacet
facet normal 0 0 0
outer loop
vertex 8.158564e+00 -2.540000e+00 -1.665302e+01
vertex 6.725151e+00 -2.540000e+00 -1.527834e+01
vertex 6.618660e+00 -2.540000e+00 -1.693319e+01
endloop
endfacet
facet normal 0 0 0
outer loop
vertex 5.864124e+00 0.000000e+00 -8.336443e+00
vertex 5.672783e+00 9.595355e-01 -9.383302e+00
vertex 5.199514e+00 1.430643e-03 -1.022608e+01
endloop
endfacet
facet normal 0 0 0
outer loop
vertex 5.753191e+00 -1.072206e+00 -9.216119e+00
vertex 5.864124e+00 0.000000e+00 -8.336443e+00
vertex 5.199514e+00 1.430643e-03 -1.022608e+01
endloop
endfacet
facet normal 0 0 0
outer loop
vertex 1.287676e+01 2.366780e+00 -7.450528e-02
vertex 1.216265e+01 2.085889e+00 -4.051480e-01
vertex 1.378170e+01 2.156511e+00 7.693348e-01
endloop
endfacet
facet normal 0 0 0
outer loop
vertex 4.018214e+01 -2.121200e+00 -2.983795e+01
vertex 4.037265e+01 -2.384160e+00 -2.938442e+01
vertex 3.950274e+01 -2.156511e+00 -3.057183e+01
endloop
endfacet
facet normal 0 0 0
outer loop
vertex 3.950274e+01 -2.156511e+00 -3.057183e+01
vertex 4.012889e+01 -1.037621e+00 -3.021737e+01
vertex 4.018214e+01 -2.121200e+00 -2.983795e+01
endloop
endfacet
facet normal 0 0 0
outer loop
vertex 1.695299e+01 2.540000e+00 -3.237394e+01
vertex 1.882211e+01 2.540000e+00 -3.218213e+01
vertex 1.794520e+01 2.540000e+00 -3.339004e+01
endloop
endfacet
facet normal 0 0 0
outer loop
vertex 4.169898e+01 -2.380942e+00 -2.767797e+01
vertex 4.086155e+01 -2.085889e+00 -2.910406e+01
vertex 4.205362e+01 -2.085889e+00 -2.749675e+01
endloop
endfacet
facet normal 0 0 0
outer loop
vertex 4.086155e+01 -2.085889e+00 -2.910406e+01
vertex 4.137165e+01 -1.042076e+00 -2.875890e+01
vertex 4.205362e+01 -2.085889e+00 -2.749675e+01
endloop
endfacet
facet normal 0 0 0
outer loop
vertex 8.143986e+00 -2.085889e+00 -2.749675e+01
vertex 8.616523e+00 -1.023236e+00 -2.847057e+01
vertex 9.336048e+00 -2.085889e+00 -2.910406e+01
endloop
endfacet
facet normal 0 0 0
outer loop
vertex 9.204704e+00 -2.391438e+00 -2.861162e+01
vertex 8.143986e+00 -2.085889e+00 -2.749675e+01
vertex 9.336048e+00 -2.085889e+00 -2.910406e+01
endloop
endfacet
facet normal 0 0 0
outer loop
vertex 1.896487e+01 -2.540000e+00 -1.384810e+01
vertex 1.769000e+01 -2.540000e+00 -1.441592e+01
vertex 1.865262e+01 -2.540000e+00 -1.510796e+01
endloop
endfacet
facet normal 0 0 0
outer loop
vertex 3.766570e+01 2.540000e+00 -2.406599e+01
vertex 3.885345e+01 2.540000e+00 -2.212970e+01
vertex 3.975121e+01 2.540000e+00 -2.361015e+01
endloop
endfacet
facet normal 0 0 0
outer loop
vertex 3.733564e+01 2.540000e+00 -2.176061e+01
vertex 3.885345e+01 2.540000e+00 -2.212970e+01
vertex 3.766570e+01 2.540000e+00 -2.406599e+01
endloop
endfacet
facet normal 0 0 0
outer loop
vertex 3.179952e+01 -1.064953e+00 -3.561250e+01
vertex 3.070558e+01 -1.266108e+00 -3.592524e+01
vertex 3.117622e+01 -6.724191e-01 -3.588682e+01
endloop
endfacet
facet normal 0 0 0
outer loop
vertex 3.070558e+01 -1.266108e+00 -3.592524e+01
vertex 2.980120e+01 -9.559433e-01 -3.620976e+01
vertex 3.058331e+01 -2.592584e-02 -3.619248e+01
endloop
endfacet
facet normal 0 0 0
outer loop
vertex 1.287969e+01 -2.540000e+00 -1.680315e+01
vertex 1.224497e+01 -2.540000e+00 -1.529256e+01
vertex 1.109857e+01 -2.540000e+00 -1.622927e+01
endloop
endfacet
facet normal 0 0 0
outer loop
vertex 8.027210e+00 2.540000e+00 -1.830845e+01
vertex 9.041411e+00 2.540000e+00 -1.981106e+01
vertex 7.308739e+00 2.540000e+00 -1.966123e+01
endloop
endfacet
facet normal 0 0 0
outer loop
vertex 5.060190e+00 -2.391438e+00 -1.867906e+01
vertex 4.941900e+00 -2.050578e+00 -1.915737e+01
vertex 5.099234e+00 -2.085889e+00 -2.014606e+01
endloop
endfacet
facet normal 0 0 0
outer loop
vertex 4.092416e+01 2.540000e+00 -1.643718e+01
vertex 4.006125e+01 2.540000e+00 -1.780180e+01
vertex 3.897106e+01 2.540000e+00 -1.692346e+01
endloop
endfacet
facet normal 0 0 0
outer loop
vertex 2.718053e+01 -2.540000e+00 -2.213980e+01
vertex 2.712820e+01 -2.532461e+00 -2.433622e+01
vertex 2.857222e+01 -2.540000e+00 -2.264918e+01
endloop
endfacet
facet normal 0 0 0
outer loop
vertex 3.911804e+01 -2.540000e+00 -1.276633e+01
vertex 3.816478e+01 -2.540000e+00 -1.084481e+01
vertex 3.696551e+01 -2.540000e+00 -1.269096e+01
endloop
endfacet
facet normal 0 0 0
outer loop
vertex 4.057816e+01 -2.540000e+00 -1.190173e+01
vertex 3.816478e+01 -2.540000e+00 -1.084481e+01
vertex 3.911804e+01 -2.540000e+00 -1.276633e+01
endloop
endfacet
facet normal 0 0 0
outer loop
vertex 1.375116e+01 2.540000e+00 -2.432986e+01
vertex 1.490929e+01 2.540000e+00 -2.246538e+01
vertex 1.545836e+01 2.540000e+00 -2.410337e+01
endloop
endfacet
facet normal 0 0 0
outer loop
vertex 1.321136e+01 2.540000e+00 -2.236481e+01
vertex 1.490929e+01 2.540000e+00 -2.246538e+01
vertex 1.375116e+01 2.540000e+00 -2.432986e+01
endloop
endfacet
facet normal 0 0 0
outer loop
vertex 2.112064e+01 -2.085889e+00 -3.616747e+01
vertex 2.258130e+01 -2.391438e+00 -3.619900e+01
vertex 2.097298e+01 -2.391438e+00 -3.593307e+01
endloop
endfacet
facet normal 0 0 0
outer loop
vertex 2.310010e+01 -2.085889e+00 -3.646109e+01
vertex 2.258130e+01 -2.391438e+00 -3.619900e+01
vertex 2.112064e+01 -2.085889e+00 -3.616747e+01
endloop
endfacet
facet normal 0 0 0
outer loop
vertex 3.128631e+01 2.540000e+00 -4.843923e+00
vertex 3.261869e+01 2.540000e+00 -3.437894e+00
vertex 3.325996e+01 2.540000e+00 -5.180389e+00
endloop
endfacet
facet normal 0 0 0
outer loop
vertex 4.471357e+01 -2.767430e-02 -2.296392e+01
vertex 4.491101e+01 -1.066310e+00 -2.168847e+01
vertex 4.466286e+01 -1.056781e+00 -2.252556e+01
endloop
endfacet
facet normal 0 0 0
outer loop
vertex 4.037730e+01 2.540000e+00 -9.257152e+00
vertex 4.073923e+01 2.540000e+00 -7.856615e+00
vertex 4.193374e+01 2.540000e+00 -8.439675e+00
endloop
endfacet
facet normal 0 0 0
outer loop
vertex 1.504321e+01 -2.540000e+00 -1.276276e+01
vertex 1.472994e+01 -2.540000e+00 -1.416512e+01
vertex 1.578605e+01 -2.540000e+00 -1.371870e+01
endloop
endfacet
facet normal 0 0 0
outer loop
vertex 1.578605e+01 -2.540000e+00 -1.371870e+01
vertex 1.472994e+01 -2.540000e+00 -1.416512e+01
vertex 1.591534e+01 -2.540000e+00 -1.468567e+01
endloop
endfacet
facet normal 0 0 0
outer loop
vertex 4.245022e+01 0.000000e+00 -4.800138e+00
vertex 4.300008e+01 0.000000e+00 -5.639423e+00
vertex 4.206241e+01 9.672836e-01 -4.498923e+00
endloop
endfacet
facet normal 0 0 0
outer loop
vertex 4.239534e+01 -1.045398e+00 -2.730523e+01
vertex 4.300008e+01 0.000000e+00 -2.669638e+01
vertex 4.305554e+01 -1.123139e+00 -2.619275e+01
endloop
endfacet
facet normal 0 0 0
outer loop
vertex 2.421566e+01 -2.540000e+00 -4.971299e+00
vertex 2.300008e+01 -2.540000e+00 -6.345133e+00
vertex 2.457694e+01 -2.540000e+00 -7.024837e+00
endloop
endfacet
facet normal 0 0 0
outer loop
vertex 4.524518e+01 -2.085889e+00 -1.915633e+01
vertex 4.539199e+01 -2.085889e+00 -1.816660e+01
vertex 4.498417e+01 -2.413183e+00 -1.935484e+01
endloop
endfacet
facet normal 0 0 0
outer loop
vertex 4.537095e+01 2.156511e+00 -1.417127e+01
vertex 4.500082e+01 2.391438e+00 -1.281306e+01
vertex 4.509837e+01 2.085889e+00 -1.218974e+01
endloop
endfacet
facet normal 0 0 0
outer loop
vertex 4.392978e+01 -2.375218e+00 -8.852355e+00
vertex 4.392490e+01 -1.995353e+00 -8.278635e+00
vertex 4.365448e+01 -2.522883e+00 -8.885334e+00
endloop
endfacet
facet normal 0 0 0
outer loop
vertex 4.177059e+01 2.399380e+00 -4.802589e+00
vertex 4.114227e+01 2.391438e+00 -3.918536e+00
vertex 4.145758e+01 2.085889e+00 -4.035399e+00
endloop
endfacet
facet normal 0 0 0
outer loop
vertex 4.169898e+01 -2.380942e+00 -2.767797e+01
vertex 4.105885e+01 -2.391438e+00 -2.852580e+01
vertex 4.086155e+01 -2.085889e+00 -2.910406e+01
endloop
endfacet
facet normal 0 0 0
outer loop
vertex 5.612240e+00 2.540000e+00 -1.960391e+01
vertex 5.087793e+00 2.190675e+00 -1.882744e+01
vertex 5.280308e+00 2.459363e+00 -1.881333e+01
endloop
endfacet
facet normal 0 0 0
outer loop
vertex 2.710697e+01 2.540000e+00 -3.047142e+01
vertex 2.877728e+01 2.540000e+00 -3.142092e+01
vertex 2.668019e+01 2.540000e+00 -3.189778e+01
endloop
endfacet
facet normal 0 0 0
outer loop
vertex 3.179436e+01 -1.159517e+00 3.259799e+00
vertex 3.257598e+01 -5.251212e-03 3.200313e+00
vertex 3.150549e+01 -1.776389e-02 3.558467e+00
endloop
endfacet
facet normal 0 0 0
outer loop
vertex 1.464124e+01 -2.540000e+00 -2.109218e+01
vertex 1.641604e+01 -2.540000e+00 -2.127971e+01
vertex 1.576555e+01 -2.540000e+00 -2.005140e+01
endloop
endfacet
facet normal 0 0 0
outer loop
vertex 1.641604e+01 -2.540000e+00 -2.127971e+01
vertex 1.464124e+01 -2.540000e+00 -2.109218e+01
vertex 1.469868e+01 -2.540000e+00 -2.242488e+01
endloop
endfacet
facet normal 0 0 0
outer loop
vertex 2.883242e+01 -1.018387e+00 -3.639932e+01
vertex 2.808620e+01 -2.121200e+00 -3.630376e+01
vertex 2.763727e+01 -8.987043e-01 -3.660456e+01
endloop
endfacet
facet normal 0 0 0
outer loop
vertex 4.037265e+01 -2.384160e+00 -2.938442e+01
vertex 4.122421e+01 -2.531442e+00 -2.776128e+01
vertex 4.004465e+01 -2.522883e+00 -2.935769e+01
endloop
endfacet
facet normal 0 0 0
outer loop
vertex 4.261059e+01 -2.540000e+00 -8.957909e+00
vertex 4.222839e+01 -2.531442e+00 -7.934940e+00
vertex 4.140054e+01 -2.540000e+00 -8.859741e+00
endloop
endfacet
facet normal 0 0 0
outer loop
vertex 4.097077e+01 -2.540000e+00 -7.474727e+00
vertex 4.140054e+01 -2.540000e+00 -8.859741e+00
vertex 4.222839e+01 -2.531442e+00 -7.934940e+00
endloop
endfacet
facet normal 0 0 0
outer loop
vertex 3.189146e+01 2.531442e+00 2.494765e+00
vertex 3.064935e+01 2.540000e+00 1.744818e+00
vertex 3.098123e+01 2.540000e+00 2.585191e+00
endloop
endfacet
facet normal 0 0 0
outer loop
vertex 3.610188e+01 -2.540000e+00 -3.146239e+01
vertex 3.493895e+01 -2.540000e+00 -3.193489e+01
vertex 3.627265e+01 -2.531442e+00 -3.255693e+01
endloop
endfacet
facet normal 0 0 0
outer loop
vertex 2.936626e+01 2.540000e+00 -4.661295e+00
vertex 2.807415e+01 2.540000e+00 -3.557477e+00
vertex 2.979500e+01 2.540000e+00 -3.462569e+00
endloop
endfacet
facet normal 0 0 0
outer loop
vertex 4.392501e+01 2.531442e+00 -9.842630e+00
vertex 4.273064e+01 2.540000e+00 -1.084666e+01
vertex 4.269543e+01 2.540000e+00 -9.211762e+00
endloop
endfacet
facet normal 0 0 0
outer loop
vertex 4.037730e+01 2.540000e+00 -9.257152e+00
vertex 4.025572e+01 2.540000e+00 -1.085773e+01
vertex 3.932067e+01 2.539125e+00 -1.009838e+01
endloop
endfacet
facet normal 0 0 0
outer loop
vertex 1.885445e+01 1.398198e-02 3.628255e+00
vertex 1.779996e+01 3.980839e-02 3.242125e+00
vertex 1.804879e+01 -1.098920e+00 3.142425e+00
endloop
endfacet
facet normal 0 0 0
outer loop
vertex 8.342923e+00 -5.485279e-02 -3.955295e+00
vertex 7.758673e+00 -8.407941e-02 -4.768004e+00
vertex 8.453548e+00 -9.890308e-01 -4.076557e+00
endloop
endfacet
facet normal 0 0 0
outer loop
vertex 3.245403e+01 2.540000e+00 -1.716546e+01
vertex 3.388358e+01 2.540000e+00 -1.611345e+01
vertex 3.385903e+01 2.540000e+00 -1.754454e+01
endloop
endfacet
facet normal 0 0 0
outer loop
vertex 3.934779e+01 2.540000e+00 -4.601255e+00
vertex 3.998975e+01 2.531442e+00 -3.026559e+00
vertex 4.122421e+01 2.531442e+00 -4.574522e+00
endloop
endfacet
facet normal 0 0 0
outer loop
vertex 3.998975e+01 2.531442e+00 -3.026559e+00
vertex 4.047545e+01 2.391438e+00 -3.080519e+00
vertex 4.122421e+01 2.531442e+00 -4.574522e+00
endloop
endfacet
facet normal 0 0 0
outer loop
vertex 2.469588e+01 -2.540000e+00 -3.500187e+01
vertex 2.410884e+01 -2.531442e+00 -3.600360e+01
vertex 2.608876e+01 -2.531442e+00 -3.600360e+01
endloop
endfacet
facet normal 0 0 0
outer loop
vertex 1.018441e+01 -2.540000e+00 -8.439546e+00
vertex 9.338281e+00 -2.540000e+00 -7.149459e+00
vertex 9.136089e+00 -2.540000e+00 -8.195550e+00
endloop
endfacet
facet normal 0 0 0
outer loop
vertex 1.690945e+01 2.540000e+00 -6.284766e+00
vertex 1.616556e+01 2.540000e+00 -7.676194e+00
vertex 1.508922e+01 2.540000e+00 -6.679193e+00
endloop
endfacet
facet normal 0 0 0
outer loop
vertex 1.047041e+01 -2.540000e+00 -2.783875e+01
vertex 8.978086e+00 -2.535844e+00 -2.775772e+01
vertex 1.020785e+01 -2.531442e+00 -2.930924e+01
endloop
endfacet
facet normal 0 0 0
outer loop
vertex 2.855736e+01 2.540000e+00 -1.910825e+01
vertex 2.944219e+01 2.540000e+00 -2.020253e+01
vertex 2.748425e+01 2.540000e+00 -1.972911e+01
endloop
endfacet
facet normal 0 0 0
outer loop
vertex 8.978086e+00 -2.535844e+00 -2.775772e+01
vertex 9.204704e+00 -2.391438e+00 -2.861162e+01
vertex 1.020785e+01 -2.531442e+00 -2.930924e+01
endloop
endfacet
facet normal 0 0 0
outer loop
vertex 2.097298e+01 -2.391438e+00 -3.593307e+01
vertex 2.258130e+01 -2.391438e+00 -3.619900e+01
vertex 2.213876e+01 -2.531442e+00 -3.580647e+01
endloop
endfacet
facet normal 0 0 0
outer loop
vertex 3.284518e+01 2.540000e+00 -1.849978e+01
vertex 3.120593e+01 2.540000e+00 -1.801753e+01
vertex 3.245403e+01 2.540000e+00 -1.716546e+01
endloop
endfacet
facet normal 0 0 0
outer loop
vertex 3.054990e+01 2.540000e+00 -1.904548e+01
vertex 2.944219e+01 2.540000e+00 -2.020253e+01
vertex 2.957562e+01 2.540000e+00 -1.846605e+01
endloop
endfacet
facet normal 0 0 0
outer loop
vertex 4.343911e+01 -2.540000e+00 -1.142842e+01
vertex 4.252271e+01 -2.540000e+00 -1.191447e+01
vertex 4.358757e+01 -2.540000e+00 -1.231928e+01
endloop
endfacet
facet normal 0 0 0
outer loop
vertex 4.558930e+01 -8.131357e-01 -1.839741e+01
vertex 4.566709e+01 0.000000e+00 -1.897940e+01
vertex 4.583579e+01 2.436806e-02 -1.719815e+01
endloop
endfacet
facet normal 0 0 0
outer loop
vertex 2.721930e+01 2.540000e+00 -1.824435e+01
vertex 2.561208e+01 2.540000e+00 -2.015845e+01
vertex 2.549052e+01 2.540000e+00 -1.820998e+01
endloop
endfacet
facet normal 0 0 0
outer loop
vertex 4.566709e+01 0.000000e+00 -1.897940e+01
vertex 4.558487e+01 1.013718e+00 -1.810155e+01
vertex 4.583579e+01 2.436806e-02 -1.719815e+01
endloop
endfacet
facet normal 0 0 0
outer loop
vertex 3.860162e+01 9.147564e-01 -3.171813e+01
vertex 3.788092e+01 1.010284e+00 -3.230552e+01
vertex 3.804837e+01 2.015267e+00 -3.194699e+01
endloop
endfacet
facet normal 0 0 0
outer loop
vertex 4.537500e+01 1.087380e+00 -1.961713e+01
vertex 4.558487e+01 1.013718e+00 -1.810155e+01
vertex 4.566709e+01 0.000000e+00 -1.897940e+01
endloop
endfacet
facet normal 0 0 0
outer loop
vertex 4.498417e+01 -2.413183e+00 -1.935484e+01
vertex 4.480506e+01 -2.531442e+00 -1.863741e+01
vertex 4.438987e+01 -2.540000e+00 -2.057096e+01
endloop
endfacet
facet normal 0 0 0
outer loop
vertex 1.703426e+01 2.540000e+00 -1.984298e+01
vertex 1.600256e+01 2.540000e+00 -1.847401e+01
vertex 1.711909e+01 2.540000e+00 -1.802216e+01
endloop
endfacet
facet normal 0 0 0
outer loop
vertex 3.585239e+01 -2.540000e+00 -6.975029e-01
vertex 3.635806e+01 -2.540000e+00 -2.748111e+00
vertex 3.696772e+01 -2.540000e+00 -1.501681e+00
endloop
endfacet
facet normal 0 0 0
outer loop
vertex 1.216265e+01 2.085889e+00 -4.051480e-01
vertex 1.136755e+01 2.015267e+00 -1.097284e+00
vertex 1.133572e+01 1.143794e+00 -9.120259e-01
endloop
endfacet
facet normal 0 0 0
outer loop
vertex 4.105885e+01 -2.391438e+00 -2.852580e+01
vertex 4.122421e+01 -2.531442e+00 -2.776128e+01
vertex 4.037265e+01 -2.384160e+00 -2.938442e+01
endloop
endfacet
facet normal 0 0 0
outer loop
vertex 1.629304e+01 -2.540000e+00 -2.295981e+00
vertex 1.645887e+01 -2.540000e+00 -7.129734e-01
vertex 1.523788e+01 -2.540000e+00 -1.132627e+00
endloop
endfacet
facet normal 0 0 0
outer loop
vertex 1.645887e+01 -2.540000e+00 -7.129734e-01
vertex 1.766758e+01 -2.540000e+00 -1.834706e+00
vertex 1.787480e+01 -2.540000e+00 -1.989278e-01
endloop
endfacet
facet normal 0 0 0
outer loop
vertex 1.268404e+01 -2.540000e+00 -9.106539e+00
vertex 1.062671e+01 -2.540000e+00 -9.837335e+00
vertex 1.193261e+01 -2.540000e+00 -1.034999e+01
endloop
endfacet
facet normal 0 0 0
outer loop
vertex 7.986281e+00 2.540000e+00 -2.340294e+01
vertex 7.294114e+00 2.540000e+00 -2.255401e+01
vertex 8.817214e+00 2.540000e+00 -2.201868e+01
endloop
endfacet
facet normal 0 0 0
outer loop
vertex 1.249264e+01 -2.540000e+00 -2.631157e+01
vertex 1.253981e+01 -2.540000e+00 -2.481862e+01
vertex 1.087743e+01 -2.540000e+00 -2.610518e+01
endloop
endfacet
facet normal 0 0 0
outer loop
vertex 2.026171e+01 2.540000e+00 7.336923e-01
vertex 1.917350e+01 2.540000e+00 6.809502e-01
vertex 1.918523e+01 2.540000e+00 1.649872e+00
endloop
endfacet
facet normal 0 0 0
outer loop
vertex 2.026171e+01 2.540000e+00 7.336923e-01
vertex 1.918523e+01 2.540000e+00 1.649872e+00
vertex 2.012249e+01 2.540000e+00 2.076847e+00
endloop
endfacet
facet normal 0 0 0
outer loop
vertex 2.061742e+01 0.000000e+00 -3.644650e+01
vertex 2.206658e+01 1.034144e+00 -3.651255e+01
vertex 2.261174e+01 -7.331181e-02 -3.677305e+01
endloop
endfacet
facet normal 0 0 0
outer loop
vertex 2.061742e+01 0.000000e+00 -3.644650e+01
vertex 2.100582e+01 1.106204e+00 -3.632426e+01
vertex 2.206658e+01 1.034144e+00 -3.651255e+01
endloop
endfacet
facet normal 0 0 0
outer loop
vertex 2.129674e+01 -2.540000e+00 -3.164657e+01
vertex 1.995914e+01 -2.540000e+00 -3.210229e+01
vertex 2.135629e+01 -2.540000e+00 -3.364015e+01
endloop
endfacet
facet normal 0 0 0
outer loop
vertex 1.227851e+01 2.540000e+00 -3.251151e+00
vertex 1.336474e+01 2.540000e+00 -2.278752e+00
vertex 1.415633e+01 2.540000e+00 -3.713633e+00
endloop
endfacet
facet normal 0 0 0
outer loop
vertex 1.515564e+01 -2.540000e+00 -2.637697e+01
vertex 1.372112e+01 -2.540000e+00 -2.583432e+01
vertex 1.374877e+01 -2.540000e+00 -2.765790e+01
endloop
endfacet
facet normal 0 0 0
outer loop
vertex 3.633154e+01 5.322503e-02 -3.360918e+01
vertex 3.540131e+01 -1.033333e+00 -3.397684e+01
vertex 3.517986e+01 0.000000e+00 -3.429716e+01
endloop
endfacet
facet normal 0 0 0
outer loop
vertex 3.104467e+01 2.540000e+00 -6.940215e-01
vertex 3.043513e+01 2.540000e+00 -2.146833e+00
vertex 2.942460e+01 2.540000e+00 -7.903531e-01
endloop
endfacet
facet normal 0 0 0
outer loop
vertex 3.855856e+01 -6.717303e-03 -4.002461e-01
vertex 3.804756e+01 8.660421e-01 -1.396857e-01
vertex 3.769804e+01 4.132231e-03 3.400178e-01
endloop
endfacet
facet normal 0 0 0
outer loop
vertex 3.376583e+01 2.540000e+00 -1.167564e+01
vertex 3.227160e+01 2.540000e+00 -1.069337e+01
vertex 3.302015e+01 2.535519e+00 -9.843529e+00
endloop
endfacet
facet normal 0 0 0
outer loop
vertex 5.458479e+00 2.540000e+00 -1.483327e+01
vertex 5.000704e+00 2.391438e+00 -1.418841e+01
vertex 5.392540e+00 2.531442e+00 -1.369839e+01
endloop
endfacet
facet normal 0 0 0
outer loop
vertex 6.098327e+00 2.540000e+00 -1.511217e+01
vertex 5.392540e+00 2.531442e+00 -1.369839e+01
vertex 6.804709e+00 2.540000e+00 -1.417441e+01
endloop
endfacet
facet normal 0 0 0
outer loop
vertex 4.582901e+01 2.331216e-02 -1.506592e+01
vertex 4.553240e+01 1.037579e+00 -1.373376e+01
vertex 4.565522e+01 0.000000e+00 -1.323395e+01
endloop
endfacet
facet normal 0 0 0
outer loop
vertex 4.582901e+01 2.331216e-02 -1.506592e+01
vertex 4.558448e+01 1.236683e+00 -1.466563e+01
vertex 4.553240e+01 1.037579e+00 -1.373376e+01
endloop
endfacet
facet normal 0 0 0
outer loop
vertex 4.105885e+01 -2.391438e+00 -2.852580e+01
vertex 4.037265e+01 -2.384160e+00 -2.938442e+01
vertex 4.086155e+01 -2.085889e+00 -2.910406e+01
endloop
endfacet
facet normal 0 0 0
outer loop
vertex 3.332220e+01 -2.525098e+00 7.340227e-01
vertex 3.196264e+01 -2.540000e+00 1.524994e-01
vertex 3.312295e+01 -2.540000e+00 -1.297118e+00
endloop
endfacet
facet normal 0 0 0
outer loop
vertex 3.425659e+01 2.391438e+00 1.826726e+00
vertex 3.576403e+01 2.391438e+00 9.785176e-01
vertex 3.545398e+01 2.539262e+00 7.666609e-01
endloop
endfacet
facet normal 0 0 0
outer loop
vertex 2.966011e+01 2.540000e+00 -3.291172e+01
vertex 2.877728e+01 2.540000e+00 -3.142092e+01
vertex 3.042757e+01 2.540000e+00 -3.196540e+01
endloop
endfacet
facet normal 0 0 0
outer loop
vertex 2.325071e+01 2.540000e+00 2.854725e+00
vertex 2.425251e+01 2.540000e+00 1.229789e+00
vertex 2.263724e+01 2.540000e+00 2.087115e+00
endloop
endfacet
facet normal 0 0 0
outer loop
vertex 1.771161e+01 -2.540000e+00 -2.324410e+01
vertex 1.894849e+01 -2.540000e+00 -2.395618e+01
vertex 1.823059e+01 -2.540000e+00 -2.207724e+01
endloop
endfacet
facet normal 0 0 0
outer loop
vertex 4.450134e+01 2.401794e+00 -1.067516e+01
vertex 4.461214e+01 2.085889e+00 -1.024859e+01
vertex 4.478780e+01 2.391438e+00 -1.167401e+01
endloop
endfacet
facet normal 0 0 0
outer loop
vertex 4.478780e+01 2.391438e+00 -1.167401e+01
vertex 4.446125e+01 2.531442e+00 -1.174855e+01
vertex 4.450134e+01 2.401794e+00 -1.067516e+01
endloop
endfacet
facet normal 0 0 0
outer loop
vertex 1.040001e+01 1.205445e+00 -3.052824e+01
vertex 1.069487e+01 2.156511e+00 -3.057183e+01
vertex 1.093633e+01 1.573828e+00 -3.095614e+01
endloop
endfacet
facet normal 0 0 0
outer loop
vertex 1.474138e+01 2.540000e+00 -3.222983e+01
vertex 1.427281e+01 2.540000e+00 -3.144313e+01
vertex 1.543851e+01 2.540000e+00 -3.176640e+01
endloop
endfacet
facet normal 0 0 0
outer loop
vertex 1.358496e+01 2.540000e+00 -3.070848e+01
vertex 1.427281e+01 2.540000e+00 -3.144313e+01
vertex 1.364366e+01 2.540000e+00 -3.159678e+01
endloop
endfacet
facet normal 0 0 0
outer loop
vertex 3.975121e+01 2.540000e+00 -2.361015e+01
vertex 3.885345e+01 2.540000e+00 -2.212970e+01
vertex 4.079478e+01 2.540000e+00 -2.245236e+01
endloop
endfacet
facet normal 0 0 0
outer loop
vertex 2.753773e+01 2.540000e+00 -3.298666e+01
vertex 2.564610e+01 2.540000e+00 -3.331340e+01
vertex 2.668019e+01 2.540000e+00 -3.189778e+01
endloop
endfacet
facet normal 0 0 0
outer loop
vertex 4.523767e+01 -2.391438e+00 -1.465870e+01
vertex 4.541303e+01 -2.015267e+00 -1.416712e+01
vertex 4.483064e+01 -2.540000e+00 -1.468920e+01
endloop
endfacet
facet normal 0 0 0
outer loop
vertex 3.098674e+01 -2.540000e+00 -1.538406e+00
vertex 2.893458e+01 -2.540000e+00 -1.914817e+00
vertex 3.017653e+01 -2.540000e+00 -3.016790e+00
endloop
endfacet
facet normal 0 0 0
outer loop
vertex 8.358095e+00 -2.540000e+00 -7.138228e+00
vertex 9.338281e+00 -2.540000e+00 -7.149459e+00
vertex 8.732349e+00 -2.540000e+00 -6.245471e+00
endloop
endfacet
facet normal 0 0 0
outer loop
vertex 1.481213e+01 -2.540000e+00 -2.492183e+01
vertex 1.515564e+01 -2.540000e+00 -2.637697e+01
vertex 1.646484e+01 -2.540000e+00 -2.507237e+01
endloop
endfacet
facet normal 0 0 0
outer loop
vertex 9.338281e+00 -2.540000e+00 -7.149459e+00
vertex 8.358095e+00 -2.540000e+00 -7.138228e+00
vertex 8.194669e+00 -2.540000e+00 -8.019595e+00
endloop
endfacet
facet normal 0 0 0
outer loop
vertex 2.811260e+01 -2.540000e+00 1.636482e+00
vertex 2.963279e+01 -2.540000e+00 1.005913e+00
vertex 2.931571e+01 -2.540000e+00 2.217838e+00
endloop
endfacet
facet normal 0 0 0
outer loop
vertex 1.206562e+01 2.540000e+00 -1.690655e+01
vertex 1.329311e+01 2.540000e+00 -1.551508e+01
vertex 1.322348e+01 2.540000e+00 -1.687875e+01
endloop
endfacet
facet normal 0 0 0
outer loop
vertex 1.189731e+01 -1.297798e+00 -3.189493e+01
vertex 1.170680e+01 0.000000e+00 -3.204111e+01
vertex 1.278136e+01 -1.163206e+00 -3.260950e+01
endloop
endfacet
facet normal 0 0 0
outer loop
vertex 1.278136e+01 -1.163206e+00 -3.260950e+01
vertex 1.217606e+01 -2.156511e+00 -3.191431e+01
vertex 1.189731e+01 -1.297798e+00 -3.189493e+01
endloop
endfacet
facet normal 0 0 0
outer loop
vertex 3.804837e+01 -2.015267e+00 -3.194699e+01
vertex 3.805092e+01 -2.237933e+00 -3.180825e+01
vertex 3.734963e+01 -2.391438e+00 -3.222148e+01
endloop
endfacet
facet normal 0 0 0
outer loop
vertex 3.513863e+01 2.540000e+00 -1.728828e+01
vertex 3.546392e+01 2.540000e+00 -1.604043e+01
vertex 3.703578e+01 2.540000e+00 -1.732565e+01
endloop
endfacet
facet normal 0 0 0
outer loop
vertex 1.121554e+01 -2.540000e+00 -4.280041e+00
vertex 1.006658e+01 -2.540000e+00 -4.827890e+00
vertex 1.080743e+01 -2.540000e+00 -6.110272e+00
endloop
endfacet
facet normal 0 0 0
outer loop
vertex 6.804709e+00 2.540000e+00 -1.417441e+01
vertex 6.373851e+00 2.540000e+00 -1.296021e+01
vertex 7.962312e+00 2.540000e+00 -1.261968e+01
endloop
endfacet
facet normal 0 0 0
outer loop
vertex 6.804709e+00 2.540000e+00 -1.417441e+01
vertex 5.392540e+00 2.531442e+00 -1.369839e+01
vertex 6.373851e+00 2.540000e+00 -1.296021e+01
endloop
endfacet
facet normal 0 0 0
outer loop
vertex 4.519512e+01 -9.567353e-01 -1.166847e+01
vertex 4.511910e+01 -2.015267e+00 -1.218561e+01
vertex 4.541485e+01 -8.853203e-01 -1.272974e+01
endloop
endfacet
facet normal 0 0 0
outer loop
vertex 2.248553e+01 -5.685829e-02 4.420073e+00
vertex 2.261810e+01 1.122287e+00 4.242087e+00
vertex 2.180308e+01 1.014515e+00 4.125870e+00
endloop
endfacet
facet normal 0 0 0
outer loop
vertex 1.646484e+01 -2.540000e+00 -2.507237e+01
vertex 1.515564e+01 -2.540000e+00 -2.637697e+01
vertex 1.652586e+01 -2.530504e+00 -2.637829e+01
endloop
endfacet
facet normal 0 0 0
outer loop
vertex 1.129186e+01 -2.540000e+00 -7.811215e+00
vertex 1.018441e+01 -2.540000e+00 -8.439546e+00
vertex 1.062671e+01 -2.540000e+00 -9.837335e+00
endloop
endfacet
facet normal 0 0 0
outer loop
vertex 1.797647e+01 1.016071e+00 -3.545372e+01
vertex 1.717152e+01 1.070259e+00 -3.515344e+01
vertex 1.729536e+01 2.085889e+00 -3.500708e+01
endloop
endfacet
facet normal 0 0 0
outer loop
vertex 2.509880e+01 2.531442e+00 3.667805e+00
vertex 2.608876e+01 2.531442e+00 3.667805e+00
vertex 2.608035e+01 2.540000e+00 2.713793e+00
endloop
endfacet
facet normal 0 0 0
outer loop
vertex 1.691038e+01 -2.540000e+00 -2.913117e+01
vertex 1.494923e+01 -2.540000e+00 -2.886786e+01
vertex 1.467540e+01 -2.540000e+00 -3.036214e+01
endloop
endfacet
facet normal 0 0 0
outer loop
vertex 2.143346e+01 2.395381e+00 3.679402e+00
vertex 2.109587e+01 2.540000e+00 3.169242e+00
vertex 2.062004e+01 2.397383e+00 3.505159e+00
endloop
endfacet
facet normal 0 0 0
outer loop
vertex 1.226706e+01 -2.540000e+00 -5.150274e+00
vertex 1.370625e+01 -2.540000e+00 -4.245522e+00
vertex 1.249725e+01 -2.540000e+00 -4.053169e+00
endloop
endfacet
facet normal 0 0 0
outer loop
vertex 1.226706e+01 -2.540000e+00 -5.150274e+00
vertex 1.249725e+01 -2.540000e+00 -4.053169e+00
vertex 1.121554e+01 -2.540000e+00 -4.280041e+00
endloop
endfacet
facet normal 0 0 0
outer loop
vertex 2.685111e+01 2.540000e+00 -1.539797e+01
vertex 2.647381e+01 2.540000e+00 -1.692932e+01
vertex 2.519903e+01 2.540000e+00 -1.564707e+01
endloop
endfacet
facet normal 0 0 0
outer loop
vertex 3.008876e+01 2.540000e+00 4.678065e-01
vertex 3.104467e+01 2.540000e+00 -6.940215e-01
vertex 2.942460e+01 2.540000e+00 -7.903531e-01
endloop
endfacet
facet normal 0 0 0
outer loop
vertex 6.712577e+00 2.537860e+00 -1.212797e+01
vertex 6.373851e+00 2.540000e+00 -1.296021e+01
vertex 5.736349e+00 2.531442e+00 -1.174855e+01
endloop
endfacet
facet normal 0 0 0
outer loop
vertex 1.287676e+01 2.366780e+00 -7.450528e-02
vertex 1.191031e+01 2.399387e+00 -9.064872e-01
vertex 1.216265e+01 2.085889e+00 -4.051480e-01
endloop
endfacet
facet normal 0 0 0
outer loop
vertex 4.735421e+00 -2.015267e+00 -1.516751e+01
vertex 5.366957e+00 -2.540000e+00 -1.468920e+01
vertex 4.784567e+00 -2.015267e+00 -1.416712e+01
endloop
endfacet
facet normal 0 0 0
outer loop
vertex 6.368298e+00 -2.540000e+00 -1.938966e+01
vertex 6.618660e+00 -2.540000e+00 -1.693319e+01
vertex 5.392540e+00 -2.531442e+00 -1.863741e+01
endloop
endfacet
facet normal 0 0 0
outer loop
vertex 2.362002e+01 2.540000e+00 -2.324418e+01
vertex 2.202393e+01 2.540000e+00 -2.308961e+01
vertex 2.322593e+01 2.540000e+00 -2.176885e+01
endloop
endfacet
facet normal 0 0 0
outer loop
vertex 4.551133e+01 2.015267e+00 -1.616790e+01
vertex 4.528786e+01 2.391438e+00 -1.566442e+01
vertex 4.537095e+01 2.156511e+00 -1.417127e+01
endloop
endfacet
facet normal 0 0 0
outer loop
vertex 2.046703e+01 2.540000e+00 -2.303971e+01
vertex 2.104544e+01 2.540000e+00 -2.173619e+01
vertex 2.202393e+01 2.540000e+00 -2.308961e+01
endloop
endfacet
facet normal 0 0 0
outer loop
vertex 2.575233e+01 -2.540000e+00 -1.126284e+00
vertex 2.744214e+01 -2.540000e+00 -1.718648e-01
vertex 2.592826e+01 -2.540000e+00 4.180505e-01
endloop
endfacet
facet normal 0 0 0
outer loop
vertex 1.313883e+01 2.540000e+00 -1.164704e+01
vertex 1.191251e+01 2.540000e+00 -1.315752e+01
vertex 1.114852e+01 2.540000e+00 -1.159477e+01
endloop
endfacet
facet normal 0 0 0
outer loop
vertex 1.191251e+01 2.540000e+00 -1.315752e+01
vertex 1.313883e+01 2.540000e+00 -1.164704e+01
vertex 1.347047e+01 2.540000e+00 -1.352282e+01
endloop
endfacet
facet normal 0 0 0
outer loop
vertex 4.353940e+01 -2.540000e+00 -1.565775e+01
vertex 4.483064e+01 -2.540000e+00 -1.468920e+01
vertex 4.301970e+01 -2.540000e+00 -1.380361e+01
endloop
endfacet
facet normal 0 0 0
outer loop
vertex 3.813917e+01 -2.540000e+00 -1.403393e+01
vertex 3.858859e+01 -2.540000e+00 -1.566910e+01
vertex 3.987290e+01 -2.540000e+00 -1.416932e+01
endloop
endfacet
facet normal 0 0 0
outer loop
vertex 3.911804e+01 -2.540000e+00 -1.276633e+01
vertex 3.813917e+01 -2.540000e+00 -1.403393e+01
vertex 3.987290e+01 -2.540000e+00 -1.416932e+01
endloop
endfacet
facet normal 0 0 0
outer loop
vertex 4.480506e+01 -2.531442e+00 -1.863741e+01
vertex 4.319994e+01 -2.540000e+00 -1.929422e+01
vertex 4.438987e+01 -2.540000e+00 -2.057096e+01
endloop
endfacet
facet normal 0 0 0
outer loop
vertex 2.242612e+01 2.540000e+00 -1.513964e+01
vertex 2.143092e+01 2.540000e+00 -1.602347e+01
vertex 2.150909e+01 2.540000e+00 -1.420424e+01
endloop
endfacet
facet normal 0 0 0
outer loop
vertex 2.242612e+01 2.540000e+00 -1.513964e+01
vertex 2.354628e+01 2.540000e+00 -1.608552e+01
vertex 2.143092e+01 2.540000e+00 -1.602347e+01
endloop
endfacet
facet normal 0 0 0
outer loop
vertex 4.300008e+01 0.000000e+00 -2.669638e+01
vertex 4.190036e+01 0.000000e+00 -2.837495e+01
vertex 4.252799e+01 1.076312e+00 -2.709006e+01
endloop
endfacet
facet normal 0 0 0
outer loop
vertex 4.252799e+01 1.076312e+00 -2.709006e+01
vertex 4.190036e+01 0.000000e+00 -2.837495e+01
vertex 4.196317e+01 1.119010e+00 -2.793704e+01
endloop
endfacet
facet normal 0 0 0
outer loop
vertex 6.765206e+00 2.540000e+00 -1.826014e+01
vertex 5.489598e+00 2.540000e+00 -1.862525e+01
vertex 6.041879e+00 2.540000e+00 -1.789112e+01
endloop
endfacet
facet normal 0 0 0
outer loop
vertex 3.643466e+01 2.540000e+00 -1.874144e+01
vertex 3.778565e+01 2.540000e+00 -2.015432e+01
vertex 3.618054e+01 2.540000e+00 -2.045613e+01
endloop
endfacet
facet normal 0 0 0
outer loop
vertex 3.778565e+01 2.540000e+00 -2.015432e+01
vertex 3.643466e+01 2.540000e+00 -1.874144e+01
vertex 3.828941e+01 2.540000e+00 -1.840019e+01
endloop
endfacet
facet normal 0 0 0
outer loop
vertex 3.177154e+01 1.041861e+00 -3.562709e+01
vertex 3.278801e+01 1.187976e-02 -3.544255e+01
vertex 3.156119e+01 -7.705766e-02 -3.586580e+01
endloop
endfacet
facet normal 0 0 0
outer loop
vertex 2.409945e+01 2.085889e+00 4.174387e+00
vertex 2.509880e+01 2.085889e+00 4.223482e+00
vertex 2.499147e+01 2.391438e+00 4.024766e+00
endloop
endfacet
facet normal 0 0 0
outer loop
vertex 6.444118e+00 -9.090876e-01 -7.462237e+00
vertex 6.814417e+00 7.145235e-02 -6.362993e+00
vertex 6.332569e+00 -6.738596e-03 -7.331103e+00
endloop
endfacet
facet normal 0 0 0
outer loop
vertex 3.203010e+01 -2.531592e+00 -3.096364e+00
vertex 3.017653e+01 -2.540000e+00 -3.016790e+00
vertex 3.102952e+01 -2.540000e+00 -4.479518e+00
endloop
endfacet
facet normal 0 0 0
outer loop
vertex 3.098674e+01 -2.540000e+00 -1.538406e+00
vertex 3.017653e+01 -2.540000e+00 -3.016790e+00
vertex 3.203010e+01 -2.531592e+00 -3.096364e+00
endloop
endfacet
facet normal 0 0 0
outer loop
vertex 1.548431e+01 2.540000e+00 -3.266809e+01
vertex 1.474138e+01 2.540000e+00 -3.222983e+01
vertex 1.543851e+01 2.540000e+00 -3.176640e+01
endloop
endfacet
facet normal 0 0 0
outer loop
vertex 2.061742e+01 0.000000e+00 -3.644650e+01
vertex 1.917949e+01 -2.085889e+00 -3.568124e+01
vertex 1.865757e+01 -5.374718e-02 -3.590037e+01
endloop
endfacet
facet normal 0 0 0
outer loop
vertex 1.885445e+01 1.398198e-02 3.628255e+00
vertex 2.061742e+01 0.000000e+00 4.110703e+00
vertex 1.998695e+01 1.166113e+00 3.730976e+00
endloop
endfacet
facet normal 0 0 0
outer loop
vertex 3.196264e+01 -2.540000e+00 1.524994e-01
vertex 3.098674e+01 -2.540000e+00 -1.538406e+00
vertex 3.312295e+01 -2.540000e+00 -1.297118e+00
endloop
endfacet
facet normal 0 0 0
outer loop
vertex 3.004753e+01 2.085889e+00 3.588552e+00
vertex 3.080680e+01 1.144498e+00 3.587449e+00
vertex 3.101811e+01 2.085889e+00 3.345436e+00
endloop
endfacet
facet normal 0 0 0
outer loop
vertex 4.094223e+01 2.540000e+00 -2.413136e+01
vertex 4.079478e+01 2.540000e+00 -2.245236e+01
vertex 4.192182e+01 2.540000e+00 -2.380487e+01
endloop
endfacet
facet normal 0 0 0
outer loop
vertex 3.257598e+01 -5.251212e-03 3.200313e+00
vertex 3.174513e+01 1.071388e+00 3.294884e+00
vertex 3.150549e+01 -1.776389e-02 3.558467e+00
endloop
endfacet
facet normal 0 0 0
outer loop
vertex 2.858788e+01 4.911426e-02 -3.663118e+01
vertex 2.883242e+01 -1.018387e+00 -3.639932e+01
vertex 2.763727e+01 -8.987043e-01 -3.660456e+01
endloop
endfacet
facet normal 0 0 0
outer loop
vertex 9.574096e+00 0.000000e+00 -2.409946e+00
vertex 9.786691e+00 1.042944e+00 -2.446525e+00
vertex 9.123453e+00 1.042944e+00 -3.195165e+00
endloop
endfacet
facet normal 0 0 0
outer loop
vertex 1.032707e+01 3.372902e-02 -3.075007e+01
vertex 9.798169e+00 -8.589538e-01 -2.995662e+01
vertex 8.940089e+00 -4.075333e-03 -2.920915e+01
endloop
endfacet
facet normal 0 0 0
outer loop
vertex 4.177059e+01 2.399380e+00 -4.802589e+00
vertex 4.122421e+01 2.531442e+00 -4.574522e+00
vertex 4.114227e+01 2.391438e+00 -3.918536e+00
endloop
endfacet
facet normal 0 0 0
outer loop
vertex 2.991415e+01 -2.540000e+00 -3.202290e+01
vertex 3.012221e+01 -2.540000e+00 -3.335609e+01
vertex 3.107422e+01 -2.540000e+00 -3.316129e+01
endloop
endfacet
facet normal 0 0 0
outer loop
vertex 4.464149e+01 -9.929546e-01 -9.696284e+00
vertex 4.461493e+01 -1.959762e+00 -1.016269e+01
vertex 4.494157e+01 -1.012096e+00 -1.070188e+01
endloop
endfacet
facet normal 0 0 0
outer loop
vertex 1.064857e+01 2.540000e+00 -5.864285e+00
vertex 1.004078e+01 2.540000e+00 -4.709649e+00
vertex 1.171410e+01 2.540000e+00 -4.861494e+00
endloop
endfacet
facet normal 0 0 0
outer loop
vertex 6.774713e+00 -2.540000e+00 -1.344074e+01
vertex 8.407562e+00 -2.540000e+00 -1.390339e+01
vertex 8.126764e+00 -2.540000e+00 -1.286433e+01
endloop
endfacet
facet normal 0 0 0
outer loop
vertex 8.126764e+00 -2.540000e+00 -1.286433e+01
vertex 8.407562e+00 -2.540000e+00 -1.390339e+01
vertex 9.487859e+00 -2.540000e+00 -1.256083e+01
endloop
endfacet
facet normal 0 0 0
outer loop
vertex 3.940884e+01 -1.343461e-02 -1.134278e+00
vertex 3.872190e+01 1.036227e+00 -7.697130e-01
vertex 3.855856e+01 -6.717303e-03 -4.002461e-01
endloop
endfacet
facet normal 0 0 0
outer loop
vertex 2.509880e+01 2.085889e+00 4.223482e+00
vertex 2.642045e+01 2.410295e+00 3.941342e+00
vertex 2.499147e+01 2.391438e+00 4.024766e+00
endloop
endfacet
facet normal 0 0 0
outer loop
vertex 2.061742e+01 0.000000e+00 -3.644650e+01
vertex 1.982708e+01 9.771079e-01 -3.606071e+01
vertex 2.100582e+01 1.106204e+00 -3.632426e+01
endloop
endfacet
facet normal 0 0 0
outer loop
vertex 2.596540e+01 2.540000e+00 -1.547246e+00
vertex 2.542890e+01 2.540000e+00 -3.331423e+00
vertex 2.435758e+01 2.540000e+00 -1.956209e+00
endloop
endfacet
facet normal 0 0 0
outer loop
vertex 2.084577e+01 -1.258251e+00 3.928575e+00
vertex 2.061742e+01 0.000000e+00 4.110703e+00
vertex 1.989905e+01 -1.245756e+00 3.693810e+00
endloop
endfacet
facet normal 0 0 0
outer loop
vertex 2.483045e+01 -1.024597e+00 -3.675106e+01
vertex 2.465326e+01 7.556091e-02 -3.691570e+01
vertex 2.581006e+01 -1.110201e+00 -3.671376e+01
endloop
endfacet
facet normal 0 0 0
outer loop
vertex 2.391764e+01 -1.010349e+00 -3.670886e+01
vertex 2.465326e+01 7.556091e-02 -3.691570e+01
vertex 2.483045e+01 -1.024597e+00 -3.675106e+01
endloop
endfacet
facet normal 0 0 0
outer loop
vertex 1.186624e+01 -2.540000e+00 -3.472208e+00
vertex 1.281662e+01 -2.540000e+00 -2.987640e+00
vertex 1.168568e+01 -2.540000e+00 -2.604854e+00
endloop
endfacet
facet normal 0 0 0
outer loop
vertex 1.057057e+01 2.540000e+00 -2.819439e+01
vertex 1.149666e+01 2.540000e+00 -2.789227e+01
vertex 1.106933e+01 2.540000e+00 -2.893937e+01
endloop
endfacet
facet normal 0 0 0
outer loop
vertex 1.865757e+01 -5.374718e-02 -3.590037e+01
vertex 1.692213e+01 -2.509513e-02 -3.524767e+01
vertex 1.797647e+01 1.016071e+00 -3.545372e+01
endloop
endfacet
facet normal 0 0 0
outer loop
vertex 9.451264e+00 2.540000e+00 -7.032623e+00
vertex 9.240897e+00 2.540000e+00 -5.862182e+00
vertex 1.064857e+01 2.540000e+00 -5.864285e+00
endloop
endfacet
facet normal 0 0 0
outer loop
vertex 1.065374e+01 -2.392410e+00 -3.026994e+01
vertex 1.116948e+01 -2.391438e+00 -3.078622e+01
vertex 1.096291e+01 -2.540000e+00 -2.994497e+01
endloop
endfacet
facet normal 0 0 0
outer loop
vertex 4.089832e+01 -2.540000e+00 -2.194892e+01
vertex 3.957238e+01 -2.540000e+00 -2.127756e+01
vertex 3.908385e+01 -2.540000e+00 -2.287161e+01
endloop
endfacet
facet normal 0 0 0
outer loop
vertex 2.999950e+01 2.531442e+00 3.078355e+00
vertex 2.897970e+01 2.540000e+00 3.096409e+00
vertex 2.899086e+01 2.395465e+00 3.639619e+00
endloop
endfacet
facet normal 0 0 0
outer loop
vertex 2.944131e+01 -2.391438e+00 -3.588397e+01
vertex 2.999950e+01 -2.531442e+00 -3.541415e+01
vertex 2.902917e+01 -2.531442e+00 -3.561031e+01
endloop
endfacet
facet normal 0 0 0
outer loop
vertex 3.463284e+01 1.054471e+00 -3.440142e+01
vertex 3.517986e+01 0.000000e+00 -3.429716e+01
vertex 3.430294e+01 0.000000e+00 -3.478478e+01
endloop
endfacet
facet normal 0 0 0
outer loop
vertex 4.348312e+01 9.939981e-01 -2.542398e+01
vertex 4.392941e+01 -9.466412e-02 -2.488466e+01
vertex 4.300008e+01 0.000000e+00 -2.669638e+01
endloop
endfacet
facet normal 0 0 0
outer loop
vertex 3.909268e+01 -2.540000e+00 -5.946422e+00
vertex 4.049375e+01 -2.540000e+00 -5.626239e+00
vertex 3.928339e+01 -2.540000e+00 -4.176592e+00
endloop
endfacet
facet normal 0 0 0
outer loop
vertex 1.195058e+01 2.540000e+00 -2.959798e+01
vertex 1.335967e+01 2.540000e+00 -2.941082e+01
vertex 1.263886e+01 2.540000e+00 -3.030312e+01
endloop
endfacet
facet normal 0 0 0
outer loop
vertex 3.448888e+01 -1.013754e+00 2.131353e+00
vertex 3.478107e+01 -2.085889e+00 1.778011e+00
vertex 3.546210e+01 -1.097082e+00 1.590686e+00
endloop
endfacet
facet normal 0 0 0
outer loop
vertex 1.020785e+01 -2.531442e+00 -2.930924e+01
vertex 1.166598e+01 -2.540000e+00 -2.942145e+01
vertex 1.187830e+01 -2.540000e+00 -2.808194e+01
endloop
endfacet
facet normal 0 0 0
outer loop
vertex 1.187830e+01 -2.540000e+00 -2.808194e+01
vertex 1.047041e+01 -2.540000e+00 -2.783875e+01
vertex 1.020785e+01 -2.531442e+00 -2.930924e+01
endloop
endfacet
facet normal 0 0 0
outer loop
vertex 1.448165e+01 2.540000e+00 -8.259651e+00
vertex 1.616556e+01 2.540000e+00 -7.676194e+00
vertex 1.515298e+01 2.540000e+00 -9.572822e+00
endloop
endfacet
facet normal 0 0 0
outer loop
vertex 3.288577e+01 -2.540000e+00 -2.235201e+01
vertex 3.410465e+01 -2.540000e+00 -2.066432e+01
vertex 3.293121e+01 -2.540000e+00 -2.010551e+01
endloop
endfacet
facet normal 0 0 0
outer loop
vertex 2.875256e+01 1.208733e+00 4.052838e+00
vertex 2.786696e+01 9.943343e-01 4.224533e+00
vertex 2.848844e+01 -1.057582e-02 4.314719e+00
endloop
endfacet
facet normal 0 0 0
outer loop
vertex 4.545712e+01 1.756569e-02 -2.013240e+01
vertex 4.521015e+01 -9.919656e-01 -2.056041e+01
vertex 4.520453e+01 -5.797914e-02 -2.130123e+01
endloop
endfacet
facet normal 0 0 0
outer loop
vertex 3.268916e+01 1.061604e+00 -3.529485e+01
vertex 3.278801e+01 1.187976e-02 -3.544255e+01
vertex 3.177154e+01 1.041861e+00 -3.562709e+01
endloop
endfacet
facet normal 0 0 0
outer loop
vertex 3.365203e+01 1.141753e+00 -3.485649e+01
vertex 3.278801e+01 1.187976e-02 -3.544255e+01
vertex 3.268916e+01 1.061604e+00 -3.529485e+01
endloop
endfacet
facet normal 0 0 0
outer loop
vertex 3.992599e+01 2.540000e+00 -1.929651e+01
vertex 4.179963e+01 2.540000e+00 -1.920607e+01
vertex 4.113196e+01 2.532816e+00 -2.047273e+01
endloop
endfacet
facet normal 0 0 0
outer loop
vertex 4.113196e+01 2.532816e+00 -2.047273e+01
vertex 4.179963e+01 2.540000e+00 -1.920607e+01
vertex 4.273196e+01 2.540000e+00 -2.072088e+01
endloop
endfacet
facet normal 0 0 0
outer loop
vertex 2.416805e+01 -2.391438e+00 -3.634003e+01
vertex 2.310010e+01 -2.085889e+00 -3.646109e+01
vertex 2.509880e+01 -2.085889e+00 -3.655928e+01
endloop
endfacet
facet normal 0 0 0
outer loop
vertex 1.595325e+01 2.540000e+00 -2.892907e+01
vertex 1.757498e+01 2.540000e+00 -3.029614e+01
vertex 1.607283e+01 2.540000e+00 -3.055928e+01
endloop
endfacet
facet normal 0 0 0
outer loop
vertex 1.830614e+01 -2.531442e+00 -3.483057e+01
vertex 1.796540e+01 -2.540000e+00 -3.335039e+01
vertex 1.644993e+01 -2.522883e+00 -3.412746e+01
endloop
endfacet
facet normal 0 0 0
outer loop
vertex 5.662039e+00 -1.582072e+00 -2.256101e+01
vertex 5.766451e+00 -1.021678e+00 -2.318358e+01
vertex 5.855939e+00 -1.900783e+00 -2.296664e+01
endloop
endfacet
facet normal 0 0 0
outer loop
vertex 8.817214e+00 2.540000e+00 -2.201868e+01
vertex 1.110557e+01 2.540000e+00 -2.250138e+01
vertex 9.187366e+00 2.540000e+00 -2.380631e+01
endloop
endfacet
facet normal 0 0 0
outer loop
vertex 9.187366e+00 2.540000e+00 -2.380631e+01
vertex 1.110557e+01 2.540000e+00 -2.250138e+01
vertex 1.058481e+01 2.540000e+00 -2.417297e+01
endloop
endfacet
facet normal 0 0 0
outer loop
vertex 3.179436e+01 -1.159517e+00 3.259799e+00
vertex 3.271201e+01 -1.042944e+00 2.948600e+00
vertex 3.257598e+01 -5.251212e-03 3.200313e+00
endloop
endfacet
facet normal 0 0 0
outer loop
vertex 3.271201e+01 -1.042944e+00 2.948600e+00
vertex 3.357866e+01 -1.031250e+00 2.577809e+00
vertex 3.257598e+01 -5.251212e-03 3.200313e+00
endloop
endfacet
facet normal 0 0 0
outer loop
vertex 3.284721e+01 -2.541799e+00 -1.820998e+01
vertex 3.369394e+01 -2.540000e+00 -1.725633e+01
vertex 3.217710e+01 -2.540000e+00 -1.681813e+01
endloop
endfacet
facet normal 0 0 0
outer loop
vertex 3.671231e+01 -1.136712e+00 -3.312853e+01
vertex 3.540131e+01 -1.033333e+00 -3.397684e+01
vertex 3.633154e+01 5.322503e-02 -3.360918e+01
endloop
endfacet
facet normal 0 0 0
outer loop
vertex 3.605677e+01 0.000000e+00 1.473740e+00
vertex 3.631809e+01 1.085137e+00 1.075209e+00
vertex 3.537901e+01 1.078255e+00 1.635393e+00
endloop
endfacet
facet normal 0 0 0
outer loop
vertex 3.710585e+01 9.079675e-01 5.670741e-01
vertex 3.631809e+01 1.085137e+00 1.075209e+00
vertex 3.605677e+01 0.000000e+00 1.473740e+00
endloop
endfacet
facet normal 0 0 0
outer loop
vertex 2.753773e+01 2.540000e+00 -3.298666e+01
vertex 2.668019e+01 2.540000e+00 -3.189778e+01
vertex 2.877728e+01 2.540000e+00 -3.142092e+01
endloop
endfacet
facet normal 0 0 0
outer loop
vertex 8.467160e+00 2.540000e+00 -2.542669e+01
vertex 8.198380e+00 2.540000e+00 -2.449153e+01
vertex 9.464489e+00 2.540000e+00 -2.527681e+01
endloop
endfacet
facet normal 0 0 0
outer loop
vertex 7.986281e+00 2.540000e+00 -2.340294e+01
vertex 8.198380e+00 2.540000e+00 -2.449153e+01
vertex 7.085097e+00 2.540000e+00 -2.429599e+01
endloop
endfacet
facet normal 0 0 0
outer loop
vertex 7.308739e+00 2.540000e+00 -1.966123e+01
vertex 6.632401e+00 2.540000e+00 -2.066506e+01
vertex 6.346598e+00 2.540000e+00 -1.982658e+01
endloop
endfacet
facet normal 0 0 0
outer loop
vertex 1.260907e+01 2.540000e+00 -8.868797e+00
vertex 1.448165e+01 2.540000e+00 -8.259651e+00
vertex 1.377743e+01 2.540000e+00 -1.016952e+01
endloop
endfacet
facet normal 0 0 0
outer loop
vertex 3.804837e+01 -2.015267e+00 -3.888044e-01
vertex 3.878637e+01 -1.032878e+00 -8.088559e-01
vertex 3.799586e+01 -9.593360e-01 -1.162301e-01
endloop
endfacet
facet normal 0 0 0
outer loop
vertex 1.280479e+01 -1.039894e+00 3.191019e-01
vertex 1.330130e+01 0.000000e+00 9.237232e-01
vertex 1.198158e+01 -8.796361e-03 -8.660843e-02
endloop
endfacet
facet normal 0 0 0
outer loop
vertex 1.711909e+01 2.540000e+00 -1.802216e+01
vertex 1.768495e+01 2.540000e+00 -1.694982e+01
vertex 1.888490e+01 2.540000e+00 -1.777152e+01
endloop
endfacet
facet normal 0 0 0
outer loop
vertex 1.680740e+01 1.262737e-02 2.870563e+00
vertex 1.704753e+01 -1.048245e+00 2.773817e+00
vertex 1.804879e+01 -1.098920e+00 3.142425e+00
endloop
endfacet
facet normal 0 0 0
outer loop
vertex 1.048937e+01 2.540000e+00 -1.389008e+01
vertex 1.191251e+01 2.540000e+00 -1.315752e+01
vertex 1.197375e+01 2.540000e+00 -1.449778e+01
endloop
endfacet
facet normal 0 0 0
outer loop
vertex 3.357866e+01 -1.031250e+00 2.577809e+00
vertex 3.419669e+01 5.838054e-02 2.484695e+00
vertex 3.257598e+01 -5.251212e-03 3.200313e+00
endloop
endfacet
facet normal 0 0 0
outer loop
vertex 1.835785e+01 2.540000e+00 -3.477427e+01
vertex 1.926643e+01 2.540000e+00 -3.507598e+01
vertex 1.836943e+01 2.391438e+00 -3.518343e+01
endloop
endfacet
facet normal 0 0 0
outer loop
vertex 3.281327e+01 2.531442e+00 -3.446878e+01
vertex 3.158802e+01 2.540000e+00 -3.407404e+01
vertex 3.275545e+01 2.540000e+00 -3.347209e+01
endloop
endfacet
facet normal 0 0 0
outer loop
vertex 1.467540e+01 -2.540000e+00 -3.036214e+01
vertex 1.469529e+01 -2.540000e+00 -3.185670e+01
vertex 1.636803e+01 -2.540000e+00 -3.093007e+01
endloop
endfacet
facet normal 0 0 0
outer loop
vertex 4.463237e+01 2.015267e+00 -2.209334e+01
vertex 4.488795e+01 1.022419e+00 -2.180765e+01
vertex 4.459087e+01 1.148817e+00 -2.269384e+01
endloop
endfacet
facet normal 0 0 0
outer loop
vertex 6.139386e+00 -2.381217e+00 -2.310733e+01
vertex 5.855939e+00 -1.900783e+00 -2.296664e+01
vertex 6.279154e+00 -2.156511e+00 -2.396325e+01
endloop
endfacet
facet normal 0 0 0
outer loop
vertex 4.068495e+01 6.970040e-02 -2.986992e+01
vertex 4.143995e+01 9.457102e-01 -2.869724e+01
vertex 4.190036e+01 0.000000e+00 -2.837495e+01
endloop
endfacet
facet normal 0 0 0
outer loop
vertex 4.068495e+01 6.970040e-02 -2.986992e+01
vertex 4.073021e+01 1.227791e+00 -2.950071e+01
vertex 4.143995e+01 9.457102e-01 -2.869724e+01
endloop
endfacet
facet normal 0 0 0
outer loop
vertex 2.780087e+01 -1.048232e+00 4.219222e+00
vertex 2.887394e+01 -1.135904e+00 4.048180e+00
vertex 2.848844e+01 -1.057582e-02 4.314719e+00
endloop
endfacet
facet normal 0 0 0
outer loop
vertex 2.823292e+01 -2.540000e+00 -3.229220e+00
vertex 2.710324e+01 -2.540000e+00 -1.759723e+00
vertex 2.689578e+01 -2.540000e+00 -3.075076e+00
endloop
endfacet
facet normal 0 0 0
outer loop
vertex 9.800260e+00 -1.170514e+00 -2.459847e+00
vertex 1.020824e+01 3.647228e-02 -1.703578e+00
vertex 9.574096e+00 0.000000e+00 -2.409946e+00
endloop
endfacet
facet normal 0 0 0
outer loop
vertex 4.358757e+01 -2.540000e+00 -1.231928e+01
vertex 4.301970e+01 -2.540000e+00 -1.380361e+01
vertex 4.458536e+01 -2.540000e+00 -1.273189e+01
endloop
endfacet
facet normal 0 0 0
outer loop
vertex 4.483064e+01 -2.540000e+00 -1.468920e+01
vertex 4.458536e+01 -2.540000e+00 -1.273189e+01
vertex 4.301970e+01 -2.540000e+00 -1.380361e+01
endloop
endfacet
facet normal 0 0 0
outer loop
vertex 3.470126e+01 2.156511e+00 1.797047e+00
vertex 3.419669e+01 5.838054e-02 2.484695e+00
vertex 3.537901e+01 1.078255e+00 1.635393e+00
endloop
endfacet
facet normal 0 0 0
outer loop
vertex 3.108798e+01 -2.007989e+00 -3.568011e+01
vertex 3.004447e+01 -2.121200e+00 -3.591423e+01
vertex 3.070558e+01 -1.266108e+00 -3.592524e+01
endloop
endfacet
facet normal 0 0 0
outer loop
vertex 1.830698e+01 2.533607e+00 2.489232e+00
vertex 1.739434e+01 2.532525e+00 2.107464e+00
vertex 1.775076e+01 2.391438e+00 2.638089e+00
endloop
endfacet
facet normal 0 0 0
outer loop
vertex 1.823743e+01 2.085889e+00 -3.534416e+01
vertex 1.917949e+01 2.085889e+00 -3.568124e+01
vertex 1.855760e+01 1.600450e+00 -3.556224e+01
endloop
endfacet
facet normal 0 0 0
outer loop
vertex 5.366957e+00 -2.540000e+00 -1.468920e+01
vertex 5.000704e+00 -2.391438e+00 -1.418841e+01
vertex 4.784567e+00 -2.015267e+00 -1.416712e+01
endloop
endfacet
facet normal 0 0 0
outer loop
vertex 4.358246e+01 2.405123e+00 -8.104944e+00
vertex 4.353671e+01 2.015267e+00 -7.466646e+00
vertex 4.393798e+01 2.085889e+00 -8.364456e+00
endloop
endfacet
facet normal 0 0 0
outer loop
vertex 1.351681e+01 -1.166298e+00 8.184418e-01
vertex 1.330130e+01 0.000000e+00 9.237232e-01
vertex 1.280479e+01 -1.039894e+00 3.191019e-01
endloop
endfacet
facet normal 0 0 0
outer loop
vertex 8.158564e+00 -2.540000e+00 -1.665302e+01
vertex 7.225935e+00 -2.540000e+00 -1.799232e+01
vertex 8.662971e+00 -2.540000e+00 -1.864552e+01
endloop
endfacet
facet normal 0 0 0
outer loop
vertex 4.349215e+01 -1.201539e-02 -6.596437e+00
vertex 4.396542e+01 9.431498e-02 -7.537919e+00
vertex 4.350752e+01 1.042944e+00 -6.985883e+00
endloop
endfacet
facet normal 0 0 0
outer loop
vertex 5.766451e+00 -1.021678e+00 -2.318358e+01
vertex 5.887987e+00 5.371786e-02 -2.402861e+01
vertex 6.097195e+00 -1.127797e+00 -2.403700e+01
endloop
endfacet
facet normal 0 0 0
outer loop
vertex 5.887987e+00 5.371786e-02 -2.402861e+01
vertex 6.494459e+00 -1.078255e+00 -2.489123e+01
vertex 6.097195e+00 -1.127797e+00 -2.403700e+01
endloop
endfacet
facet normal 0 0 0
outer loop
vertex 3.075746e+01 1.167911e+00 -3.593111e+01
vertex 3.058331e+01 -2.592584e-02 -3.619248e+01
vertex 2.983138e+01 1.042944e+00 -3.618377e+01
endloop
endfacet
facet normal 0 0 0
outer loop
vertex 3.075746e+01 1.167911e+00 -3.593111e+01
vertex 3.177154e+01 1.041861e+00 -3.562709e+01
vertex 3.058331e+01 -2.592584e-02 -3.619248e+01
endloop
endfacet
facet normal 0 0 0
outer loop
vertex 1.891853e+01 1.016071e+00 -3.579080e+01
vertex 1.865757e+01 -5.374718e-02 -3.590037e+01
vertex 1.797647e+01 1.016071e+00 -3.545372e+01
endloop
endfacet
facet normal 0 0 0
outer loop
vertex 2.499147e+01 2.391438e+00 4.024766e+00
vertex 2.642045e+01 2.410295e+00 3.941342e+00
vertex 2.608876e+01 2.531442e+00 3.667805e+00
endloop
endfacet
facet normal 0 0 0
outer loop
vertex 4.461493e+01 -1.959762e+00 -1.016269e+01
vertex 4.464149e+01 -9.929546e-01 -9.696284e+00
vertex 4.429494e+01 -2.015267e+00 -9.299411e+00
endloop
endfacet
facet normal 0 0 0
outer loop
vertex 1.685124e+01 -2.540000e+00 -1.532641e+01
vertex 1.525559e+01 -2.540000e+00 -1.614627e+01
vertex 1.682050e+01 -2.540000e+00 -1.701818e+01
endloop
endfacet
facet normal 0 0 0
outer loop
vertex 4.544643e+00 -9.190102e-01 -1.723608e+01
vertex 4.784567e+00 -2.015267e+00 -1.816868e+01
vertex 4.735421e+00 -2.015267e+00 -1.716829e+01
endloop
endfacet
facet normal 0 0 0
outer loop
vertex 4.307500e+01 1.058967e+00 -2.617858e+01
vertex 4.300008e+01 0.000000e+00 -2.669638e+01
vertex 4.252799e+01 1.076312e+00 -2.709006e+01
endloop
endfacet
facet normal 0 0 0
outer loop
vertex 4.615973e+00 -9.671382e-01 -1.818809e+01
vertex 4.784567e+00 -2.015267e+00 -1.816868e+01
vertex 4.544643e+00 -9.190102e-01 -1.723608e+01
endloop
endfacet
facet normal 0 0 0
outer loop
vertex 4.307500e+01 1.058967e+00 -2.617858e+01
vertex 4.348312e+01 9.939981e-01 -2.542398e+01
vertex 4.300008e+01 0.000000e+00 -2.669638e+01
endloop
endfacet
facet normal 0 0 0
outer loop
vertex 1.193761e+01 1.256969e+00 -3.194149e+01
vertex 1.276829e+01 1.057825e+00 -3.262376e+01
vertex 1.170680e+01 0.000000e+00 -3.204111e+01
endloop
endfacet
facet normal 0 0 0
outer loop
vertex 1.190536e+01 -1.076830e+00 -3.792834e-01
vertex 1.198158e+01 -8.796361e-03 -8.660843e-02
vertex 1.110817e+01 -1.065703e+00 -1.100205e+00
endloop
endfacet
facet normal 0 0 0
outer loop
vertex 2.133593e+01 2.540000e+00 -1.497509e+00
vertex 1.971073e+01 2.540000e+00 -5.885060e-01
vertex 2.114248e+01 2.540000e+00 -1.096467e-01
endloop
endfacet
facet normal 0 0 0
outer loop
vertex 2.114248e+01 2.540000e+00 -1.096467e-01
vertex 2.210029e+01 2.540000e+00 -3.946685e-01
vertex 2.133593e+01 2.540000e+00 -1.497509e+00
endloop
endfacet
facet normal 0 0 0
outer loop
vertex 1.464719e+01 -2.540000e+00 -1.908810e+01
vertex 1.421356e+01 -2.540000e+00 -2.000355e+01
vertex 1.576555e+01 -2.540000e+00 -2.005140e+01
endloop
endfacet
facet normal 0 0 0
outer loop
vertex 2.966011e+01 2.540000e+00 -3.291172e+01
vertex 3.098377e+01 2.540000e+00 -3.319746e+01
vertex 2.990256e+01 2.540000e+00 -3.412648e+01
endloop
endfacet
facet normal 0 0 0
outer loop
vertex 3.426130e+01 2.540000e+00 -8.567165e+00
vertex 3.441218e+01 2.540000e+00 -1.002490e+01
vertex 3.302015e+01 2.535519e+00 -9.843529e+00
endloop
endfacet
facet normal 0 0 0
outer loop
vertex 8.613872e+00 2.540000e+00 -5.523174e+00
vertex 8.973392e+00 2.531442e+00 -4.574522e+00
vertex 9.240897e+00 2.540000e+00 -5.862182e+00
endloop
endfacet
facet normal 0 0 0
outer loop
vertex 1.918523e+01 2.540000e+00 1.649872e+00
vertex 1.825100e+01 2.540000e+00 1.427234e+00
vertex 1.830698e+01 2.533607e+00 2.489232e+00
endloop
endfacet
facet normal 0 0 0
outer loop
vertex 1.825100e+01 2.540000e+00 1.427234e+00
vertex 1.739434e+01 2.532525e+00 2.107464e+00
vertex 1.830698e+01 2.533607e+00 2.489232e+00
endloop
endfacet
facet normal 0 0 0
outer loop
vertex 3.102941e+01 2.540000e+00 -1.441960e+01
vertex 3.163955e+01 2.540000e+00 -1.324073e+01
vertex 3.258442e+01 2.540000e+00 -1.478450e+01
endloop
endfacet
facet normal 0 0 0
outer loop
vertex 4.135644e+01 2.540000e+00 -2.599431e+01
vertex 4.033857e+01 2.540000e+00 -2.516757e+01
vertex 4.175988e+01 2.540000e+00 -2.496847e+01
endloop
endfacet
facet normal 0 0 0
outer loop
vertex 1.427868e+01 2.411766e+00 8.314683e-01
vertex 1.310701e+01 2.531442e+00 -3.365355e-01
vertex 1.287676e+01 2.366780e+00 -7.450528e-02
endloop
endfacet
facet normal 0 0 0
outer loop
vertex 1.310701e+01 2.531442e+00 -3.365355e-01
vertex 1.427868e+01 2.411766e+00 8.314683e-01
vertex 1.474289e+01 2.531442e+00 7.787924e-01
endloop
endfacet
facet normal 0 0 0
outer loop
vertex 3.263330e+01 1.233451e+00 2.944958e+00
vertex 3.174513e+01 1.071388e+00 3.294884e+00
vertex 3.257598e+01 -5.251212e-03 3.200313e+00
endloop
endfacet
facet normal 0 0 0
outer loop
vertex 4.006767e+01 -1.008250e+00 -2.044268e+00
vertex 4.074030e+01 -1.008250e+00 -2.786401e+00
vertex 4.065277e+01 -4.929775e-02 -2.420436e+00
endloop
endfacet
facet normal 0 0 0
outer loop
vertex 2.564610e+01 2.540000e+00 -3.331340e+01
vertex 2.721581e+01 2.540000e+00 -3.442303e+01
vertex 2.537553e+01 2.540000e+00 -3.461067e+01
endloop
endfacet
facet normal 0 0 0
outer loop
vertex 2.721581e+01 2.540000e+00 -3.442303e+01
vertex 2.661282e+01 2.537860e+00 -3.516589e+01
vertex 2.537553e+01 2.540000e+00 -3.461067e+01
endloop
endfacet
facet normal 0 0 0
outer loop
vertex 3.839100e+01 2.540000e+00 -2.735932e+01
vertex 3.777452e+01 2.540000e+00 -2.622211e+01
vertex 3.941341e+01 2.540000e+00 -2.667683e+01
endloop
endfacet
facet normal 0 0 0
outer loop
vertex 3.839100e+01 2.540000e+00 -2.735932e+01
vertex 3.941341e+01 2.540000e+00 -2.667683e+01
vertex 3.920293e+01 2.540000e+00 -2.773464e+01
endloop
endfacet
facet normal 0 0 0
outer loop
vertex 7.399487e+00 1.050701e+00 -2.663393e+01
vertex 7.247128e+00 -8.389153e-02 -2.670430e+01
vertex 6.685349e+00 -2.652789e-02 -2.575575e+01
endloop
endfacet
facet normal 0 0 0
outer loop
vertex 6.685349e+00 -2.652789e-02 -2.575575e+01
vertex 7.247128e+00 -8.389153e-02 -2.670430e+01
vertex 7.482643e+00 -1.077633e+00 -2.676323e+01
endloop
endfacet
facet normal 0 0 0
outer loop
vertex 3.875174e+01 -2.540000e+00 -9.486845e+00
vertex 3.826954e+01 -2.540000e+00 -7.881556e+00
vertex 3.715034e+01 -2.540000e+00 -9.400777e+00
endloop
endfacet
facet normal 0 0 0
outer loop
vertex 1.427868e+01 2.411766e+00 8.314683e-01
vertex 1.287676e+01 2.366780e+00 -7.450528e-02
vertex 1.378170e+01 2.156511e+00 7.693348e-01
endloop
endfacet
facet normal 0 0 0
outer loop
vertex 7.758673e+00 -8.407941e-02 -4.768004e+00
vertex 7.965505e+00 1.021020e+00 -4.757658e+00
vertex 7.496617e+00 1.056420e+00 -5.541822e+00
endloop
endfacet
facet normal 0 0 0
outer loop
vertex 3.688252e+01 0.000000e+00 9.037628e-01
vertex 3.705454e+01 -9.666810e-01 5.906926e-01
vertex 3.769804e+01 4.132231e-03 3.400178e-01
endloop
endfacet
facet normal 0 0 0
outer loop
vertex 1.655401e+01 -2.540000e+00 -5.925846e+00
vertex 1.496865e+01 -2.540000e+00 -6.264733e+00
vertex 1.567538e+01 -2.540000e+00 -7.277791e+00
endloop
endfacet
facet normal 0 0 0
outer loop
vertex 2.601904e+01 -2.540000e+00 -2.342563e+00
vertex 2.456355e+01 -2.540000e+00 -2.090827e+00
vertex 2.513423e+01 -2.540000e+00 -3.395635e+00
endloop
endfacet
facet normal 0 0 0
outer loop
vertex 2.371931e+01 2.540000e+00 -3.484164e+01
vertex 2.313680e+01 2.531442e+00 -3.593114e+01
vertex 2.249821e+01 2.540000e+00 -3.496276e+01
endloop
endfacet
facet normal 0 0 0
outer loop
vertex 4.190036e+01 0.000000e+00 -2.837495e+01
vertex 4.143995e+01 9.457102e-01 -2.869724e+01
vertex 4.196317e+01 1.119010e+00 -2.793704e+01
endloop
endfacet
facet normal 0 0 0
outer loop
vertex 4.126450e+01 -1.041249e+00 -3.443259e+00
vertex 4.198578e+01 -1.007633e+00 -4.394080e+00
vertex 4.190036e+01 0.000000e+00 -3.960852e+00
endloop
endfacet
facet normal 0 0 0
outer loop
vertex 3.012221e+01 -2.540000e+00 -3.335609e+01
vertex 3.051437e+01 -2.540000e+00 -3.434945e+01
vertex 3.107422e+01 -2.540000e+00 -3.316129e+01
endloop
endfacet
facet normal 0 0 0
outer loop
vertex 3.107422e+01 -2.540000e+00 -3.316129e+01
vertex 3.051437e+01 -2.540000e+00 -3.434945e+01
vertex 3.146364e+01 -2.540000e+00 -3.397205e+01
endloop
endfacet
facet normal 0 0 0
outer loop
vertex 1.889600e+01 2.540000e+00 -3.394552e+01
vertex 1.985537e+01 2.540000e+00 -3.414758e+01
vertex 1.926643e+01 2.540000e+00 -3.507598e+01
endloop
endfacet
facet normal 0 0 0
outer loop
vertex 2.763727e+01 -8.987043e-01 -3.660456e+01
vertex 2.671598e+01 -1.317613e+00 -3.663069e+01
vertex 2.652225e+01 -7.767856e-02 -3.687018e+01
endloop
endfacet
facet normal 0 0 0
outer loop
vertex 2.652225e+01 -7.767856e-02 -3.687018e+01
vertex 2.671598e+01 -1.317613e+00 -3.663069e+01
vertex 2.581006e+01 -1.110201e+00 -3.671376e+01
endloop
endfacet
facet normal 0 0 0
outer loop
vertex 7.461979e+00 -9.821516e-01 -5.573568e+00
vertex 6.814417e+00 7.145235e-02 -6.362993e+00
vertex 6.900218e+00 -1.038256e+00 -6.550140e+00
endloop
endfacet
facet normal 0 0 0
outer loop
vertex 6.900218e+00 -1.038256e+00 -6.550140e+00
vertex 6.814417e+00 7.145235e-02 -6.362993e+00
vertex 6.444118e+00 -9.090876e-01 -7.462237e+00
endloop
endfacet
facet normal 0 0 0
outer loop
vertex 6.814417e+00 7.145235e-02 -6.362993e+00
vertex 7.758673e+00 -8.407941e-02 -4.768004e+00
vertex 7.496617e+00 1.056420e+00 -5.541822e+00
endloop
endfacet
facet normal 0 0 0
outer loop
vertex 7.758673e+00 -8.407941e-02 -4.768004e+00
vertex 6.814417e+00 7.145235e-02 -6.362993e+00
vertex 7.461979e+00 -9.821516e-01 -5.573568e+00
endloop
endfacet
facet normal 0 0 0
outer loop
vertex 3.255206e+01 -2.540000e+00 -2.403071e+01
vertex 3.325164e+01 -2.534220e+00 -2.555626e+01
vertex 3.433353e+01 -2.540000e+00 -2.405349e+01
endloop
endfacet
facet normal 0 0 0
outer loop
vertex 9.052814e+00 -2.540000e+00 -4.631622e+00
vertex 8.306988e+00 -2.391438e+00 -4.947968e+00
vertex 8.430971e+00 -2.540000e+00 -5.527026e+00
endloop
endfacet
facet normal 0 0 0
outer loop
vertex 6.091276e+00 -1.084987e+00 -8.293927e+00
vertex 5.864124e+00 0.000000e+00 -8.336443e+00
vertex 5.753191e+00 -1.072206e+00 -9.216119e+00
endloop
endfacet
facet normal 0 0 0
outer loop
vertex 3.261310e+01 -2.540000e+00 -3.170436e+01
vertex 3.244233e+01 -2.540000e+00 -3.354910e+01
vertex 3.387962e+01 -2.540000e+00 -3.281752e+01
endloop
endfacet
facet normal 0 0 0
outer loop
vertex 1.041902e+01 -1.278757e+00 -1.806398e+00
vertex 1.020824e+01 3.647228e-02 -1.703578e+00
vertex 9.800260e+00 -1.170514e+00 -2.459847e+00
endloop
endfacet
facet normal 0 0 0
outer loop
vertex 5.111013e+00 9.912209e-01 -2.102962e+01
vertex 5.371736e+00 1.255528e+00 -2.187837e+01
vertex 5.229037e+00 -9.691564e-02 -2.214357e+01
endloop
endfacet
facet normal 0 0 0
outer loop
vertex 3.041776e+01 2.540000e+00 -6.078185e+00
vertex 3.128631e+01 2.540000e+00 -4.843923e+00
vertex 3.213977e+01 2.540000e+00 -6.809781e+00
endloop
endfacet
facet normal 0 0 0
outer loop
vertex 3.128077e+01 2.540000e+00 -3.428928e+00
vertex 3.261869e+01 2.540000e+00 -3.437894e+00
vertex 3.128631e+01 2.540000e+00 -4.843923e+00
endloop
endfacet
facet normal 0 0 0
outer loop
vertex 8.032444e+00 1.278838e+00 -2.759479e+01
vertex 7.941512e+00 1.130036e-02 -2.784076e+01
vertex 7.399487e+00 1.050701e+00 -2.663393e+01
endloop
endfacet
facet normal 0 0 0
outer loop
vertex 3.578387e+01 2.540000e+00 -9.135401e+00
vertex 3.700999e+01 2.540000e+00 -9.247950e+00
vertex 3.663261e+01 2.540000e+00 -1.074669e+01
endloop
endfacet
facet normal 0 0 0
outer loop
vertex 2.467496e+01 -2.540000e+00 -1.269568e+01
vertex 2.530939e+01 -2.540000e+00 -1.407422e+01
vertex 2.593008e+01 -2.540000e+00 -1.207128e+01
endloop
endfacet
facet normal 0 0 0
outer loop
vertex 2.457694e+01 -2.540000e+00 -7.024837e+00
vertex 2.606294e+01 -2.540000e+00 -8.201804e+00
vertex 2.568918e+01 -2.540000e+00 -6.086683e+00
endloop
endfacet
facet normal 0 0 0
outer loop
vertex 4.392941e+01 -9.466412e-02 -2.488466e+01
vertex 4.390538e+01 -1.181028e+00 -2.445704e+01
vertex 4.348020e+01 -1.267447e+00 -2.531796e+01
endloop
endfacet
facet normal 0 0 0
outer loop
vertex 4.390538e+01 -1.181028e+00 -2.445704e+01
vertex 4.392941e+01 -9.466412e-02 -2.488466e+01
vertex 4.432365e+01 -1.049877e+00 -2.349598e+01
endloop
endfacet
facet normal 0 0 0
outer loop
vertex 3.950082e+01 1.152410e+00 -1.497614e+00
vertex 3.940884e+01 -1.343461e-02 -1.134278e+00
vertex 4.024601e+01 9.794841e-01 -2.231390e+00
endloop
endfacet
facet normal 0 0 0
outer loop
vertex 3.950082e+01 1.152410e+00 -1.497614e+00
vertex 3.872190e+01 1.036227e+00 -7.697130e-01
vertex 3.940884e+01 -1.343461e-02 -1.134278e+00
endloop
endfacet
facet normal 0 0 0
outer loop
vertex 2.479196e+01 5.309806e-02 4.580310e+00
vertex 2.397214e+01 -1.157961e+00 4.348350e+00
vertex 2.497471e+01 -1.119223e+00 4.397532e+00
endloop
endfacet
facet normal 0 0 0
outer loop
vertex 8.453548e+00 -9.890308e-01 -4.076557e+00
vertex 8.756979e+00 -2.156511e+00 -4.047979e+00
vertex 9.104939e+00 -1.214694e+00 -3.264814e+00
endloop
endfacet
facet normal 0 0 0
outer loop
vertex 1.333521e+01 -7.955571e-02 -3.326467e+01
vertex 1.358604e+01 1.052041e+00 -3.320475e+01
vertex 1.449032e+01 9.516562e-01 -3.380615e+01
endloop
endfacet
facet normal 0 0 0
outer loop
vertex 1.276829e+01 1.057825e+00 -3.262376e+01
vertex 1.358604e+01 1.052041e+00 -3.320475e+01
vertex 1.333521e+01 -7.955571e-02 -3.326467e+01
endloop
endfacet
facet normal 0 0 0
outer loop
vertex 2.320584e+01 -2.540000e+00 2.674240e+00
vertex 2.408184e+01 -2.540000e+00 2.818014e+00
vertex 2.314403e+01 -2.538989e+00 3.656052e+00
endloop
endfacet
facet normal 0 0 0
outer loop
vertex 2.409803e+01 -2.509133e+00 3.754327e+00
vertex 2.408184e+01 -2.540000e+00 2.818014e+00
vertex 2.460626e+01 -2.540000e+00 3.545527e+00
endloop
endfacet
facet normal 0 0 0
outer loop
vertex 1.917949e+01 2.085889e+00 -3.568124e+01
vertex 1.982708e+01 9.771079e-01 -3.606071e+01
vertex 1.891853e+01 1.016071e+00 -3.579080e+01
endloop
endfacet
facet normal 0 0 0
outer loop
vertex 6.341999e+00 2.540000e+00 -9.865950e+00
vertex 7.597640e+00 2.540000e+00 -9.904349e+00
vertex 6.999605e+00 2.540000e+00 -1.104842e+01
endloop
endfacet
facet normal 0 0 0
outer loop
vertex 4.741947e+00 -1.056324e+00 -1.904085e+01
vertex 4.941900e+00 -2.050578e+00 -1.915737e+01
vertex 4.784567e+00 -2.015267e+00 -1.816868e+01
endloop
endfacet
facet normal 0 0 0
outer loop
vertex 4.113196e+01 2.532816e+00 -2.047273e+01
vertex 3.958252e+01 2.540000e+00 -2.079082e+01
vertex 3.992599e+01 2.540000e+00 -1.929651e+01
endloop
endfacet
facet normal 0 0 0
outer loop
vertex 3.387962e+01 -2.540000e+00 -3.281752e+01
vertex 3.380903e+01 -2.540000e+00 -3.179758e+01
vertex 3.261310e+01 -2.540000e+00 -3.170436e+01
endloop
endfacet
facet normal 0 0 0
outer loop
vertex 3.217768e+01 2.540000e+00 7.532951e-01
vertex 3.064935e+01 2.540000e+00 1.744818e+00
vertex 3.189146e+01 2.531442e+00 2.494765e+00
endloop
endfacet
facet normal 0 0 0
outer loop
vertex 1.999220e+01 -2.540000e+00 -5.938884e+00
vertex 1.853466e+01 -2.540000e+00 -5.229502e+00
vertex 1.915950e+01 -2.540000e+00 -7.019181e+00
endloop
endfacet
facet normal 0 0 0
outer loop
vertex 2.811260e+01 -2.540000e+00 1.636482e+00
vertex 2.931571e+01 -2.540000e+00 2.217838e+00
vertex 2.855407e+01 -2.540000e+00 2.668276e+00
endloop
endfacet
facet normal 0 0 0
outer loop
vertex 9.754761e+00 1.224683e+00 -2.981112e+01
vertex 1.013134e+01 2.140998e+00 -2.995699e+01
vertex 1.040001e+01 1.205445e+00 -3.052824e+01
endloop
endfacet
facet normal 0 0 0
outer loop
vertex 3.789614e+01 -2.540000e+00 -2.494537e+01
vertex 3.766729e+01 -2.540000e+00 -2.350972e+01
vertex 3.598325e+01 -2.540000e+00 -2.431077e+01
endloop
endfacet
facet normal 0 0 0
outer loop
vertex 2.754154e+01 -2.540000e+00 2.705948e+00
vertex 2.658888e+01 -2.540000e+00 2.325126e+00
vertex 2.674431e+01 -2.540000e+00 1.444788e+00
endloop
endfacet
facet normal 0 0 0
outer loop
vertex 1.804879e+01 -1.098920e+00 3.142425e+00
vertex 1.779996e+01 3.980839e-02 3.242125e+00
vertex 1.680740e+01 1.262737e-02 2.870563e+00
endloop
endfacet
facet normal 0 0 0
outer loop
vertex 1.779996e+01 3.980839e-02 3.242125e+00
vertex 1.794103e+01 1.005544e+00 3.121163e+00
vertex 1.680740e+01 1.262737e-02 2.870563e+00
endloop
endfacet
facet normal 0 0 0
outer loop
vertex 3.095146e+01 -2.540000e+00 -2.413200e+01
vertex 3.050525e+01 -2.540000e+00 -2.540175e+01
vertex 3.176860e+01 -2.540000e+00 -2.536975e+01
endloop
endfacet
facet normal 0 0 0
outer loop
vertex 5.199514e+00 1.430643e-03 -1.022608e+01
vertex 5.135141e+00 1.037472e+00 -1.124206e+01
vertex 4.758633e+00 0.000000e+00 -1.201230e+01
endloop
endfacet
facet normal 0 0 0
outer loop
vertex 3.050525e+01 -2.540000e+00 -2.540175e+01
vertex 3.057257e+01 -2.540000e+00 -2.697051e+01
vertex 3.176860e+01 -2.540000e+00 -2.536975e+01
endloop
endfacet
facet normal 0 0 0
outer loop
vertex 3.176860e+01 -2.540000e+00 -2.536975e+01
vertex 3.057257e+01 -2.540000e+00 -2.697051e+01
vertex 3.209687e+01 -2.540000e+00 -2.684030e+01
endloop
endfacet
facet normal 0 0 0
outer loop
vertex 2.897970e+01 2.540000e+00 3.096409e+00
vertex 2.805884e+01 2.531442e+00 3.470669e+00
vertex 2.899086e+01 2.395465e+00 3.639619e+00
endloop
endfacet
facet normal 0 0 0
outer loop
vertex 4.353940e+01 -2.540000e+00 -1.565775e+01
vertex 4.236781e+01 -2.540000e+00 -1.674656e+01
vertex 4.380628e+01 -2.540000e+00 -1.762297e+01
endloop
endfacet
facet normal 0 0 0
outer loop
vertex 4.487982e+01 -2.540000e+00 -1.666121e+01
vertex 4.353940e+01 -2.540000e+00 -1.565775e+01
vertex 4.380628e+01 -2.540000e+00 -1.762297e+01
endloop
endfacet
facet normal 0 0 0
outer loop
vertex 4.097077e+01 -2.540000e+00 -7.474727e+00
vertex 4.049375e+01 -2.540000e+00 -5.626239e+00
vertex 3.971211e+01 -2.540000e+00 -7.108892e+00
endloop
endfacet
facet normal 0 0 0
outer loop
vertex 4.097077e+01 -2.540000e+00 -7.474727e+00
vertex 4.150222e+01 -2.540000e+00 -6.418261e+00
vertex 4.049375e+01 -2.540000e+00 -5.626239e+00
endloop
endfacet
facet normal 0 0 0
outer loop
vertex 2.479196e+01 5.309806e-02 4.580310e+00
vertex 2.585008e+01 -1.074803e+00 4.378570e+00
vertex 2.660136e+01 -6.371675e-02 4.533658e+00
endloop
endfacet
facet normal 0 0 0
outer loop
vertex 2.479196e+01 5.309806e-02 4.580310e+00
vertex 2.497471e+01 -1.119223e+00 4.397532e+00
vertex 2.585008e+01 -1.074803e+00 4.378570e+00
endloop
endfacet
facet normal 0 0 0
outer loop
vertex 3.733564e+01 2.540000e+00 -2.176061e+01
vertex 3.618054e+01 2.540000e+00 -2.045613e+01
vertex 3.778565e+01 2.540000e+00 -2.015432e+01
endloop
endfacet
facet normal 0 0 0
outer loop
vertex 3.467174e+01 2.540000e+00 -1.881156e+01
vertex 3.618054e+01 2.540000e+00 -2.045613e+01
vertex 3.484819e+01 2.540000e+00 -2.075314e+01
endloop
endfacet
facet normal 0 0 0
outer loop
vertex 3.365532e+01 2.538644e+00 -1.984941e+01
vertex 3.467174e+01 2.540000e+00 -1.881156e+01
vertex 3.484819e+01 2.540000e+00 -2.075314e+01
endloop
endfacet
facet normal 0 0 0
outer loop
vertex 2.858788e+01 4.911426e-02 -3.663118e+01
vertex 2.980120e+01 -9.559433e-01 -3.620976e+01
vertex 2.883242e+01 -1.018387e+00 -3.639932e+01
endloop
endfacet
facet normal 0 0 0
outer loop
vertex 3.426130e+01 2.540000e+00 -8.567165e+00
vertex 3.239032e+01 2.540000e+00 -8.258949e+00
vertex 3.399448e+01 2.540000e+00 -7.343060e+00
endloop
endfacet
facet normal 0 0 0
outer loop
vertex 1.738344e+01 2.540000e+00 -2.660557e+01
vertex 1.873905e+01 2.540000e+00 -2.724105e+01
vertex 1.725743e+01 2.540000e+00 -2.815055e+01
endloop
endfacet
facet normal 0 0 0
outer loop
vertex 4.113196e+01 2.532816e+00 -2.047273e+01
vertex 4.176406e+01 2.540000e+00 -2.138200e+01
vertex 4.079478e+01 2.540000e+00 -2.245236e+01
endloop
endfacet
facet normal 0 0 0
outer loop
vertex 1.432684e+01 -1.055323e+00 1.349670e+00
vertex 1.463404e+01 -2.121200e+00 1.292514e+00
vertex 1.499702e+01 -1.606460e+00 1.634272e+00
endloop
endfacet
facet normal 0 0 0
outer loop
vertex 4.114227e+01 2.391438e+00 -3.918536e+00
vertex 4.122421e+01 2.531442e+00 -4.574522e+00
vertex 4.047545e+01 2.391438e+00 -3.080519e+00
endloop
endfacet
facet normal 0 0 0
outer loop
vertex 4.358663e+01 -1.089596e+00 -7.164537e+00
vertex 4.396542e+01 9.431498e-02 -7.537919e+00
vertex 4.349215e+01 -1.201539e-02 -6.596437e+00
endloop
endfacet
facet normal 0 0 0
outer loop
vertex 5.887987e+00 5.371786e-02 -2.402861e+01
vertex 5.718644e+00 1.115292e+00 -2.300024e+01
vertex 6.055661e+00 1.125952e+00 -2.393648e+01
endloop
endfacet
facet normal 0 0 0
outer loop
vertex 6.055661e+00 1.125952e+00 -2.393648e+01
vertex 6.520824e+00 1.060485e+00 -2.497416e+01
vertex 5.887987e+00 5.371786e-02 -2.402861e+01
endloop
endfacet
facet normal 0 0 0
outer loop
vertex 4.272003e+01 -2.540000e+00 -1.028134e+01
vertex 4.140054e+01 -2.540000e+00 -8.859741e+00
vertex 4.132500e+01 -2.540000e+00 -1.039051e+01
endloop
endfacet
facet normal 0 0 0
outer loop
vertex 3.930440e+01 1.164512e+00 -3.102408e+01
vertex 3.918893e+01 -2.793678e-02 -3.141434e+01
vertex 3.860162e+01 9.147564e-01 -3.171813e+01
endloop
endfacet
facet normal 0 0 0
outer loop
vertex 1.585324e+01 -2.373761e+00 -3.413271e+01
vertex 1.769304e+01 -2.391438e+00 -3.495144e+01
vertex 1.644993e+01 -2.522883e+00 -3.412746e+01
endloop
endfacet
facet normal 0 0 0
outer loop
vertex 1.769304e+01 -2.391438e+00 -3.495144e+01
vertex 1.585324e+01 -2.373761e+00 -3.413271e+01
vertex 1.730345e+01 -2.156511e+00 -3.498755e+01
endloop
endfacet
facet normal 0 0 0
outer loop
vertex 2.806606e+01 2.522883e+00 -3.585437e+01
vertex 2.721581e+01 2.540000e+00 -3.442303e+01
vertex 2.837379e+01 2.540000e+00 -3.500205e+01
endloop
endfacet
facet normal 0 0 0
outer loop
vertex 3.401687e+01 2.540000e+00 3.784854e-02
vertex 3.403080e+01 2.540000e+00 -2.065222e+00
vertex 3.283566e+01 2.540000e+00 -9.709411e-01
endloop
endfacet
facet normal 0 0 0
outer loop
vertex 7.962312e+00 2.540000e+00 -1.261968e+01
vertex 6.712577e+00 2.537860e+00 -1.212797e+01
vertex 6.999605e+00 2.540000e+00 -1.104842e+01
endloop
endfacet
facet normal 0 0 0
outer loop
vertex 4.758633e+00 0.000000e+00 -1.201230e+01
vertex 4.899420e+00 -1.102365e+00 -1.228792e+01
vertex 5.121102e+00 -9.225193e-01 -1.121510e+01
endloop
endfacet
facet normal 0 0 0
outer loop
vertex 5.199514e+00 1.430643e-03 -1.022608e+01
vertex 4.758633e+00 0.000000e+00 -1.201230e+01
vertex 5.121102e+00 -9.225193e-01 -1.121510e+01
endloop
endfacet
facet normal 0 0 0
outer loop
vertex 8.194669e+00 -2.540000e+00 -8.019595e+00
vertex 7.621570e+00 -2.540000e+00 -8.786391e+00
vertex 8.822879e+00 -2.540000e+00 -9.366172e+00
endloop
endfacet
facet normal 0 0 0
outer loop
vertex 7.899196e+00 2.531442e+00 -6.237704e+00
vertex 9.240897e+00 2.540000e+00 -5.862182e+00
vertex 9.451264e+00 2.540000e+00 -7.032623e+00
endloop
endfacet
facet normal 0 0 0
outer loop
vertex 1.109857e+01 -2.540000e+00 -1.622927e+01
vertex 9.573296e+00 -2.540475e+00 -1.534929e+01
vertex 9.804966e+00 -2.540000e+00 -1.655046e+01
endloop
endfacet
facet normal 0 0 0
outer loop
vertex 1.052125e+01 -2.540000e+00 -1.429654e+01
vertex 9.573296e+00 -2.540475e+00 -1.534929e+01
vertex 1.109857e+01 -2.540000e+00 -1.622927e+01
endloop
endfacet
facet normal 0 0 0
outer loop
vertex 3.221120e+01 2.376665e+00 -3.504860e+01
vertex 3.180469e+01 2.538550e+00 -3.477124e+01
vertex 3.281327e+01 2.531442e+00 -3.446878e+01
endloop
endfacet
facet normal 0 0 0
outer loop
vertex 3.015705e+01 -2.540000e+00 -1.124308e+01
vertex 2.844932e+01 -2.540000e+00 -1.115667e+01
vertex 2.876319e+01 -2.540000e+00 -1.254343e+01
endloop
endfacet
facet normal 0 0 0
outer loop
vertex 9.338281e+00 -2.540000e+00 -7.149459e+00
vertex 1.129186e+01 -2.540000e+00 -7.811215e+00
vertex 1.080743e+01 -2.540000e+00 -6.110272e+00
endloop
endfacet
facet normal 0 0 0
outer loop
vertex 1.018441e+01 -2.540000e+00 -8.439546e+00
vertex 1.129186e+01 -2.540000e+00 -7.811215e+00
vertex 9.338281e+00 -2.540000e+00 -7.149459e+00
endloop
endfacet
facet normal 0 0 0
outer loop
vertex 2.174425e+01 -2.540000e+00 -7.308551e+00
vertex 2.058761e+01 -2.540000e+00 -6.901855e+00
vertex 2.061689e+01 -2.540000e+00 -8.487546e+00
endloop
endfacet
facet normal 0 0 0
outer loop
vertex 1.610172e+01 2.540000e+00 -1.698696e+01
vertex 1.711909e+01 2.540000e+00 -1.802216e+01
vertex 1.600256e+01 2.540000e+00 -1.847401e+01
endloop
endfacet
facet normal 0 0 0
outer loop
vertex 5.718644e+00 1.115292e+00 -2.300024e+01
vertex 5.605698e+00 2.156511e+00 -2.208107e+01
vertex 5.942426e+00 2.156511e+00 -2.302216e+01
endloop
endfacet
facet normal 0 0 0
outer loop
vertex 5.371736e+00 1.255528e+00 -2.187837e+01
vertex 5.605698e+00 2.156511e+00 -2.208107e+01
vertex 5.718644e+00 1.115292e+00 -2.300024e+01
endloop
endfacet
facet normal 0 0 0
outer loop
vertex 1.376795e+01 -2.540000e+00 -1.523309e+01
vertex 1.260415e+01 -2.540000e+00 -1.410619e+01
vertex 1.224497e+01 -2.540000e+00 -1.529256e+01
endloop
endfacet
facet normal 0 0 0
outer loop
vertex 1.490929e+01 2.540000e+00 -2.246538e+01
vertex 1.452865e+01 2.540000e+00 -2.106752e+01
vertex 1.588932e+01 2.540000e+00 -2.131930e+01
endloop
endfacet
facet normal 0 0 0
outer loop
vertex 1.928940e+01 -2.531442e+00 2.823781e+00
vertex 1.939423e+01 -2.391438e+00 3.197372e+00
vertex 1.866240e+01 -2.391438e+00 2.943987e+00
endloop
endfacet
facet normal 0 0 0
outer loop
vertex 1.525120e+01 2.540000e+00 -1.384220e+01
vertex 1.701307e+01 2.540000e+00 -1.186446e+01
vertex 1.724368e+01 2.540000e+00 -1.387987e+01
endloop
endfacet
facet normal 0 0 0
outer loop
vertex 2.705963e+01 2.540000e+00 -2.358034e+01
vertex 2.896008e+01 2.540000e+00 -2.392327e+01
vertex 2.824619e+01 2.540000e+00 -2.531425e+01
endloop
endfacet
facet normal 0 0 0
outer loop
vertex 2.629365e+01 2.540000e+00 -2.540557e+01
vertex 2.705963e+01 2.540000e+00 -2.358034e+01
vertex 2.824619e+01 2.540000e+00 -2.531425e+01
endloop
endfacet
facet normal 0 0 0
outer loop
vertex 2.750903e+01 2.540000e+00 -1.194329e+01
vertex 2.939988e+01 2.540000e+00 -1.179507e+01
vertex 2.834875e+01 2.537782e+00 -1.290494e+01
endloop
endfacet
facet normal 0 0 0
outer loop
vertex 2.834875e+01 2.537782e+00 -1.290494e+01
vertex 2.939988e+01 2.540000e+00 -1.179507e+01
vertex 2.957104e+01 2.538057e+00 -1.372440e+01
endloop
endfacet
facet normal 0 0 0
outer loop
vertex 8.194669e+00 -2.540000e+00 -8.019595e+00
vertex 8.822879e+00 -2.540000e+00 -9.366172e+00
vertex 9.136089e+00 -2.540000e+00 -8.195550e+00
endloop
endfacet
facet normal 0 0 0
outer loop
vertex 3.533772e+01 2.540000e+00 -2.836076e+01
vertex 3.691516e+01 2.540000e+00 -2.935983e+01
vertex 3.560733e+01 2.540000e+00 -3.007548e+01
endloop
endfacet
facet normal 0 0 0
outer loop
vertex 3.533772e+01 2.540000e+00 -2.836076e+01
vertex 3.689136e+01 2.540000e+00 -2.810828e+01
vertex 3.691516e+01 2.540000e+00 -2.935983e+01
endloop
endfacet
facet normal 0 0 0
outer loop
vertex 1.794103e+01 1.005544e+00 3.121163e+00
vertex 1.729536e+01 2.085889e+00 2.671281e+00
vertex 1.704691e+01 1.120164e+00 2.758918e+00
endloop
endfacet
facet normal 0 0 0
outer loop
vertex 3.321770e+01 2.355794e+00 2.344496e+00
vertex 3.381208e+01 1.868319e+00 2.294717e+00
vertex 3.425659e+01 2.391438e+00 1.826726e+00
endloop
endfacet
facet normal 0 0 0
outer loop
vertex 3.321770e+01 2.355794e+00 2.344496e+00
vertex 3.425659e+01 2.391438e+00 1.826726e+00
vertex 3.374767e+01 2.522883e+00 1.791664e+00
endloop
endfacet
facet normal 0 0 0
outer loop
vertex 1.795516e+01 -2.540000e+00 -2.076089e+01
vertex 1.953791e+01 -2.540000e+00 -2.144690e+01
vertex 1.912602e+01 -2.540000e+00 -2.026657e+01
endloop
endfacet
facet normal 0 0 0
outer loop
vertex 3.017653e+01 -2.540000e+00 -3.016790e+00
vertex 2.823292e+01 -2.540000e+00 -3.229220e+00
vertex 2.916961e+01 -2.540000e+00 -4.428414e+00
endloop
endfacet
facet normal 0 0 0
outer loop
vertex 4.297125e+01 2.540000e+00 -1.964699e+01
vertex 4.458342e+01 2.542937e+00 -1.960150e+01
vertex 4.360568e+01 2.540000e+00 -2.025402e+01
endloop
endfacet
facet normal 0 0 0
outer loop
vertex 4.179963e+01 2.540000e+00 -1.920607e+01
vertex 4.297125e+01 2.540000e+00 -1.964699e+01
vertex 4.273196e+01 2.540000e+00 -2.072088e+01
endloop
endfacet
facet normal 0 0 0
outer loop
vertex 3.774413e+01 -1.161434e+00 -3.237192e+01
vertex 3.770827e+01 0.000000e+00 -3.266959e+01
vertex 3.864158e+01 -1.056527e+00 -3.165218e+01
endloop
endfacet
facet normal 0 0 0
outer loop
vertex 3.860162e+01 9.147564e-01 -3.171813e+01
vertex 3.770827e+01 0.000000e+00 -3.266959e+01
vertex 3.788092e+01 1.010284e+00 -3.230552e+01
endloop
endfacet
facet normal 0 0 0
outer loop
vertex 3.788092e+01 1.010284e+00 -3.230552e+01
vertex 3.770827e+01 0.000000e+00 -3.266959e+01
vertex 3.709071e+01 1.119646e+00 -3.286628e+01
endloop
endfacet
facet normal 0 0 0
outer loop
vertex 3.705454e+01 -9.666810e-01 5.906926e-01
vertex 3.799586e+01 -9.593360e-01 -1.162301e-01
vertex 3.769804e+01 4.132231e-03 3.400178e-01
endloop
endfacet
facet normal 0 0 0
outer loop
vertex 6.618660e+00 -2.540000e+00 -1.693319e+01
vertex 5.317778e+00 -2.540000e+00 -1.666121e+01
vertex 5.504069e+00 -2.540000e+00 -1.762481e+01
endloop
endfacet
facet normal 0 0 0
outer loop
vertex 3.799586e+01 -9.593360e-01 -1.162301e-01
vertex 3.855856e+01 -6.717303e-03 -4.002461e-01
vertex 3.769804e+01 4.132231e-03 3.400178e-01
endloop
endfacet
facet normal 0 0 0
outer loop
vertex 1.249725e+01 -2.540000e+00 -4.053169e+00
vertex 1.370625e+01 -2.540000e+00 -4.245522e+00
vertex 1.281662e+01 -2.540000e+00 -2.987640e+00
endloop
endfacet
facet normal 0 0 0
outer loop
vertex 1.226706e+01 -2.540000e+00 -5.150274e+00
vertex 1.377403e+01 -2.540000e+00 -5.823251e+00
vertex 1.370625e+01 -2.540000e+00 -4.245522e+00
endloop
endfacet
facet normal 0 0 0
outer loop
vertex 9.296710e+00 -2.540000e+00 -2.336688e+01
vertex 8.153905e+00 -2.540000e+00 -2.271882e+01
vertex 8.322253e+00 -2.540000e+00 -2.371059e+01
endloop
endfacet
facet normal 0 0 0
outer loop
vertex 2.420560e+01 -2.540000e+00 -3.021855e+01
vertex 2.244951e+01 -2.540000e+00 -3.048369e+01
vertex 2.376726e+01 -2.540000e+00 -3.152920e+01
endloop
endfacet
facet normal 0 0 0
outer loop
vertex 3.493895e+01 -2.540000e+00 -3.193489e+01
vertex 3.387962e+01 -2.540000e+00 -3.281752e+01
vertex 3.545471e+01 -2.531442e+00 -3.311459e+01
endloop
endfacet
facet normal 0 0 0
outer loop
vertex 3.387962e+01 -2.540000e+00 -3.281752e+01
vertex 3.446011e+01 -2.540000e+00 -3.350322e+01
vertex 3.545471e+01 -2.531442e+00 -3.311459e+01
endloop
endfacet
facet normal 0 0 0
outer loop
vertex 4.515473e+01 1.018227e+00 -2.078125e+01
vertex 4.545712e+01 1.756569e-02 -2.013240e+01
vertex 4.520453e+01 -5.797914e-02 -2.130123e+01
endloop
endfacet
facet normal 0 0 0
outer loop
vertex 4.189346e+01 -2.540000e+00 -2.388915e+01
vertex 4.043899e+01 -2.534081e+00 -2.360247e+01
vertex 4.105164e+01 -2.537040e+00 -2.428892e+01
endloop
endfacet
facet normal 0 0 0
outer loop
vertex 2.180308e+01 1.014515e+00 4.125870e+00
vertex 2.211037e+01 2.085889e+00 3.978480e+00
vertex 2.112064e+01 2.085889e+00 3.831667e+00
endloop
endfacet
facet normal 0 0 0
outer loop
vertex 9.123453e+00 1.042944e+00 -3.195165e+00
vertex 8.525305e+00 1.042944e+00 -4.001211e+00
vertex 8.910858e+00 0.000000e+00 -3.158586e+00
endloop
endfacet
facet normal 0 0 0
outer loop
vertex 8.556728e+00 1.106747e+00 -2.836459e+01
vertex 9.102581e+00 1.269731e+00 -2.905110e+01
vertex 8.940089e+00 -4.075333e-03 -2.920915e+01
endloop
endfacet
facet normal 0 0 0
outer loop
vertex 3.083457e+01 -1.000957e+00 3.604601e+00
vertex 3.008586e+01 -2.085889e+00 3.578467e+00
vertex 3.106364e+01 -2.085889e+00 3.331508e+00
endloop
endfacet
facet normal 0 0 0
outer loop
vertex 1.110557e+01 2.540000e+00 -2.250138e+01
vertex 8.817214e+00 2.540000e+00 -2.201868e+01
vertex 1.047707e+01 2.540000e+00 -2.091426e+01
endloop
endfacet
facet normal 0 0 0
outer loop
vertex 1.998695e+01 1.166113e+00 3.730976e+00
vertex 2.061742e+01 0.000000e+00 4.110703e+00
vertex 2.090588e+01 1.109259e+00 3.970875e+00
endloop
endfacet
facet normal 0 0 0
outer loop
vertex 3.546210e+01 -1.097082e+00 1.590686e+00
vertex 3.628041e+01 -9.934608e-01 1.119650e+00
vertex 3.605677e+01 0.000000e+00 1.473740e+00
endloop
endfacet
facet normal 0 0 0
outer loop
vertex 4.297125e+01 2.540000e+00 -1.964699e+01
vertex 4.360568e+01 2.540000e+00 -2.025402e+01
vertex 4.273196e+01 2.540000e+00 -2.072088e+01
endloop
endfacet
facet normal 0 0 0
outer loop
vertex 2.340460e+01 -2.535614e+00 -3.306934e+01
vertex 2.526727e+01 -2.540000e+00 -3.374684e+01
vertex 2.454082e+01 -2.540000e+00 -3.246986e+01
endloop
endfacet
facet normal 0 0 0
outer loop
vertex 3.273019e+01 -1.169030e+00 -3.525827e+01
vertex 3.209432e+01 -1.912113e+00 -3.533904e+01
vertex 3.179952e+01 -1.064953e+00 -3.561250e+01
endloop
endfacet
facet normal 0 0 0
outer loop
vertex 2.701035e+01 2.540000e+00 3.384529e+00
vertex 2.756461e+01 2.418605e+00 3.815145e+00
vertex 2.805884e+01 2.531442e+00 3.470669e+00
endloop
endfacet
facet normal 0 0 0
outer loop
vertex 1.377403e+01 -2.540000e+00 -5.823251e+00
vertex 1.283751e+01 -2.540000e+00 -7.180521e+00
vertex 1.418314e+01 -2.540000e+00 -7.104839e+00
endloop
endfacet
facet normal 0 0 0
outer loop
vertex 2.673642e+01 -2.540000e+00 -1.050883e+01
vertex 2.509238e+01 -2.540000e+00 -1.106786e+01
vertex 2.593008e+01 -2.540000e+00 -1.207128e+01
endloop
endfacet
facet normal 0 0 0
outer loop
vertex 1.111119e+01 2.409698e+00 -1.656200e+00
vertex 1.038762e+01 2.391438e+00 -2.346282e+00
vertex 1.067992e+01 2.085889e+00 -1.749015e+00
endloop
endfacet
facet normal 0 0 0
outer loop
vertex 1.032707e+01 3.372902e-02 -3.075007e+01
vertex 1.040001e+01 1.205445e+00 -3.052824e+01
vertex 1.120936e+01 1.074316e+00 -3.132632e+01
endloop
endfacet
facet normal 0 0 0
outer loop
vertex 3.096120e+01 -2.391438e+00 -3.549364e+01
vertex 3.004447e+01 -2.121200e+00 -3.591423e+01
vertex 3.108798e+01 -2.007989e+00 -3.568011e+01
endloop
endfacet
facet normal 0 0 0
outer loop
vertex 4.436589e+01 -2.540000e+00 -1.177031e+01
vertex 4.358757e+01 -2.540000e+00 -1.231928e+01
vertex 4.458536e+01 -2.540000e+00 -1.273189e+01
endloop
endfacet
facet normal 0 0 0
outer loop
vertex 4.343911e+01 -2.540000e+00 -1.142842e+01
vertex 4.272003e+01 -2.540000e+00 -1.028134e+01
vertex 4.252271e+01 -2.540000e+00 -1.191447e+01
endloop
endfacet
facet normal 0 0 0
outer loop
vertex 9.754381e+00 -2.540000e+00 -2.704444e+01
vertex 8.978086e+00 -2.535844e+00 -2.775772e+01
vertex 1.047041e+01 -2.540000e+00 -2.783875e+01
endloop
endfacet
facet normal 0 0 0
outer loop
vertex 9.754381e+00 -2.540000e+00 -2.704444e+01
vertex 1.047041e+01 -2.540000e+00 -2.783875e+01
vertex 1.087743e+01 -2.540000e+00 -2.610518e+01
endloop
endfacet
facet normal 0 0 0
outer loop
vertex 3.483101e+01 -2.540000e+00 -2.808566e+01
vertex 3.319260e+01 -2.540000e+00 -2.944239e+01
vertex 3.527677e+01 -2.540000e+00 -2.934138e+01
endloop
endfacet
facet normal 0 0 0
outer loop
vertex 4.283716e+01 2.522883e+00 -2.526183e+01
vertex 4.341574e+01 2.254005e+00 -2.469982e+01
vertex 4.307007e+01 2.391438e+00 -2.538123e+01
endloop
endfacet
facet normal 0 0 0
outer loop
vertex 2.261810e+01 1.122287e+00 4.242087e+00
vertex 2.363875e+01 -1.880118e-03 4.500191e+00
vertex 2.384853e+01 1.042944e+00 4.359600e+00
endloop
endfacet
facet normal 0 0 0
outer loop
vertex 1.170680e+01 0.000000e+00 -3.204111e+01
vertex 1.189731e+01 -1.297798e+00 -3.189493e+01
vertex 1.117819e+01 -9.052367e-01 -3.133817e+01
endloop
endfacet
facet normal 0 0 0
outer loop
vertex 2.837379e+01 2.540000e+00 -3.500205e+01
vertex 2.721581e+01 2.540000e+00 -3.442303e+01
vertex 2.870597e+01 2.540000e+00 -3.368357e+01
endloop
endfacet
facet normal 0 0 0
outer loop
vertex 1.336474e+01 2.540000e+00 -2.278752e+00
vertex 1.159269e+01 2.532684e+00 -1.612362e+00
vertex 1.310701e+01 2.531442e+00 -3.365355e-01
endloop
endfacet
facet normal 0 0 0
outer loop
vertex 3.180469e+01 2.538550e+00 -3.477124e+01
vertex 3.134236e+01 2.374789e+00 -3.537064e+01
vertex 3.097434e+01 2.522883e+00 -3.521592e+01
endloop
endfacet
facet normal 0 0 0
outer loop
vertex 5.135141e+00 1.037472e+00 -1.124206e+01
vertex 4.916916e+00 1.062979e+00 -1.214605e+01
vertex 4.758633e+00 0.000000e+00 -1.201230e+01
endloop
endfacet
facet normal 0 0 0
outer loop
vertex 1.680740e+01 1.262737e-02 2.870563e+00
vertex 1.600492e+01 8.748435e-01 2.311131e+00
vertex 1.510519e+01 -6.473331e-02 2.019382e+00
endloop
endfacet
facet normal 0 0 0
outer loop
vertex 3.627595e+01 1.178568e+00 -3.342090e+01
vertex 3.633154e+01 5.322503e-02 -3.360918e+01
vertex 3.541014e+01 1.223716e+00 -3.392999e+01
endloop
endfacet
facet normal 0 0 0
outer loop
vertex 3.709071e+01 1.119646e+00 -3.286628e+01
vertex 3.633154e+01 5.322503e-02 -3.360918e+01
vertex 3.627595e+01 1.178568e+00 -3.342090e+01
endloop
endfacet
facet normal 0 0 0
outer loop
vertex 1.797647e+01 1.016071e+00 -3.545372e+01
vertex 1.692213e+01 -2.509513e-02 -3.524767e+01
vertex 1.717152e+01 1.070259e+00 -3.515344e+01
endloop
endfacet
facet normal 0 0 0
outer loop
vertex 1.717152e+01 1.070259e+00 -3.515344e+01
vertex 1.692213e+01 -2.509513e-02 -3.524767e+01
vertex 1.627813e+01 1.064387e+00 -3.474244e+01
endloop
endfacet
facet normal 0 0 0
outer loop
vertex 1.636127e+01 2.540000e+00 -3.323386e+01
vertex 1.695299e+01 2.540000e+00 -3.237394e+01
vertex 1.708793e+01 2.540000e+00 -3.353803e+01
endloop
endfacet
facet normal 0 0 0
outer loop
vertex 1.695299e+01 2.540000e+00 -3.237394e+01
vertex 1.794520e+01 2.540000e+00 -3.339004e+01
vertex 1.708793e+01 2.540000e+00 -3.353803e+01
endloop
endfacet
facet normal 0 0 0
outer loop
vertex 3.698662e+01 -2.540000e+00 -3.021087e+01
vertex 3.709059e+01 -2.531442e+00 -3.199927e+01
vertex 3.784895e+01 -2.531442e+00 -3.136293e+01
endloop
endfacet
facet normal 0 0 0
outer loop
vertex 4.221472e+01 -2.540000e+00 -2.080633e+01
vertex 4.327158e+01 -2.540000e+00 -2.148635e+01
vertex 4.319994e+01 -2.540000e+00 -1.929422e+01
endloop
endfacet
facet normal 0 0 0
outer loop
vertex 3.778565e+01 2.540000e+00 -2.015432e+01
vertex 3.958252e+01 2.540000e+00 -2.079082e+01
vertex 3.885345e+01 2.540000e+00 -2.212970e+01
endloop
endfacet
facet normal 0 0 0
outer loop
vertex 1.050349e+01 -1.026080e+00 -3.066843e+01
vertex 1.032707e+01 3.372902e-02 -3.075007e+01
vertex 1.117819e+01 -9.052367e-01 -3.133817e+01
endloop
endfacet
facet normal 0 0 0
outer loop
vertex 1.032707e+01 3.372902e-02 -3.075007e+01
vertex 1.050349e+01 -1.026080e+00 -3.066843e+01
vertex 9.798169e+00 -8.589538e-01 -2.995662e+01
endloop
endfacet
facet normal 0 0 0
outer loop
vertex 3.215521e+01 2.540000e+00 -3.234623e+01
vertex 3.158802e+01 2.540000e+00 -3.407404e+01
vertex 3.098377e+01 2.540000e+00 -3.319746e+01
endloop
endfacet
facet normal 0 0 0
outer loop
vertex 3.488216e+01 -2.540000e+00 -1.786750e+00
vertex 3.635806e+01 -2.540000e+00 -2.748111e+00
vertex 3.585239e+01 -2.540000e+00 -6.975029e-01
endloop
endfacet
facet normal 0 0 0
outer loop
vertex 2.780852e+01 1.047911e+00 -3.655868e+01
vertex 2.870838e+01 1.147094e+00 -3.640678e+01
vertex 2.858788e+01 4.911426e-02 -3.663118e+01
endloop
endfacet
facet normal 0 0 0
outer loop
vertex 2.891925e+01 -2.540000e+00 -3.358476e+01
vertex 2.738679e+01 -2.540000e+00 -3.450899e+01
vertex 2.841019e+01 -2.540000e+00 -3.494627e+01
endloop
endfacet
facet normal 0 0 0
outer loop
vertex 1.197375e+01 2.540000e+00 -1.449778e+01
vertex 1.329311e+01 2.540000e+00 -1.551508e+01
vertex 1.114629e+01 2.540000e+00 -1.567864e+01
endloop
endfacet
facet normal 0 0 0
outer loop
vertex 2.712759e+01 -2.540000e+00 -3.314364e+01
vertex 2.738679e+01 -2.540000e+00 -3.450899e+01
vertex 2.891925e+01 -2.540000e+00 -3.358476e+01
endloop
endfacet
facet normal 0 0 0
outer loop
vertex 3.353215e+01 2.540000e+00 -3.278502e+01
vertex 3.471135e+01 2.540000e+00 -3.165792e+01
vertex 3.470182e+01 2.540000e+00 -3.272203e+01
endloop
endfacet
facet normal 0 0 0
outer loop
vertex 4.349215e+01 -1.201539e-02 -6.596437e+00
vertex 4.300008e+01 0.000000e+00 -5.639423e+00
vertex 4.308316e+01 -9.571065e-01 -6.136687e+00
endloop
endfacet
facet normal 0 0 0
outer loop
vertex 4.358663e+01 -1.089596e+00 -7.164537e+00
vertex 4.349215e+01 -1.201539e-02 -6.596437e+00
vertex 4.308316e+01 -9.571065e-01 -6.136687e+00
endloop
endfacet
facet normal 0 0 0
outer loop
vertex 1.680740e+01 1.262737e-02 2.870563e+00
vertex 1.704691e+01 1.120164e+00 2.758918e+00
vertex 1.600492e+01 8.748435e-01 2.311131e+00
endloop
endfacet
facet normal 0 0 0
outer loop
vertex 1.794103e+01 1.005544e+00 3.121163e+00
vertex 1.704691e+01 1.120164e+00 2.758918e+00
vertex 1.680740e+01 1.262737e-02 2.870563e+00
endloop
endfacet
facet normal 0 0 0
outer loop
vertex 8.453548e+00 -9.890308e-01 -4.076557e+00
vertex 7.758673e+00 -8.407941e-02 -4.768004e+00
vertex 7.940227e+00 -1.100420e+00 -4.817131e+00
endloop
endfacet
facet normal 0 0 0
outer loop
vertex 3.998975e+01 2.531442e+00 -3.026559e+00
vertex 3.910988e+01 2.540000e+00 -2.332732e+00
vertex 3.937497e+01 2.397415e+00 -1.908287e+00
endloop
endfacet
facet normal 0 0 0
outer loop
vertex 3.415983e+01 2.540000e+00 -2.933597e+01
vertex 3.270694e+01 2.540000e+00 -2.935465e+01
vertex 3.358789e+01 2.540000e+00 -2.775447e+01
endloop
endfacet
facet normal 0 0 0
outer loop
vertex 3.932597e+01 -2.527163e+00 -3.004214e+01
vertex 3.943821e+01 -2.403117e+00 -3.035127e+01
vertex 4.004465e+01 -2.522883e+00 -2.935769e+01
endloop
endfacet
facet normal 0 0 0
outer loop
vertex 2.980568e+01 1.072219e+00 3.848005e+00
vertex 3.053439e+01 5.854939e-02 3.864343e+00
vertex 3.080680e+01 1.144498e+00 3.587449e+00
endloop
endfacet
facet normal 0 0 0
outer loop
vertex 3.080680e+01 1.144498e+00 3.587449e+00
vertex 3.150549e+01 -1.776389e-02 3.558467e+00
vertex 3.174513e+01 1.071388e+00 3.294884e+00
endloop
endfacet
facet normal 0 0 0
outer loop
vertex 4.405023e+01 -1.003780e+00 -8.142895e+00
vertex 4.433680e+01 -1.201539e-02 -8.414165e+00
vertex 4.396542e+01 9.431498e-02 -7.537919e+00
endloop
endfacet
facet normal 0 0 0
outer loop
vertex 2.942460e+01 2.540000e+00 -7.903531e-01
vertex 3.043513e+01 2.540000e+00 -2.146833e+00
vertex 2.866523e+01 2.540000e+00 -1.975566e+00
endloop
endfacet
facet normal 0 0 0
outer loop
vertex 3.104467e+01 2.540000e+00 -6.940215e-01
vertex 3.197805e+01 2.540000e+00 -1.957377e+00
vertex 3.043513e+01 2.540000e+00 -2.146833e+00
endloop
endfacet
facet normal 0 0 0
outer loop
vertex 1.738629e+01 2.540000e+00 -1.721898e+00
vertex 1.635381e+01 2.540000e+00 -2.944258e-01
vertex 1.849032e+01 2.540000e+00 -8.986346e-01
endloop
endfacet
facet normal 0 0 0
outer loop
vertex 4.043899e+01 -2.534081e+00 -2.360247e+01
vertex 4.051143e+01 -2.540000e+00 -2.531818e+01
vertex 4.105164e+01 -2.537040e+00 -2.428892e+01
endloop
endfacet
facet normal 0 0 0
outer loop
vertex 3.920293e+01 2.540000e+00 -2.773464e+01
vertex 3.941341e+01 2.540000e+00 -2.667683e+01
vertex 4.017148e+01 2.540000e+00 -2.778049e+01
endloop
endfacet
facet normal 0 0 0
outer loop
vertex 1.227851e+01 2.540000e+00 -3.251151e+00
vertex 1.159269e+01 2.532684e+00 -1.612362e+00
vertex 1.336474e+01 2.540000e+00 -2.278752e+00
endloop
endfacet
facet normal 0 0 0
outer loop
vertex 1.227851e+01 2.540000e+00 -3.251151e+00
vertex 1.090027e+01 2.532063e+00 -2.319461e+00
vertex 1.159269e+01 2.532684e+00 -1.612362e+00
endloop
endfacet
facet normal 0 0 0
outer loop
vertex 4.749487e+00 1.023090e+00 -1.320297e+01
vertex 4.422189e+00 0.000000e+00 -1.428118e+01
vertex 4.568942e+00 0.000000e+00 -1.319749e+01
endloop
endfacet
facet normal 0 0 0
outer loop
vertex 4.748707e+00 -1.028584e+00 -1.321498e+01
vertex 4.568942e+00 0.000000e+00 -1.319749e+01
vertex 4.422189e+00 0.000000e+00 -1.428118e+01
endloop
endfacet
facet normal 0 0 0
outer loop
vertex 2.286553e+01 -2.540000e+00 -3.981412e+00
vertex 2.060951e+01 -2.540000e+00 -4.522064e+00
vertex 2.162388e+01 -2.540000e+00 -5.663077e+00
endloop
endfacet
facet normal 0 0 0
outer loop
vertex 2.060951e+01 -2.540000e+00 -4.522064e+00
vertex 1.999220e+01 -2.540000e+00 -5.938884e+00
vertex 2.162388e+01 -2.540000e+00 -5.663077e+00
endloop
endfacet
facet normal 0 0 0
outer loop
vertex 3.255206e+01 -2.540000e+00 -2.403071e+01
vertex 3.176860e+01 -2.540000e+00 -2.536975e+01
vertex 3.325164e+01 -2.534220e+00 -2.555626e+01
endloop
endfacet
facet normal 0 0 0
outer loop
vertex 1.116948e+01 -2.391438e+00 -3.078622e+01
vertex 1.159030e+01 -2.531442e+00 -3.072660e+01
vertex 1.096291e+01 -2.540000e+00 -2.994497e+01
endloop
endfacet
facet normal 0 0 0
outer loop
vertex 3.095146e+01 -2.540000e+00 -2.413200e+01
vertex 3.176860e+01 -2.540000e+00 -2.536975e+01
vertex 3.255206e+01 -2.540000e+00 -2.403071e+01
endloop
endfacet
facet normal 0 0 0
outer loop
vertex 1.111119e+01 2.409698e+00 -1.656200e+00
vertex 1.159269e+01 2.532684e+00 -1.612362e+00
vertex 1.090027e+01 2.532063e+00 -2.319461e+00
endloop
endfacet
facet normal 0 0 0
outer loop
vertex 1.348620e+01 -2.540000e+00 -1.855569e+00
vertex 1.232936e+01 -2.540000e+00 -1.954416e+00
vertex 1.281662e+01 -2.540000e+00 -2.987640e+00
endloop
endfacet
facet normal 0 0 0
outer loop
vertex 1.885445e+01 1.398198e-02 3.628255e+00
vertex 1.804879e+01 -1.098920e+00 3.142425e+00
vertex 1.890964e+01 -1.164461e+00 3.437629e+00
endloop
endfacet
facet normal 0 0 0
outer loop
vertex 1.067992e+01 2.085889e+00 -1.749015e+00
vertex 1.048361e+01 1.087668e+00 -1.686177e+00
vertex 1.133572e+01 1.143794e+00 -9.120259e-01
endloop
endfacet
facet normal 0 0 0
outer loop
vertex 8.756979e+00 2.156511e+00 -2.828782e+01
vertex 9.102581e+00 1.269731e+00 -2.905110e+01
vertex 8.556728e+00 1.106747e+00 -2.836459e+01
endloop
endfacet
facet normal 0 0 0
outer loop
vertex 4.304478e+01 1.973894e+00 -2.589931e+01
vertex 4.283716e+01 2.522883e+00 -2.526183e+01
vertex 4.307007e+01 2.391438e+00 -2.538123e+01
endloop
endfacet
facet normal 0 0 0
outer loop
vertex 2.286553e+01 -2.540000e+00 -3.981412e+00
vertex 2.155249e+01 -2.540000e+00 -2.705837e+00
vertex 2.060951e+01 -2.540000e+00 -4.522064e+00
endloop
endfacet
facet normal 0 0 0
outer loop
vertex 3.879050e+01 -2.015267e+00 -1.061435e+00
vertex 3.953263e+01 -2.015267e+00 -1.734065e+00
vertex 3.941961e+01 -1.167114e+00 -1.417886e+00
endloop
endfacet
facet normal 0 0 0
outer loop
vertex 2.891925e+01 -2.540000e+00 -3.358476e+01
vertex 3.051437e+01 -2.540000e+00 -3.434945e+01
vertex 3.012221e+01 -2.540000e+00 -3.335609e+01
endloop
endfacet
facet normal 0 0 0
outer loop
vertex 2.891925e+01 -2.540000e+00 -3.358476e+01
vertex 2.942541e+01 -2.540000e+00 -3.471619e+01
vertex 3.051437e+01 -2.540000e+00 -3.434945e+01
endloop
endfacet
facet normal 0 0 0
outer loop
vertex 1.405548e+01 -2.540000e+00 -8.310168e-01
vertex 1.348620e+01 -2.540000e+00 -1.855569e+00
vertex 1.523788e+01 -2.540000e+00 -1.132627e+00
endloop
endfacet
facet normal 0 0 0
outer loop
vertex 1.523788e+01 -2.540000e+00 -1.132627e+00
vertex 1.348620e+01 -2.540000e+00 -1.855569e+00
vertex 1.487643e+01 -2.540000e+00 -2.981004e+00
endloop
endfacet
facet normal 0 0 0
outer loop
vertex 1.729536e+01 2.085889e+00 -3.500708e+01
vertex 1.733557e+01 2.391438e+00 -3.480951e+01
vertex 1.836943e+01 2.391438e+00 -3.518343e+01
endloop
endfacet
facet normal 0 0 0
outer loop
vertex 3.820074e+01 -2.540000e+00 -1.777627e+01
vertex 3.869070e+01 -2.540000e+00 -1.918443e+01
vertex 3.972322e+01 -2.540000e+00 -1.822301e+01
endloop
endfacet
facet normal 0 0 0
outer loop
vertex 7.396765e+00 -2.540000e+00 -1.253808e+01
vertex 8.126764e+00 -2.540000e+00 -1.286433e+01
vertex 7.983677e+00 -2.540000e+00 -1.169339e+01
endloop
endfacet
facet normal 0 0 0
outer loop
vertex 8.438641e+00 -2.533643e+00 -2.692791e+01
vertex 8.503213e+00 -2.399550e+00 -2.764253e+01
vertex 8.978086e+00 -2.535844e+00 -2.775772e+01
endloop
endfacet
facet normal 0 0 0
outer loop
vertex 2.762477e+01 -2.396328e+00 -3.618814e+01
vertex 2.709543e+01 -2.156511e+00 -3.644005e+01
vertex 2.808620e+01 -2.121200e+00 -3.630376e+01
endloop
endfacet
facet normal 0 0 0
outer loop
vertex 1.765507e+01 -2.540000e+00 -7.338877e+00
vertex 1.858840e+01 -2.540000e+00 -8.785210e+00
vertex 1.915950e+01 -2.540000e+00 -7.019181e+00
endloop
endfacet
facet normal 0 0 0
outer loop
vertex 2.891925e+01 -2.540000e+00 -3.358476e+01
vertex 3.012221e+01 -2.540000e+00 -3.335609e+01
vertex 2.991415e+01 -2.540000e+00 -3.202290e+01
endloop
endfacet
facet normal 0 0 0
outer loop
vertex 2.019810e+01 -2.531442e+00 -3.541415e+01
vertex 2.135629e+01 -2.540000e+00 -3.364015e+01
vertex 1.956566e+01 -2.540000e+00 -3.373845e+01
endloop
endfacet
facet normal 0 0 0
outer loop
vertex 1.216265e+01 2.085889e+00 -4.051480e-01
vertex 1.133572e+01 1.143794e+00 -9.120259e-01
vertex 1.198158e+01 -8.796361e-03 -8.660843e-02
endloop
endfacet
facet normal 0 0 0
outer loop
vertex 1.605458e+01 -1.018695e+00 2.308502e+00
vertex 1.510519e+01 -6.473331e-02 2.019382e+00
vertex 1.499702e+01 -1.606460e+00 1.634272e+00
endloop
endfacet
facet normal 0 0 0
outer loop
vertex 1.499702e+01 -1.606460e+00 1.634272e+00
vertex 1.510519e+01 -6.473331e-02 2.019382e+00
vertex 1.432684e+01 -1.055323e+00 1.349670e+00
endloop
endfacet
facet normal 0 0 0
outer loop
vertex 4.190036e+01 0.000000e+00 -3.960852e+00
vertex 4.198578e+01 -1.007633e+00 -4.394080e+00
vertex 4.245022e+01 0.000000e+00 -4.800138e+00
endloop
endfacet
facet normal 0 0 0
outer loop
vertex 2.855407e+01 -2.540000e+00 2.668276e+00
vertex 2.754154e+01 -2.540000e+00 2.705948e+00
vertex 2.811260e+01 -2.540000e+00 1.636482e+00
endloop
endfacet
facet normal 0 0 0
outer loop
vertex 4.114227e+01 2.391438e+00 -3.918536e+00
vertex 4.047545e+01 2.391438e+00 -3.080519e+00
vertex 4.086155e+01 2.085889e+00 -3.231744e+00
endloop
endfacet
facet normal 0 0 0
outer loop
vertex 4.360568e+01 2.540000e+00 -2.025402e+01
vertex 4.458342e+01 2.542937e+00 -1.960150e+01
vertex 4.435777e+01 2.544018e+00 -2.055931e+01
endloop
endfacet
facet normal 0 0 0
outer loop
vertex 1.989905e+01 -1.245756e+00 3.693810e+00
vertex 2.061742e+01 0.000000e+00 4.110703e+00
vertex 1.885445e+01 1.398198e-02 3.628255e+00
endloop
endfacet
facet normal 0 0 0
outer loop
vertex 1.890964e+01 -1.164461e+00 3.437629e+00
vertex 1.989905e+01 -1.245756e+00 3.693810e+00
vertex 1.885445e+01 1.398198e-02 3.628255e+00
endloop
endfacet
facet normal 0 0 0
outer loop
vertex 4.517140e+01 -2.401938e+00 -1.818726e+01
vertex 4.480506e+01 -2.531442e+00 -1.863741e+01
vertex 4.498417e+01 -2.413183e+00 -1.935484e+01
endloop
endfacet
facet normal 0 0 0
outer loop
vertex 4.539199e+01 -2.085889e+00 -1.816660e+01
vertex 4.517140e+01 -2.401938e+00 -1.818726e+01
vertex 4.498417e+01 -2.413183e+00 -1.935484e+01
endloop
endfacet
facet normal 0 0 0
outer loop
vertex 4.518243e+01 2.402581e+00 -1.431409e+01
vertex 4.500082e+01 2.391438e+00 -1.281306e+01
vertex 4.537095e+01 2.156511e+00 -1.417127e+01
endloop
endfacet
facet normal 0 0 0
outer loop
vertex 4.518243e+01 2.402581e+00 -1.431409e+01
vertex 4.480506e+01 2.531442e+00 -1.369839e+01
vertex 4.500082e+01 2.391438e+00 -1.281306e+01
endloop
endfacet
facet normal 0 0 0
outer loop
vertex 1.020824e+01 3.647228e-02 -1.703578e+00
vertex 1.041902e+01 -1.278757e+00 -1.806398e+00
vertex 1.110817e+01 -1.065703e+00 -1.100205e+00
endloop
endfacet
facet normal 0 0 0
outer loop
vertex 4.488795e+01 1.022419e+00 -2.180765e+01
vertex 4.463237e+01 2.015267e+00 -2.209334e+01
vertex 4.488356e+01 1.853698e+00 -2.121585e+01
endloop
endfacet
facet normal 0 0 0
outer loop
vertex 7.644072e+00 -2.015267e+00 -2.670377e+01
vertex 8.143986e+00 -2.085889e+00 -2.749675e+01
vertex 7.854620e+00 -2.391438e+00 -2.666037e+01
endloop
endfacet
facet normal 0 0 0
outer loop
vertex 1.310701e+01 2.531442e+00 -3.365355e-01
vertex 1.191031e+01 2.399387e+00 -9.064872e-01
vertex 1.287676e+01 2.366780e+00 -7.450528e-02
endloop
endfacet
facet normal 0 0 0
outer loop
vertex 6.139386e+00 -2.381217e+00 -2.310733e+01
vertex 6.523213e+00 -2.400112e+00 -2.404348e+01
vertex 6.634264e+00 -2.531442e+00 -2.341470e+01
endloop
endfacet
facet normal 0 0 0
outer loop
vertex 4.145701e+01 2.540000e+00 -1.020009e+01
vertex 4.193374e+01 2.540000e+00 -8.439675e+00
vertex 4.269543e+01 2.540000e+00 -9.211762e+00
endloop
endfacet
facet normal 0 0 0
outer loop
vertex 1.377403e+01 -2.540000e+00 -5.823251e+00
vertex 1.512100e+01 -2.540000e+00 -5.056072e+00
vertex 1.370625e+01 -2.540000e+00 -4.245522e+00
endloop
endfacet
facet normal 0 0 0
outer loop
vertex 4.269543e+01 2.540000e+00 -9.211762e+00
vertex 4.193374e+01 2.540000e+00 -8.439675e+00
vertex 4.320167e+01 2.531442e+00 -7.999577e+00
endloop
endfacet
facet normal 0 0 0
outer loop
vertex 3.729008e+01 -2.196591e+00 4.843128e-02
vertex 3.804837e+01 -2.015267e+00 -3.888044e-01
vertex 3.724388e+01 -2.015267e+00 2.078452e-01
endloop
endfacet
facet normal 0 0 0
outer loop
vertex 3.724388e+01 -2.015267e+00 2.078452e-01
vertex 3.804837e+01 -2.015267e+00 -3.888044e-01
vertex 3.756110e+01 -1.511450e+00 9.016800e-02
endloop
endfacet
facet normal 0 0 0
outer loop
vertex 4.428107e+01 -2.195242e+00 -9.547406e+00
vertex 4.461493e+01 -1.959762e+00 -1.016269e+01
vertex 4.429494e+01 -2.015267e+00 -9.299411e+00
endloop
endfacet
facet normal 0 0 0
outer loop
vertex 9.658831e+00 -2.540000e+00 -2.208995e+01
vertex 8.153905e+00 -2.540000e+00 -2.271882e+01
vertex 9.296710e+00 -2.540000e+00 -2.336688e+01
endloop
endfacet
facet normal 0 0 0
outer loop
vertex 4.483064e+01 -2.540000e+00 -1.468920e+01
vertex 4.541303e+01 -2.015267e+00 -1.416712e+01
vertex 4.458536e+01 -2.540000e+00 -1.273189e+01
endloop
endfacet
facet normal 0 0 0
outer loop
vertex 4.498733e+01 -2.391438e+00 -1.266102e+01
vertex 4.458536e+01 -2.540000e+00 -1.273189e+01
vertex 4.541303e+01 -2.015267e+00 -1.416712e+01
endloop
endfacet
facet normal 0 0 0
outer loop
vertex 2.864409e+01 -2.540000e+00 -3.092362e+01
vertex 2.787079e+01 -2.540000e+00 -3.208577e+01
vertex 2.991415e+01 -2.540000e+00 -3.202290e+01
endloop
endfacet
facet normal 0 0 0
outer loop
vertex 2.991415e+01 -2.540000e+00 -3.202290e+01
vertex 2.787079e+01 -2.540000e+00 -3.208577e+01
vertex 2.891925e+01 -2.540000e+00 -3.358476e+01
endloop
endfacet
facet normal 0 0 0
outer loop
vertex 4.541303e+01 2.015267e+00 -1.816868e+01
vertex 4.458342e+01 2.542937e+00 -1.960150e+01
vertex 4.483064e+01 2.540000e+00 -1.764660e+01
endloop
endfacet
facet normal 0 0 0
outer loop
vertex 4.458342e+01 2.542937e+00 -1.960150e+01
vertex 4.541303e+01 2.015267e+00 -1.816868e+01
vertex 4.498733e+01 2.391438e+00 -1.967478e+01
endloop
endfacet
facet normal 0 0 0
outer loop
vertex 2.546133e+01 -2.404912e+00 -3.632737e+01
vertex 2.662081e+01 -2.391438e+00 -3.629992e+01
vertex 2.608876e+01 -2.531442e+00 -3.600360e+01
endloop
endfacet
facet normal 0 0 0
outer loop
vertex 1.585324e+01 -2.373761e+00 -3.413271e+01
vertex 1.486384e+01 -2.355026e+00 -3.360075e+01
vertex 1.548637e+01 -2.085889e+00 -3.415149e+01
endloop
endfacet
facet normal 0 0 0
outer loop
vertex 8.556728e+00 1.106747e+00 -2.836459e+01
vertex 7.941512e+00 1.130036e-02 -2.784076e+01
vertex 8.032444e+00 1.278838e+00 -2.759479e+01
endloop
endfacet
facet normal 0 0 0
outer loop
vertex 4.051143e+01 -2.540000e+00 -2.531818e+01
vertex 4.111631e+01 -2.540000e+00 -2.642356e+01
vertex 4.172169e+01 -2.540000e+00 -2.524311e+01
endloop
endfacet
facet normal 0 0 0
outer loop
vertex 2.585008e+01 -1.074803e+00 4.378570e+00
vertex 2.684970e+01 -1.249330e+00 4.301018e+00
vertex 2.660136e+01 -6.371675e-02 4.533658e+00
endloop
endfacet
facet normal 0 0 0
outer loop
vertex 4.528786e+01 2.391438e+00 -1.566442e+01
vertex 4.518243e+01 2.402581e+00 -1.431409e+01
vertex 4.537095e+01 2.156511e+00 -1.417127e+01
endloop
endfacet
facet normal 0 0 0
outer loop
vertex 6.814417e+00 7.145235e-02 -6.362993e+00
vertex 7.496617e+00 1.056420e+00 -5.541822e+00
vertex 6.975675e+00 1.064426e+00 -6.427104e+00
endloop
endfacet
facet normal 0 0 0
outer loop
vertex 3.357535e+01 -1.085408e+00 -3.490441e+01
vertex 3.273019e+01 -1.169030e+00 -3.525827e+01
vertex 3.278801e+01 1.187976e-02 -3.544255e+01
endloop
endfacet
facet normal 0 0 0
outer loop
vertex 4.283716e+01 2.522883e+00 -2.526183e+01
vertex 4.175988e+01 2.540000e+00 -2.496847e+01
vertex 4.248896e+01 2.540000e+00 -2.426643e+01
endloop
endfacet
facet normal 0 0 0
outer loop
vertex 4.248896e+01 2.540000e+00 -2.426643e+01
vertex 4.324582e+01 2.522883e+00 -2.435615e+01
vertex 4.283716e+01 2.522883e+00 -2.526183e+01
endloop
endfacet
facet normal 0 0 0
outer loop
vertex 3.447646e+01 -2.540000e+00 -4.564837e-01
vertex 3.488216e+01 -2.540000e+00 -1.786750e+00
vertex 3.585239e+01 -2.540000e+00 -6.975029e-01
endloop
endfacet
facet normal 0 0 0
outer loop
vertex 4.509960e+01 1.999060e+00 -2.024061e+01
vertex 4.541303e+01 2.015267e+00 -1.816868e+01
vertex 4.558487e+01 1.013718e+00 -1.810155e+01
endloop
endfacet
facet normal 0 0 0
outer loop
vertex 2.261810e+01 1.122287e+00 4.242087e+00
vertex 2.310010e+01 2.085889e+00 4.125293e+00
vertex 2.211037e+01 2.085889e+00 3.978480e+00
endloop
endfacet
facet normal 0 0 0
outer loop
vertex 5.229037e+00 -9.691564e-02 -2.214357e+01
vertex 5.391769e+00 -1.042944e+00 -2.209679e+01
vertex 5.113317e+00 -1.008868e+00 -2.102608e+01
endloop
endfacet
facet normal 0 0 0
outer loop
vertex 5.229037e+00 -9.691564e-02 -2.214357e+01
vertex 5.766451e+00 -1.021678e+00 -2.318358e+01
vertex 5.391769e+00 -1.042944e+00 -2.209679e+01
endloop
endfacet
facet normal 0 0 0
outer loop
vertex 6.494459e+00 1.078255e+00 -7.444568e+00
vertex 6.814417e+00 7.145235e-02 -6.362993e+00
vertex 6.975675e+00 1.064426e+00 -6.427104e+00
endloop
endfacet
facet normal 0 0 0
outer loop
vertex 1.704691e+01 1.120164e+00 2.758918e+00
vertex 1.729536e+01 2.085889e+00 2.671281e+00
vertex 1.636051e+01 1.876792e+00 2.280612e+00
endloop
endfacet
facet normal 0 0 0
outer loop
vertex 1.523788e+01 -2.540000e+00 -1.132627e+00
vertex 1.555122e+01 -2.540000e+00 2.299221e-01
vertex 1.471553e+01 -2.540000e+00 -6.433325e-02
endloop
endfacet
facet normal 0 0 0
outer loop
vertex 2.211037e+01 2.085889e+00 3.978480e+00
vertex 2.143346e+01 2.395381e+00 3.679402e+00
vertex 2.112064e+01 2.085889e+00 3.831667e+00
endloop
endfacet
facet normal 0 0 0
outer loop
vertex 3.676410e+01 2.531442e+00 -3.083661e+01
vertex 3.600395e+01 2.540000e+00 -3.139827e+01
vertex 3.560733e+01 2.540000e+00 -3.007548e+01
endloop
endfacet
facet normal 0 0 0
outer loop
vertex 3.560733e+01 2.540000e+00 -3.007548e+01
vertex 3.691516e+01 2.540000e+00 -2.935983e+01
vertex 3.676410e+01 2.531442e+00 -3.083661e+01
endloop
endfacet
facet normal 0 0 0
outer loop
vertex 1.432684e+01 -1.055323e+00 1.349670e+00
vertex 1.351681e+01 -1.166298e+00 8.184418e-01
vertex 1.378170e+01 -2.156511e+00 7.693348e-01
endloop
endfacet
facet normal 0 0 0
outer loop
vertex 5.060190e+00 -2.391438e+00 -1.867906e+01
vertex 5.392540e+00 -2.531442e+00 -1.863741e+01
vertex 5.000704e+00 -2.391438e+00 -1.814739e+01
endloop
endfacet
facet normal 0 0 0
outer loop
vertex 5.392540e+00 2.531442e+00 -1.369839e+01
vertex 5.000704e+00 2.391438e+00 -1.418841e+01
vertex 5.120098e+00 2.352599e+00 -1.310590e+01
endloop
endfacet
facet normal 0 0 0
outer loop
vertex 5.672783e+00 9.595355e-01 -9.383302e+00
vertex 5.370330e+00 1.086334e+00 -1.033889e+01
vertex 5.199514e+00 1.430643e-03 -1.022608e+01
endloop
endfacet
facet normal 0 0 0
outer loop
vertex 3.860730e+01 -2.531442e+00 -3.072660e+01
vertex 3.932597e+01 -2.527163e+00 -3.004214e+01
vertex 3.811163e+01 -2.540000e+00 -2.912778e+01
endloop
endfacet
facet normal 0 0 0
outer loop
vertex 2.112476e+01 2.156511e+00 -3.614673e+01
vertex 2.211243e+01 2.121200e+00 -3.630391e+01
vertex 2.100582e+01 1.106204e+00 -3.632426e+01
endloop
endfacet
facet normal 0 0 0
outer loop
vertex 3.133626e+01 -2.540000e+00 -3.179822e+01
vertex 3.187515e+01 -2.540000e+00 -3.252758e+01
vertex 3.261310e+01 -2.540000e+00 -3.170436e+01
endloop
endfacet
facet normal 0 0 0
outer loop
vertex 3.261310e+01 -2.540000e+00 -3.170436e+01
vertex 3.187515e+01 -2.540000e+00 -3.252758e+01
vertex 3.244233e+01 -2.540000e+00 -3.354910e+01
endloop
endfacet
facet normal 0 0 0
outer loop
vertex 1.729536e+01 2.085889e+00 -3.500708e+01
vertex 1.639086e+01 2.085889e+00 -3.457929e+01
vertex 1.733557e+01 2.391438e+00 -3.480951e+01
endloop
endfacet
facet normal 0 0 0
outer loop
vertex 3.448888e+01 -1.013754e+00 2.131353e+00
vertex 3.546210e+01 -1.097082e+00 1.590686e+00
vertex 3.605677e+01 0.000000e+00 1.473740e+00
endloop
endfacet
facet normal 0 0 0
outer loop
vertex 2.951142e+01 2.398679e-02 4.089531e+00
vertex 2.980568e+01 1.072219e+00 3.848005e+00
vertex 2.875256e+01 1.208733e+00 4.052838e+00
endloop
endfacet
facet normal 0 0 0
outer loop
vertex 6.618660e+00 -2.540000e+00 -1.693319e+01
vertex 6.725151e+00 -2.540000e+00 -1.527834e+01
vertex 6.101388e+00 -2.540000e+00 -1.607664e+01
endloop
endfacet
facet normal 0 0 0
outer loop
vertex 2.162388e+01 -2.540000e+00 -5.663077e+00
vertex 1.999220e+01 -2.540000e+00 -5.938884e+00
vertex 2.058761e+01 -2.540000e+00 -6.901855e+00
endloop
endfacet
facet normal 0 0 0
outer loop
vertex 3.128077e+01 2.540000e+00 -3.428928e+00
vertex 3.043513e+01 2.540000e+00 -2.146833e+00
vertex 3.197805e+01 2.540000e+00 -1.957377e+00
endloop
endfacet
facet normal 0 0 0
outer loop
vertex 7.183929e+00 2.540000e+00 -2.163071e+01
vertex 6.051189e+00 2.540000e+00 -2.152707e+01
vertex 6.632401e+00 2.540000e+00 -2.066506e+01
endloop
endfacet
facet normal 0 0 0
outer loop
vertex 2.936626e+01 2.540000e+00 -4.661295e+00
vertex 2.783122e+01 2.540000e+00 -4.972694e+00
vertex 2.807415e+01 2.540000e+00 -3.557477e+00
endloop
endfacet
facet normal 0 0 0
outer loop
vertex 1.794103e+01 1.005544e+00 3.121163e+00
vertex 1.885445e+01 1.398198e-02 3.628255e+00
vertex 1.876961e+01 1.245395e+00 3.371704e+00
endloop
endfacet
facet normal 0 0 0
outer loop
vertex 2.637061e+01 2.540000e+00 -4.553414e+00
vertex 2.807415e+01 2.540000e+00 -3.557477e+00
vertex 2.783122e+01 2.540000e+00 -4.972694e+00
endloop
endfacet
facet normal 0 0 0
outer loop
vertex 2.896008e+01 2.540000e+00 -2.392327e+01
vertex 3.042558e+01 2.540000e+00 -2.396362e+01
vertex 2.989542e+01 2.540000e+00 -2.517808e+01
endloop
endfacet
facet normal 0 0 0
outer loop
vertex 3.042558e+01 2.540000e+00 -2.396362e+01
vertex 3.196650e+01 2.540000e+00 -2.390569e+01
vertex 3.131194e+01 2.540000e+00 -2.549473e+01
endloop
endfacet
facet normal 0 0 0
outer loop
vertex 1.957920e+01 -2.540000e+00 1.357352e-01
vertex 2.149162e+01 -2.540000e+00 9.649148e-02
vertex 2.020890e+01 -2.540000e+00 1.608920e+00
endloop
endfacet
facet normal 0 0 0
outer loop
vertex 3.649716e+01 -2.540000e+00 -4.840205e+00
vertex 3.808983e+01 -2.540000e+00 -4.912393e+00
vertex 3.786175e+01 -2.540000e+00 -3.582016e+00
endloop
endfacet
facet normal 0 0 0
outer loop
vertex 2.753300e+01 1.030555e-01 4.415183e+00
vertex 2.780087e+01 -1.048232e+00 4.219222e+00
vertex 2.848844e+01 -1.057582e-02 4.314719e+00
endloop
endfacet
facet normal 0 0 0
outer loop
vertex 2.660136e+01 -6.371675e-02 4.533658e+00
vertex 2.684970e+01 -1.249330e+00 4.301018e+00
vertex 2.780087e+01 -1.048232e+00 4.219222e+00
endloop
endfacet
facet normal 0 0 0
outer loop
vertex 5.737931e+00 -2.534211e+00 -2.058340e+01
vertex 6.712122e+00 -2.540000e+00 -2.053281e+01
vertex 6.368298e+00 -2.540000e+00 -1.938966e+01
endloop
endfacet
facet normal 0 0 0
outer loop
vertex 5.639215e+00 -1.559234e+00 -9.793407e+00
vertex 5.753191e+00 -1.072206e+00 -9.216119e+00
vertex 5.366305e+00 -1.098453e+00 -1.036385e+01
endloop
endfacet
facet normal 0 0 0
outer loop
vertex 5.737931e+00 -2.534211e+00 -2.058340e+01
vertex 6.368298e+00 -2.540000e+00 -1.938966e+01
vertex 5.565236e+00 -2.532826e+00 -1.961041e+01
endloop
endfacet
facet normal 0 0 0
outer loop
vertex 1.159269e+01 2.532684e+00 -1.612362e+00
vertex 1.191031e+01 2.399387e+00 -9.064872e-01
vertex 1.310701e+01 2.531442e+00 -3.365355e-01
endloop
endfacet
facet normal 0 0 0
outer loop
vertex 3.156119e+01 -7.705766e-02 -3.586580e+01
vertex 3.179952e+01 -1.064953e+00 -3.561250e+01
vertex 3.117622e+01 -6.724191e-01 -3.588682e+01
endloop
endfacet
facet normal 0 0 0
outer loop
vertex 3.177154e+01 1.041861e+00 -3.562709e+01
vertex 3.156119e+01 -7.705766e-02 -3.586580e+01
vertex 3.058331e+01 -2.592584e-02 -3.619248e+01
endloop
endfacet
facet normal 0 0 0
outer loop
vertex 3.447646e+01 -2.540000e+00 -4.564837e-01
vertex 3.332220e+01 -2.525098e+00 7.340227e-01
vertex 3.312295e+01 -2.540000e+00 -1.297118e+00
endloop
endfacet
facet normal 0 0 0
outer loop
vertex 4.544643e+00 -9.190102e-01 -1.723608e+01
vertex 4.333736e+00 0.000000e+00 -1.610987e+01
vertex 4.397544e+00 1.070161e-01 -1.715499e+01
endloop
endfacet
facet normal 0 0 0
outer loop
vertex 4.557078e+00 1.007633e+00 -1.717009e+01
vertex 4.397544e+00 1.070161e-01 -1.715499e+01
vertex 4.333736e+00 0.000000e+00 -1.610987e+01
endloop
endfacet
facet normal 0 0 0
outer loop
vertex 7.204685e+00 -2.391438e+00 -2.551844e+01
vertex 7.481911e+00 -2.344544e+00 -2.610853e+01
vertex 7.899196e+00 -2.531442e+00 -2.609810e+01
endloop
endfacet
facet normal 0 0 0
outer loop
vertex 2.020890e+01 -2.540000e+00 1.608920e+00
vertex 2.160510e+01 -2.540000e+00 1.852317e+00
vertex 2.083988e+01 -2.540000e+00 2.297367e+00
endloop
endfacet
facet normal 0 0 0
outer loop
vertex 3.734963e+01 -2.391438e+00 -3.222148e+01
vertex 3.664744e+01 -2.397493e+00 -3.271092e+01
vertex 3.642765e+01 -2.085889e+00 -3.312271e+01
endloop
endfacet
facet normal 0 0 0
outer loop
vertex 3.718292e+01 -2.015267e+00 -3.258886e+01
vertex 3.734963e+01 -2.391438e+00 -3.222148e+01
vertex 3.642765e+01 -2.085889e+00 -3.312271e+01
endloop
endfacet
facet normal 0 0 0
outer loop
vertex 4.541303e+01 2.015267e+00 -1.816868e+01
vertex 4.483064e+01 2.540000e+00 -1.764660e+01
vertex 4.523804e+01 2.390928e+00 -1.767505e+01
endloop
endfacet
facet normal 0 0 0
outer loop
vertex 1.419233e+01 2.870102e-02 -3.380468e+01
vertex 1.504867e+01 2.673241e-02 -3.433442e+01
vertex 1.439563e+01 -1.046825e+00 -3.372908e+01
endloop
endfacet
facet normal 0 0 0
outer loop
vertex 3.080680e+01 1.144498e+00 3.587449e+00
vertex 3.053439e+01 5.854939e-02 3.864343e+00
vertex 3.150549e+01 -1.776389e-02 3.558467e+00
endloop
endfacet
facet normal 0 0 0
outer loop
vertex 1.889600e+01 2.540000e+00 -3.394552e+01
vertex 1.744927e+01 2.540000e+00 -3.447256e+01
vertex 1.794520e+01 2.540000e+00 -3.339004e+01
endloop
endfacet
facet normal 0 0 0
outer loop
vertex 3.860730e+01 -2.531442e+00 -3.072660e+01
vertex 3.784895e+01 -2.531442e+00 -3.136293e+01
vertex 3.851858e+01 -2.374313e+00 -3.126534e+01
endloop
endfacet
facet normal 0 0 0
outer loop
vertex 3.782404e+01 2.535721e+00 -9.997058e-01
vertex 3.854317e+01 2.392230e+00 -1.110927e+00
vertex 3.855750e+01 2.540000e+00 -1.662876e+00
endloop
endfacet
facet normal 0 0 0
outer loop
vertex 4.020527e+01 -2.015267e+00 -2.476198e+00
vertex 4.087790e+01 -2.015267e+00 -3.218331e+00
vertex 4.074030e+01 -1.008250e+00 -2.786401e+00
endloop
endfacet
facet normal 0 0 0
outer loop
vertex 2.952550e+01 2.540000e+00 -1.566411e+01
vertex 2.796398e+01 2.540000e+00 -1.615443e+01
vertex 2.830071e+01 2.540000e+00 -1.507470e+01
endloop
endfacet
facet normal 0 0 0
outer loop
vertex 2.310489e+01 -2.535663e+00 1.467431e+00
vertex 2.431771e+01 -2.540000e+00 7.071755e-01
vertex 2.436697e+01 -2.540000e+00 1.856053e+00
endloop
endfacet
facet normal 0 0 0
outer loop
vertex 1.558046e+01 -2.540000e+00 -3.337914e+01
vertex 1.474289e+01 -2.531442e+00 -3.311459e+01
vertex 1.585324e+01 -2.373761e+00 -3.413271e+01
endloop
endfacet
facet normal 0 0 0
outer loop
vertex 3.632780e+01 -2.522883e+00 3.020248e-01
vertex 3.585239e+01 -2.540000e+00 -6.975029e-01
vertex 3.711984e+01 -2.522883e+00 -2.979207e-01
endloop
endfacet
facet normal 0 0 0
outer loop
vertex 1.020785e+01 -2.531442e+00 -2.930924e+01
vertex 9.204704e+00 -2.391438e+00 -2.861162e+01
vertex 1.003326e+01 -2.367077e+00 -2.963882e+01
endloop
endfacet
facet normal 0 0 0
outer loop
vertex 2.248553e+01 -5.685829e-02 4.420073e+00
vertex 2.061742e+01 0.000000e+00 4.110703e+00
vertex 2.177248e+01 -1.041186e+00 4.130490e+00
endloop
endfacet
facet normal 0 0 0
outer loop
vertex 2.177248e+01 -1.041186e+00 4.130490e+00
vertex 2.061742e+01 0.000000e+00 4.110703e+00
vertex 2.084577e+01 -1.258251e+00 3.928575e+00
endloop
endfacet
facet normal 0 0 0
outer loop
vertex 5.736349e+00 2.531442e+00 -1.174855e+01
vertex 6.999605e+00 2.540000e+00 -1.104842e+01
vertex 6.712577e+00 2.537860e+00 -1.212797e+01
endloop
endfacet
facet normal 0 0 0
outer loop
vertex 2.552324e+01 -2.540000e+00 2.153054e+00
vertex 2.572227e+01 -2.540000e+00 3.253259e+00
vertex 2.460626e+01 -2.540000e+00 3.545527e+00
endloop
endfacet
facet normal 0 0 0
outer loop
vertex 7.399487e+00 1.050701e+00 -2.663393e+01
vertex 7.941512e+00 1.130036e-02 -2.784076e+01
vertex 7.247128e+00 -8.389153e-02 -2.670430e+01
endloop
endfacet
facet normal 0 0 0
outer loop
vertex 7.247128e+00 -8.389153e-02 -2.670430e+01
vertex 7.941512e+00 1.130036e-02 -2.784076e+01
vertex 7.482643e+00 -1.077633e+00 -2.676323e+01
endloop
endfacet
facet normal 0 0 0
outer loop
vertex 2.290715e+01 -2.540000e+00 -1.951908e+00
vertex 2.296034e+01 -2.540000e+00 -1.439825e-01
vertex 2.149162e+01 -2.540000e+00 9.649148e-02
endloop
endfacet
facet normal 0 0 0
outer loop
vertex 4.080537e+01 2.540000e+00 -2.684818e+01
vertex 4.017148e+01 2.540000e+00 -2.778049e+01
vertex 3.941341e+01 2.540000e+00 -2.667683e+01
endloop
endfacet
facet normal 0 0 0
outer loop
vertex 3.691516e+01 2.540000e+00 -2.935983e+01
vertex 3.833401e+01 2.540000e+00 -2.851359e+01
vertex 3.818419e+01 2.540000e+00 -2.986838e+01
endloop
endfacet
facet normal 0 0 0
outer loop
vertex 2.805884e+01 -2.531442e+00 -3.580647e+01
vertex 2.704748e+01 -2.540000e+00 -3.583418e+01
vertex 2.762477e+01 -2.396328e+00 -3.618814e+01
endloop
endfacet
facet normal 0 0 0
outer loop
vertex 1.117819e+01 -9.052367e-01 -3.133817e+01
vertex 1.189731e+01 -1.297798e+00 -3.189493e+01
vertex 1.143970e+01 -1.869046e+00 -3.133984e+01
endloop
endfacet
facet normal 0 0 0
outer loop
vertex 2.410884e+01 2.531442e+00 3.667805e+00
vertex 2.325071e+01 2.540000e+00 2.854725e+00
vertex 2.309012e+01 2.540000e+00 3.483338e+00
endloop
endfacet
facet normal 0 0 0
outer loop
vertex 9.187366e+00 2.540000e+00 -2.380631e+01
vertex 1.058481e+01 2.540000e+00 -2.417297e+01
vertex 9.464489e+00 2.540000e+00 -2.527681e+01
endloop
endfacet
facet normal 0 0 0
outer loop
vertex 2.410884e+01 2.531442e+00 3.667805e+00
vertex 2.309012e+01 2.540000e+00 3.483338e+00
vertex 2.348568e+01 2.391438e+00 3.957365e+00
endloop
endfacet
facet normal 0 0 0
outer loop
vertex 3.826954e+01 -2.540000e+00 -7.881556e+00
vertex 3.909268e+01 -2.540000e+00 -5.946422e+00
vertex 3.761844e+01 -2.540000e+00 -6.133956e+00
endloop
endfacet
facet normal 0 0 0
outer loop
vertex 3.684559e+01 -2.540000e+00 -7.552958e+00
vertex 3.826954e+01 -2.540000e+00 -7.881556e+00
vertex 3.761844e+01 -2.540000e+00 -6.133956e+00
endloop
endfacet
facet normal 0 0 0
outer loop
vertex 2.887394e+01 -1.135904e+00 4.048180e+00
vertex 2.951142e+01 2.398679e-02 4.089531e+00
vertex 2.848844e+01 -1.057582e-02 4.314719e+00
endloop
endfacet
facet normal 0 0 0
outer loop
vertex 2.109218e+01 2.540000e+00 -1.286430e+01
vertex 2.006723e+01 2.540000e+00 -1.160454e+01
vertex 2.146180e+01 2.540000e+00 -1.155781e+01
endloop
endfacet
facet normal 0 0 0
outer loop
vertex 1.104810e+01 1.143586e-02 -9.099555e-01
vertex 1.048361e+01 1.087668e+00 -1.686177e+00
vertex 1.020824e+01 3.647228e-02 -1.703578e+00
endloop
endfacet
facet normal 0 0 0
outer loop
vertex 3.453808e+01 -2.540000e+00 5.247930e-01
vertex 3.332220e+01 -2.525098e+00 7.340227e-01
vertex 3.447646e+01 -2.540000e+00 -4.564837e-01
endloop
endfacet
facet normal 0 0 0
outer loop
vertex 3.818419e+01 2.540000e+00 -2.986838e+01
vertex 3.833401e+01 2.540000e+00 -2.851359e+01
vertex 3.900599e+01 2.540000e+00 -2.931107e+01
endloop
endfacet
facet normal 0 0 0
outer loop
vertex 2.409945e+01 2.085889e+00 4.174387e+00
vertex 2.499147e+01 2.391438e+00 4.024766e+00
vertex 2.348568e+01 2.391438e+00 3.957365e+00
endloop
endfacet
facet normal 0 0 0
outer loop
vertex 2.410884e+01 2.531442e+00 3.667805e+00
vertex 2.348568e+01 2.391438e+00 3.957365e+00
vertex 2.499147e+01 2.391438e+00 4.024766e+00
endloop
endfacet
facet normal 0 0 0
outer loop
vertex 2.936626e+01 2.540000e+00 -4.661295e+00
vertex 2.888359e+01 2.540000e+00 -6.154752e+00
vertex 2.783122e+01 2.540000e+00 -4.972694e+00
endloop
endfacet
facet normal 0 0 0
outer loop
vertex 4.563233e+00 1.077931e+00 -1.529472e+01
vertex 4.538268e+00 1.122666e+00 -1.636187e+01
vertex 4.333736e+00 0.000000e+00 -1.610987e+01
endloop
endfacet
facet normal 0 0 0
outer loop
vertex 2.319222e+01 2.540000e+00 -1.290171e+00
vertex 2.210029e+01 2.540000e+00 -3.946685e-01
vertex 2.304665e+01 2.540000e+00 5.372167e-01
endloop
endfacet
facet normal 0 0 0
outer loop
vertex 4.538268e+00 1.122666e+00 -1.636187e+01
vertex 4.557078e+00 1.007633e+00 -1.717009e+01
vertex 4.333736e+00 0.000000e+00 -1.610987e+01
endloop
endfacet
facet normal 0 0 0
outer loop
vertex 3.228160e+01 -2.540000e+00 1.129566e+00
vertex 3.112049e+01 -2.540000e+00 1.472955e+00
vertex 3.196264e+01 -2.540000e+00 1.524994e-01
endloop
endfacet
facet normal 0 0 0
outer loop
vertex 2.574763e+01 -2.535721e+00 -3.494662e+01
vertex 2.687205e+01 -2.540000e+00 -3.521405e+01
vertex 2.738679e+01 -2.540000e+00 -3.450899e+01
endloop
endfacet
facet normal 0 0 0
outer loop
vertex 4.191109e+01 -2.540000e+00 -1.938532e+01
vertex 4.319994e+01 -2.540000e+00 -1.929422e+01
vertex 4.245246e+01 -2.540000e+00 -1.811808e+01
endloop
endfacet
facet normal 0 0 0
outer loop
vertex 8.940089e+00 -4.075333e-03 -2.920915e+01
vertex 9.754761e+00 1.224683e+00 -2.981112e+01
vertex 1.032707e+01 3.372902e-02 -3.075007e+01
endloop
endfacet
facet normal 0 0 0
outer loop
vertex 9.754761e+00 1.224683e+00 -2.981112e+01
vertex 1.040001e+01 1.205445e+00 -3.052824e+01
vertex 1.032707e+01 3.372902e-02 -3.075007e+01
endloop
endfacet
facet normal 0 0 0
outer loop
vertex 4.563233e+00 1.077931e+00 -1.529472e+01
vertex 4.686275e+00 2.015267e+00 -1.616790e+01
vertex 4.538268e+00 1.122666e+00 -1.636187e+01
endloop
endfacet
facet normal 0 0 0
outer loop
vertex 3.940884e+01 -1.343461e-02 -1.134278e+00
vertex 3.941961e+01 -1.167114e+00 -1.417886e+00
vertex 4.006767e+01 -1.008250e+00 -2.044268e+00
endloop
endfacet
facet normal 0 0 0
outer loop
vertex 3.878637e+01 -1.032878e+00 -8.088559e-01
vertex 3.941961e+01 -1.167114e+00 -1.417886e+00
vertex 3.940884e+01 -1.343461e-02 -1.134278e+00
endloop
endfacet
facet normal 0 0 0
outer loop
vertex 4.563233e+00 1.077931e+00 -1.529472e+01
vertex 4.784567e+00 2.015267e+00 -1.416712e+01
vertex 4.686275e+00 2.015267e+00 -1.616790e+01
endloop
endfacet
facet normal 0 0 0
outer loop
vertex 1.419980e+01 -2.397151e+00 -3.315137e+01
vertex 1.486384e+01 -2.355026e+00 -3.360075e+01
vertex 1.474289e+01 -2.531442e+00 -3.311459e+01
endloop
endfacet
facet normal 0 0 0
outer loop
vertex 1.486384e+01 -2.355026e+00 -3.360075e+01
vertex 1.449312e+01 -1.919938e+00 -3.360113e+01
vertex 1.548637e+01 -2.085889e+00 -3.415149e+01
endloop
endfacet
facet normal 0 0 0
outer loop
vertex 7.446600e+00 -2.538437e+00 -7.227814e+00
vertex 7.085097e+00 -2.540000e+00 -8.039808e+00
vertex 8.194669e+00 -2.540000e+00 -8.019595e+00
endloop
endfacet
facet normal 0 0 0
outer loop
vertex 4.393053e+01 1.985445e+00 -2.404962e+01
vertex 4.428348e+01 1.086274e+00 -2.358404e+01
vertex 4.387359e+01 1.084749e+00 -2.456666e+01
endloop
endfacet
facet normal 0 0 0
outer loop
vertex 3.709059e+01 -2.531442e+00 -3.199927e+01
vertex 3.627265e+01 -2.531442e+00 -3.255693e+01
vertex 3.664744e+01 -2.397493e+00 -3.271092e+01
endloop
endfacet
facet normal 0 0 0
outer loop
vertex 3.296082e+01 2.085889e+00 -3.498260e+01
vertex 3.313505e+01 2.367625e+00 -3.470087e+01
vertex 3.387095e+01 2.085889e+00 -3.454821e+01
endloop
endfacet
facet normal 0 0 0
outer loop
vertex 4.272003e+01 -2.540000e+00 -1.028134e+01
vertex 4.397093e+01 -2.522883e+00 -9.827203e+00
vertex 4.261059e+01 -2.540000e+00 -8.957909e+00
endloop
endfacet
facet normal 0 0 0
outer loop
vertex 2.526727e+01 -2.540000e+00 -3.374684e+01
vertex 2.574763e+01 -2.535721e+00 -3.494662e+01
vertex 2.637553e+01 -2.540000e+00 -3.414804e+01
endloop
endfacet
facet normal 0 0 0
outer loop
vertex 2.526727e+01 -2.540000e+00 -3.374684e+01
vertex 2.469588e+01 -2.540000e+00 -3.500187e+01
vertex 2.574763e+01 -2.535721e+00 -3.494662e+01
endloop
endfacet
facet normal 0 0 0
outer loop
vertex 2.707497e+01 2.529302e+00 -3.589844e+01
vertex 2.806606e+01 2.522883e+00 -3.585437e+01
vertex 2.683118e+01 2.416567e+00 -3.623197e+01
endloop
endfacet
facet normal 0 0 0
outer loop
vertex 9.192727e+00 2.540000e+00 -8.720344e+00
vertex 8.260965e+00 2.540000e+00 -7.644338e+00
vertex 9.451264e+00 2.540000e+00 -7.032623e+00
endloop
endfacet
facet normal 0 0 0
outer loop
vertex 4.236781e+01 -2.540000e+00 -1.674656e+01
vertex 4.353940e+01 -2.540000e+00 -1.565775e+01
vertex 4.203341e+01 -2.540000e+00 -1.534965e+01
endloop
endfacet
facet normal 0 0 0
outer loop
vertex 2.896749e+01 2.540000e+00 1.969107e+00
vertex 2.999950e+01 2.531442e+00 3.078355e+00
vertex 3.064935e+01 2.540000e+00 1.744818e+00
endloop
endfacet
facet normal 0 0 0
outer loop
vertex 2.180308e+01 1.014515e+00 4.125870e+00
vertex 2.061742e+01 0.000000e+00 4.110703e+00
vertex 2.248553e+01 -5.685829e-02 4.420073e+00
endloop
endfacet
facet normal 0 0 0
outer loop
vertex 2.090588e+01 1.109259e+00 3.970875e+00
vertex 2.061742e+01 0.000000e+00 4.110703e+00
vertex 2.180308e+01 1.014515e+00 4.125870e+00
endloop
endfacet
facet normal 0 0 0
outer loop
vertex 3.698662e+01 -2.540000e+00 -3.021087e+01
vertex 3.610188e+01 -2.540000e+00 -3.146239e+01
vertex 3.709059e+01 -2.531442e+00 -3.199927e+01
endloop
endfacet
facet normal 0 0 0
outer loop
vertex 2.537553e+01 2.540000e+00 -3.461067e+01
vertex 2.371931e+01 2.540000e+00 -3.484164e+01
vertex 2.422865e+01 2.540000e+00 -3.388455e+01
endloop
endfacet
facet normal 0 0 0
outer loop
vertex 1.271978e+01 2.501716e+00 -3.180130e+01
vertex 1.334737e+01 2.533094e+00 -3.213754e+01
vertex 1.295382e+01 2.306012e+00 -3.221247e+01
endloop
endfacet
facet normal 0 0 0
outer loop
vertex 3.540131e+01 -1.033333e+00 -3.397684e+01
vertex 3.470126e+01 -2.156511e+00 -3.413285e+01
vertex 3.439851e+01 -1.225195e+00 -3.448617e+01
endloop
endfacet
facet normal 0 0 0
outer loop
vertex 2.983138e+01 1.042944e+00 -3.618377e+01
vertex 2.858788e+01 4.911426e-02 -3.663118e+01
vertex 2.870838e+01 1.147094e+00 -3.640678e+01
endloop
endfacet
facet normal 0 0 0
outer loop
vertex 3.804756e+01 8.660421e-01 -1.396857e-01
vertex 3.710585e+01 9.079675e-01 5.670741e-01
vertex 3.769804e+01 4.132231e-03 3.400178e-01
endloop
endfacet
facet normal 0 0 0
outer loop
vertex 4.012889e+01 -1.037621e+00 -3.021737e+01
vertex 3.918893e+01 -2.793678e-02 -3.141434e+01
vertex 3.996350e+01 3.485020e-02 -3.062274e+01
endloop
endfacet
facet normal 0 0 0
outer loop
vertex 2.484933e+01 1.110049e+00 4.400333e+00
vertex 2.479196e+01 5.309806e-02 4.580310e+00
vertex 2.585008e+01 1.011086e+00 4.378570e+00
endloop
endfacet
facet normal 0 0 0
outer loop
vertex 2.384853e+01 1.042944e+00 4.359600e+00
vertex 2.479196e+01 5.309806e-02 4.580310e+00
vertex 2.484933e+01 1.110049e+00 4.400333e+00
endloop
endfacet
facet normal 0 0 0
outer loop
vertex 2.910809e+01 -2.085889e+00 3.825426e+00
vertex 2.981085e+01 -1.078771e+00 3.849549e+00
vertex 2.887394e+01 -1.135904e+00 4.048180e+00
endloop
endfacet
facet normal 0 0 0
outer loop
vertex 1.048361e+01 1.087668e+00 -1.686177e+00
vertex 9.978268e+00 1.887188e+00 -2.457109e+00
vertex 9.786691e+00 1.042944e+00 -2.446525e+00
endloop
endfacet
facet normal 0 0 0
outer loop
vertex 2.324302e+01 2.540000e+00 -2.559144e+01
vertex 2.416806e+01 2.540000e+00 -2.631892e+01
vertex 2.278861e+01 2.540000e+00 -2.691813e+01
endloop
endfacet
facet normal 0 0 0
outer loop
vertex 3.996350e+01 3.485020e-02 -3.062274e+01
vertex 3.918893e+01 -2.793678e-02 -3.141434e+01
vertex 3.930440e+01 1.164512e+00 -3.102408e+01
endloop
endfacet
facet normal 0 0 0
outer loop
vertex 4.043899e+01 -2.534081e+00 -2.360247e+01
vertex 4.089832e+01 -2.540000e+00 -2.194892e+01
vertex 3.908385e+01 -2.540000e+00 -2.287161e+01
endloop
endfacet
facet normal 0 0 0
outer loop
vertex 2.704748e+01 -2.540000e+00 -3.583418e+01
vertex 2.662081e+01 -2.391438e+00 -3.629992e+01
vertex 2.762477e+01 -2.396328e+00 -3.618814e+01
endloop
endfacet
facet normal 0 0 0
outer loop
vertex 3.448456e+01 -2.540000e+00 -3.069145e+01
vertex 3.610188e+01 -2.540000e+00 -3.146239e+01
vertex 3.698662e+01 -2.540000e+00 -3.021087e+01
endloop
endfacet
facet normal 0 0 0
outer loop
vertex 2.652225e+01 -7.767856e-02 -3.687018e+01
vertex 2.858788e+01 4.911426e-02 -3.663118e+01
vertex 2.763727e+01 -8.987043e-01 -3.660456e+01
endloop
endfacet
facet normal 0 0 0
outer loop
vertex 1.454654e+01 2.540000e+00 -2.925811e+01
vertex 1.335967e+01 2.540000e+00 -2.941082e+01
vertex 1.445366e+01 2.540000e+00 -2.794565e+01
endloop
endfacet
facet normal 0 0 0
outer loop
vertex 1.704753e+01 -1.048245e+00 2.773817e+00
vertex 1.730345e+01 -2.156511e+00 2.651747e+00
vertex 1.804879e+01 -1.098920e+00 3.142425e+00
endloop
endfacet
facet normal 0 0 0
outer loop
vertex 4.521015e+01 -9.919656e-01 -2.056041e+01
vertex 4.509837e+01 -2.085889e+00 -2.014606e+01
vertex 4.485525e+01 -2.085889e+00 -2.111663e+01
endloop
endfacet
facet normal 0 0 0
outer loop
vertex 6.679441e+00 2.540000e+00 -2.339697e+01
vertex 7.294114e+00 2.540000e+00 -2.255401e+01
vertex 7.986281e+00 2.540000e+00 -2.340294e+01
endloop
endfacet
facet normal 0 0 0
outer loop
vertex 1.763696e+01 -2.540000e+00 -3.706954e+00
vertex 1.853466e+01 -2.540000e+00 -5.229502e+00
vertex 1.951006e+01 -2.540000e+00 -3.776684e+00
endloop
endfacet
facet normal 0 0 0
outer loop
vertex 4.004534e+01 -2.540000e+00 -2.722977e+01
vertex 4.122421e+01 -2.531442e+00 -2.776128e+01
vertex 4.111631e+01 -2.540000e+00 -2.642356e+01
endloop
endfacet
facet normal 0 0 0
outer loop
vertex 4.068495e+01 6.970040e-02 -2.986992e+01
vertex 4.007664e+01 9.770124e-01 -3.028972e+01
vertex 4.073021e+01 1.227791e+00 -2.950071e+01
endloop
endfacet
facet normal 0 0 0
outer loop
vertex 4.073021e+01 1.227791e+00 -2.950071e+01
vertex 4.007664e+01 9.770124e-01 -3.028972e+01
vertex 4.020527e+01 2.015267e+00 -2.985960e+01
endloop
endfacet
facet normal 0 0 0
outer loop
vertex 2.916973e+01 -2.532766e+00 -2.433622e+01
vertex 3.095146e+01 -2.540000e+00 -2.413200e+01
vertex 3.001719e+01 -2.540000e+00 -2.328120e+01
endloop
endfacet
facet normal 0 0 0
outer loop
vertex 2.857222e+01 -2.540000e+00 -2.264918e+01
vertex 2.916973e+01 -2.532766e+00 -2.433622e+01
vertex 3.001719e+01 -2.540000e+00 -2.328120e+01
endloop
endfacet
facet normal 0 0 0
outer loop
vertex 1.733557e+01 2.391438e+00 -3.480951e+01
vertex 1.835785e+01 2.540000e+00 -3.477427e+01
vertex 1.836943e+01 2.391438e+00 -3.518343e+01
endloop
endfacet
facet normal 0 0 0
outer loop
vertex 1.744927e+01 2.540000e+00 -3.447256e+01
vertex 1.835785e+01 2.540000e+00 -3.477427e+01
vertex 1.733557e+01 2.391438e+00 -3.480951e+01
endloop
endfacet
facet normal 0 0 0
outer loop
vertex 2.608388e+01 2.535721e+00 -3.594252e+01
vertex 2.563751e+01 2.437366e+00 -3.626653e+01
vertex 2.461034e+01 2.533581e+00 -3.593682e+01
endloop
endfacet
facet normal 0 0 0
outer loop
vertex 9.628567e+00 2.540000e+00 -2.850500e+01
vertex 1.019638e+01 2.540000e+00 -2.734838e+01
vertex 1.057057e+01 2.540000e+00 -2.819439e+01
endloop
endfacet
facet normal 0 0 0
outer loop
vertex 1.166598e+01 -2.540000e+00 -2.942145e+01
vertex 1.239881e+01 -2.540000e+00 -3.017020e+01
vertex 1.330164e+01 -2.540000e+00 -2.927381e+01
endloop
endfacet
facet normal 0 0 0
outer loop
vertex 1.858840e+01 -2.540000e+00 -8.785210e+00
vertex 1.651672e+01 -2.540000e+00 -8.403537e+00
vertex 1.764261e+01 -2.540000e+00 -9.852394e+00
endloop
endfacet
facet normal 0 0 0
outer loop
vertex 4.172169e+01 -2.540000e+00 -2.524311e+01
vertex 4.111631e+01 -2.540000e+00 -2.642356e+01
vertex 4.229840e+01 -2.531442e+00 -2.609809e+01
endloop
endfacet
facet normal 0 0 0
outer loop
vertex 5.099234e+00 -2.085889e+00 -2.014606e+01
vertex 5.342349e+00 -2.085889e+00 -2.111663e+01
vertex 5.344655e+00 -2.408424e+00 -2.019477e+01
endloop
endfacet
facet normal 0 0 0
outer loop
vertex 3.272799e+01 -2.540000e+00 -3.428703e+01
vertex 3.334683e+01 -2.391438e+00 -3.459346e+01
vertex 3.374767e+01 -2.522883e+00 -3.412746e+01
endloop
endfacet
facet normal 0 0 0
outer loop
vertex 6.039174e+00 2.535721e+00 -1.080725e+01
vertex 6.999605e+00 2.540000e+00 -1.104842e+01
vertex 5.736349e+00 2.531442e+00 -1.174855e+01
endloop
endfacet
facet normal 0 0 0
outer loop
vertex 4.471357e+01 -2.767430e-02 -2.296392e+01
vertex 4.392941e+01 -9.466412e-02 -2.488466e+01
vertex 4.428348e+01 1.086274e+00 -2.358404e+01
endloop
endfacet
facet normal 0 0 0
outer loop
vertex 4.432365e+01 -1.049877e+00 -2.349598e+01
vertex 4.392941e+01 -9.466412e-02 -2.488466e+01
vertex 4.471357e+01 -2.767430e-02 -2.296392e+01
endloop
endfacet
facet normal 0 0 0
outer loop
vertex 1.876961e+01 1.245395e+00 3.371704e+00
vertex 1.821115e+01 1.867224e+00 3.050326e+00
vertex 1.794103e+01 1.005544e+00 3.121163e+00
endloop
endfacet
facet normal 0 0 0
outer loop
vertex 1.821115e+01 1.867224e+00 3.050326e+00
vertex 1.729536e+01 2.085889e+00 2.671281e+00
vertex 1.794103e+01 1.005544e+00 3.121163e+00
endloop
endfacet
facet normal 0 0 0
outer loop
vertex 1.473999e+01 2.540000e+00 -3.037829e+01
vertex 1.335967e+01 2.540000e+00 -2.941082e+01
vertex 1.454654e+01 2.540000e+00 -2.925811e+01
endloop
endfacet
facet normal 0 0 0
outer loop
vertex 3.633713e+01 -2.540000e+00 -6.472584e+00
vertex 3.684559e+01 -2.540000e+00 -7.552958e+00
vertex 3.761844e+01 -2.540000e+00 -6.133956e+00
endloop
endfacet
facet normal 0 0 0
outer loop
vertex 3.557308e+01 -2.540000e+00 -8.723906e+00
vertex 3.715034e+01 -2.540000e+00 -9.400777e+00
vertex 3.684559e+01 -2.540000e+00 -7.552958e+00
endloop
endfacet
facet normal 0 0 0
outer loop
vertex 4.245022e+01 0.000000e+00 -4.800138e+00
vertex 4.254109e+01 -9.892120e-01 -5.236151e+00
vertex 4.300008e+01 0.000000e+00 -5.639423e+00
endloop
endfacet
facet normal 0 0 0
outer loop
vertex 1.376996e+01 -2.085889e+00 -3.312271e+01
vertex 1.283995e+01 -1.946671e+00 -3.247486e+01
vertex 1.278136e+01 -1.163206e+00 -3.260950e+01
endloop
endfacet
facet normal 0 0 0
outer loop
vertex 4.145758e+01 2.085889e+00 -4.035399e+00
vertex 4.206241e+01 9.672836e-01 -4.498923e+00
vertex 4.205362e+01 2.085889e+00 -4.839055e+00
endloop
endfacet
facet normal 0 0 0
outer loop
vertex 2.159057e+01 -2.540000e+00 -2.190876e+01
vertex 1.953791e+01 -2.540000e+00 -2.144690e+01
vertex 2.017720e+01 -2.540000e+00 -2.299612e+01
endloop
endfacet
facet normal 0 0 0
outer loop
vertex 2.039345e+01 -2.536381e+00 -2.053900e+01
vertex 1.953791e+01 -2.540000e+00 -2.144690e+01
vertex 2.159057e+01 -2.540000e+00 -2.190876e+01
endloop
endfacet
facet normal 0 0 0
outer loop
vertex 1.432684e+01 -1.055323e+00 1.349670e+00
vertex 1.330130e+01 0.000000e+00 9.237232e-01
vertex 1.351681e+01 -1.166298e+00 8.184418e-01
endloop
endfacet
facet normal 0 0 0
outer loop
vertex 7.958055e+00 2.391438e+00 -5.509099e+00
vertex 8.482350e+00 2.406610e+00 -4.748032e+00
vertex 8.613872e+00 2.540000e+00 -5.523174e+00
endloop
endfacet
facet normal 0 0 0
outer loop
vertex 7.899196e+00 -2.531442e+00 -2.609810e+01
vertex 8.438641e+00 -2.533643e+00 -2.692791e+01
vertex 9.078528e+00 -2.540000e+00 -2.599778e+01
endloop
endfacet
facet normal 0 0 0
outer loop
vertex 2.313680e+01 2.531442e+00 -3.593114e+01
vertex 2.216540e+01 2.531442e+00 -3.578588e+01
vertex 2.249821e+01 2.540000e+00 -3.496276e+01
endloop
endfacet
facet normal 0 0 0
outer loop
vertex 3.332220e+01 -2.525098e+00 7.340227e-01
vertex 3.228160e+01 -2.540000e+00 1.129566e+00
vertex 3.196264e+01 -2.540000e+00 1.524994e-01
endloop
endfacet
facet normal 0 0 0
outer loop
vertex 1.787480e+01 -2.540000e+00 -1.989278e-01
vertex 1.828566e+01 -2.535780e+00 1.310890e+00
vertex 1.742470e+01 -2.540000e+00 1.153649e+00
endloop
endfacet
facet normal 0 0 0
outer loop
vertex 6.632401e+00 2.540000e+00 -2.066506e+01
vertex 6.051189e+00 2.540000e+00 -2.152707e+01
vertex 5.831715e+00 2.540000e+00 -2.056549e+01
endloop
endfacet
facet normal 0 0 0
outer loop
vertex 2.279178e+01 -1.036062e+00 4.283203e+00
vertex 2.248553e+01 -5.685829e-02 4.420073e+00
vertex 2.177248e+01 -1.041186e+00 4.130490e+00
endloop
endfacet
facet normal 0 0 0
outer loop
vertex 1.866240e+01 -2.391438e+00 2.943987e+00
vertex 1.917949e+01 -2.085889e+00 3.345436e+00
vertex 1.814100e+01 -2.015267e+00 2.996284e+00
endloop
endfacet
facet normal 0 0 0
outer loop
vertex 2.662081e+01 -2.391438e+00 -3.629992e+01
vertex 2.609712e+01 -2.121200e+00 -3.649967e+01
vertex 2.709543e+01 -2.156511e+00 -3.644005e+01
endloop
endfacet
facet normal 0 0 0
outer loop
vertex 3.020125e+01 -2.391438e+00 -3.568880e+01
vertex 2.999950e+01 -2.531442e+00 -3.541415e+01
vertex 2.944131e+01 -2.391438e+00 -3.588397e+01
endloop
endfacet
facet normal 0 0 0
outer loop
vertex 2.944131e+01 -2.391438e+00 -3.588397e+01
vertex 3.004447e+01 -2.121200e+00 -3.591423e+01
vertex 3.020125e+01 -2.391438e+00 -3.568880e+01
endloop
endfacet
facet normal 0 0 0
outer loop
vertex 1.510519e+01 -6.473331e-02 2.019382e+00
vertex 1.605458e+01 -1.018695e+00 2.308502e+00
vertex 1.680740e+01 1.262737e-02 2.870563e+00
endloop
endfacet
facet normal 0 0 0
outer loop
vertex 4.528504e+01 -2.391438e+00 -1.671721e+01
vertex 4.545166e+01 -2.050578e+00 -1.716725e+01
vertex 4.551133e+01 -2.015267e+00 -1.616790e+01
endloop
endfacet
facet normal 0 0 0
outer loop
vertex 2.918960e+01 -2.540000e+00 -2.775208e+01
vertex 3.057257e+01 -2.540000e+00 -2.697051e+01
vertex 2.916973e+01 -2.531754e+00 -2.596671e+01
endloop
endfacet
facet normal 0 0 0
outer loop
vertex 3.854910e+01 2.540000e+00 -2.564437e+00
vertex 3.762709e+01 2.540000e+00 -2.651666e+00
vertex 3.855750e+01 2.540000e+00 -1.662876e+00
endloop
endfacet
facet normal 0 0 0
outer loop
vertex 4.546218e+01 -2.015267e+00 -1.516751e+01
vertex 4.551133e+01 -2.015267e+00 -1.616790e+01
vertex 4.566625e+01 -1.024643e+00 -1.551539e+01
endloop
endfacet
facet normal 0 0 0
outer loop
vertex 2.499147e+01 2.391438e+00 4.024766e+00
vertex 2.608876e+01 2.531442e+00 3.667805e+00
vertex 2.509880e+01 2.531442e+00 3.667805e+00
endloop
endfacet
facet normal 0 0 0
outer loop
vertex 9.090189e+00 2.408013e+00 -3.927309e+00
vertex 8.740017e+00 2.085889e+00 -4.035399e+00
vertex 9.336048e+00 2.085889e+00 -3.231744e+00
endloop
endfacet
facet normal 0 0 0
outer loop
vertex 2.363875e+01 -1.880118e-03 4.500191e+00
vertex 2.279178e+01 -1.036062e+00 4.283203e+00
vertex 2.397214e+01 -1.157961e+00 4.348350e+00
endloop
endfacet
facet normal 0 0 0
outer loop
vertex 1.424460e+01 9.005948e-01 1.329537e+00
vertex 1.330130e+01 0.000000e+00 9.237232e-01
vertex 1.510519e+01 -6.473331e-02 2.019382e+00
endloop
endfacet
facet normal 0 0 0
outer loop
vertex 1.510519e+01 -6.473331e-02 2.019382e+00
vertex 1.330130e+01 0.000000e+00 9.237232e-01
vertex 1.432684e+01 -1.055323e+00 1.349670e+00
endloop
endfacet
facet normal 0 0 0
outer loop
vertex 8.525305e+00 1.042944e+00 -4.001211e+00
vertex 7.758673e+00 -8.407941e-02 -4.768004e+00
vertex 8.342923e+00 -5.485279e-02 -3.955295e+00
endloop
endfacet
facet normal 0 0 0
outer loop
vertex 1.227851e+01 2.540000e+00 -3.251151e+00
vertex 1.171410e+01 2.540000e+00 -4.861494e+00
vertex 1.092871e+01 2.540000e+00 -3.709334e+00
endloop
endfacet
facet normal 0 0 0
outer loop
vertex 4.057816e+01 -2.540000e+00 -1.190173e+01
vertex 4.171465e+01 -2.540000e+00 -1.299862e+01
vertex 4.252271e+01 -2.540000e+00 -1.191447e+01
endloop
endfacet
facet normal 0 0 0
outer loop
vertex 4.252271e+01 -2.540000e+00 -1.191447e+01
vertex 4.132500e+01 -2.540000e+00 -1.039051e+01
vertex 4.057816e+01 -2.540000e+00 -1.190173e+01
endloop
endfacet
facet normal 0 0 0
outer loop
vertex 8.525305e+00 1.042944e+00 -4.001211e+00
vertex 7.965505e+00 1.021020e+00 -4.757658e+00
vertex 7.758673e+00 -8.407941e-02 -4.768004e+00
endloop
endfacet
facet normal 0 0 0
outer loop
vertex 4.292015e+01 -2.540000e+00 -2.304502e+01
vertex 4.399442e+01 -2.522883e+00 -2.251649e+01
vertex 4.327158e+01 -2.540000e+00 -2.148635e+01
endloop
endfacet
facet normal 0 0 0
outer loop
vertex 2.907696e+01 2.085889e+00 3.831667e+00
vertex 3.004753e+01 2.085889e+00 3.588552e+00
vertex 2.968332e+01 2.364630e+00 3.513782e+00
endloop
endfacet
facet normal 0 0 0
outer loop
vertex 4.488795e+01 1.022419e+00 -2.180765e+01
vertex 4.520453e+01 -5.797914e-02 -2.130123e+01
vertex 4.471357e+01 -2.767430e-02 -2.296392e+01
endloop
endfacet
facet normal 0 0 0
outer loop
vertex 2.472889e+01 2.540000e+00 2.269753e+00
vertex 2.325071e+01 2.540000e+00 2.854725e+00
vertex 2.410884e+01 2.531442e+00 3.667805e+00
endloop
endfacet
facet normal 0 0 0
outer loop
vertex 4.190036e+01 0.000000e+00 -2.837495e+01
vertex 4.239534e+01 -1.045398e+00 -2.730523e+01
vertex 4.137165e+01 -1.042076e+00 -2.875890e+01
endloop
endfacet
facet normal 0 0 0
outer loop
vertex 9.804966e+00 -2.540000e+00 -1.655046e+01
vertex 8.158564e+00 -2.540000e+00 -1.665302e+01
vertex 9.214545e+00 -2.540000e+00 -1.747757e+01
endloop
endfacet
facet normal 0 0 0
outer loop
vertex 3.804837e+01 -2.015267e+00 -3.194699e+01
vertex 3.718292e+01 -2.015267e+00 -3.258886e+01
vertex 3.774413e+01 -1.161434e+00 -3.237192e+01
endloop
endfacet
facet normal 0 0 0
outer loop
vertex 3.734963e+01 -2.391438e+00 -3.222148e+01
vertex 3.718292e+01 -2.015267e+00 -3.258886e+01
vertex 3.804837e+01 -2.015267e+00 -3.194699e+01
endloop
endfacet
facet normal 0 0 0
outer loop
vertex 4.176406e+01 2.540000e+00 -2.138200e+01
vertex 4.273196e+01 2.540000e+00 -2.072088e+01
vertex 4.227509e+01 2.540000e+00 -2.222802e+01
endloop
endfacet
facet normal 0 0 0
outer loop
vertex 4.176406e+01 2.540000e+00 -2.138200e+01
vertex 4.227509e+01 2.540000e+00 -2.222802e+01
vertex 4.079478e+01 2.540000e+00 -2.245236e+01
endloop
endfacet
facet normal 0 0 0
outer loop
vertex 3.385903e+01 2.540000e+00 -1.754454e+01
vertex 3.284518e+01 2.540000e+00 -1.849978e+01
vertex 3.245403e+01 2.540000e+00 -1.716546e+01
endloop
endfacet
facet normal 0 0 0
outer loop
vertex 4.122421e+01 2.531442e+00 -4.574522e+00
vertex 4.177059e+01 2.399380e+00 -4.802589e+00
vertex 4.229840e+01 2.531442e+00 -6.237704e+00
endloop
endfacet
facet normal 0 0 0
outer loop
vertex 4.229840e+01 2.531442e+00 -6.237704e+00
vertex 4.077600e+01 2.540000e+00 -6.544931e+00
vertex 4.122421e+01 2.531442e+00 -4.574522e+00
endloop
endfacet
facet normal 0 0 0
outer loop
vertex 4.229840e+01 2.531442e+00 -6.237704e+00
vertex 4.172840e+01 2.540000e+00 -7.197555e+00
vertex 4.077600e+01 2.540000e+00 -6.544931e+00
endloop
endfacet
facet normal 0 0 0
outer loop
vertex 3.106364e+01 2.085889e+00 -3.566731e+01
vertex 3.075746e+01 1.167911e+00 -3.593111e+01
vertex 3.008586e+01 2.085889e+00 -3.591427e+01
endloop
endfacet
facet normal 0 0 0
outer loop
vertex 4.258612e+01 -2.015267e+00 -5.686406e+00
vertex 4.207120e+01 -2.015267e+00 -4.827309e+00
vertex 4.206341e+01 -2.391438e+00 -5.210993e+00
endloop
endfacet
facet normal 0 0 0
outer loop
vertex 1.473999e+01 2.540000e+00 -3.037829e+01
vertex 1.358496e+01 2.540000e+00 -3.070848e+01
vertex 1.335967e+01 2.540000e+00 -2.941082e+01
endloop
endfacet
facet normal 0 0 0
outer loop
vertex 8.450661e+00 -2.540000e+00 -2.465315e+01
vertex 7.578924e+00 -2.540000e+00 -2.509780e+01
vertex 7.899196e+00 -2.531442e+00 -2.609810e+01
endloop
endfacet
facet normal 0 0 0
outer loop
vertex 8.450661e+00 -2.540000e+00 -2.465315e+01
vertex 7.899196e+00 -2.531442e+00 -2.609810e+01
vertex 9.078528e+00 -2.540000e+00 -2.599778e+01
endloop
endfacet
facet normal 0 0 0
outer loop
vertex 8.161566e+00 -2.156511e+00 -4.850801e+00
vertex 7.940227e+00 -1.100420e+00 -4.817131e+00
vertex 7.461979e+00 -9.821516e-01 -5.573568e+00
endloop
endfacet
facet normal 0 0 0
outer loop
vertex 2.918200e+01 2.525310e+00 -3.466916e+01
vertex 2.870597e+01 2.540000e+00 -3.368357e+01
vertex 2.990256e+01 2.540000e+00 -3.412648e+01
endloop
endfacet
facet normal 0 0 0
outer loop
vertex 8.161566e+00 -2.156511e+00 -4.850801e+00
vertex 7.461979e+00 -9.821516e-01 -5.573568e+00
vertex 7.647710e+00 -2.156511e+00 -5.708118e+00
endloop
endfacet
facet normal 0 0 0
outer loop
vertex 2.918200e+01 2.525310e+00 -3.466916e+01
vertex 2.837379e+01 2.540000e+00 -3.500205e+01
vertex 2.870597e+01 2.540000e+00 -3.368357e+01
endloop
endfacet
facet normal 0 0 0
outer loop
vertex 7.085097e+00 2.540000e+00 -2.429599e+01
vertex 7.490753e+00 2.540000e+00 -2.519502e+01
vertex 6.932404e+00 2.407009e+00 -2.457236e+01
endloop
endfacet
facet normal 0 0 0
outer loop
vertex 6.891854e+00 -2.387632e+00 -7.796439e+00
vertex 7.085097e+00 -2.540000e+00 -8.039808e+00
vertex 7.446600e+00 -2.538437e+00 -7.227814e+00
endloop
endfacet
facet normal 0 0 0
outer loop
vertex 5.391769e+00 -1.042944e+00 -2.209679e+01
vertex 5.342349e+00 -2.085889e+00 -2.111663e+01
vertex 5.113317e+00 -1.008868e+00 -2.102608e+01
endloop
endfacet
facet normal 0 0 0
outer loop
vertex 1.981647e+01 -2.540000e+00 -2.758315e+01
vertex 2.076493e+01 -2.540000e+00 -2.917674e+01
vertex 2.165330e+01 -2.540000e+00 -2.791175e+01
endloop
endfacet
facet normal 0 0 0
outer loop
vertex 3.818419e+01 2.540000e+00 -2.986838e+01
vertex 3.864025e+01 2.522883e+00 -3.076211e+01
vertex 3.745833e+01 2.540000e+00 -3.055659e+01
endloop
endfacet
facet normal 0 0 0
outer loop
vertex 2.416805e+01 -2.391438e+00 -3.634003e+01
vertex 2.258130e+01 -2.391438e+00 -3.619900e+01
vertex 2.310010e+01 -2.085889e+00 -3.646109e+01
endloop
endfacet
facet normal 0 0 0
outer loop
vertex 5.827765e+00 -2.391438e+00 -2.220146e+01
vertex 5.546886e+00 -2.391438e+00 -2.117823e+01
vertex 5.585464e+00 -2.085889e+00 -2.208721e+01
endloop
endfacet
facet normal 0 0 0
outer loop
vertex 1.048361e+01 1.087668e+00 -1.686177e+00
vertex 9.786691e+00 1.042944e+00 -2.446525e+00
vertex 1.020824e+01 3.647228e-02 -1.703578e+00
endloop
endfacet
facet normal 0 0 0
outer loop
vertex 4.484244e+01 -2.535721e+00 -1.764931e+01
vertex 4.380628e+01 -2.540000e+00 -1.762297e+01
vertex 4.480506e+01 -2.531442e+00 -1.863741e+01
endloop
endfacet
facet normal 0 0 0
outer loop
vertex 2.044431e+01 2.540000e+00 -3.321917e+01
vertex 2.123695e+01 2.540000e+00 -3.454369e+01
vertex 1.985537e+01 2.540000e+00 -3.414758e+01
endloop
endfacet
facet normal 0 0 0
outer loop
vertex 6.679441e+00 -2.540000e+00 -8.938834e+00
vertex 7.619668e+00 -2.540000e+00 -1.015710e+01
vertex 7.621570e+00 -2.540000e+00 -8.786391e+00
endloop
endfacet
facet normal 0 0 0
outer loop
vertex 6.679441e+00 -2.540000e+00 -8.938834e+00
vertex 6.365315e+00 -2.540000e+00 -9.873783e+00
vertex 7.619668e+00 -2.540000e+00 -1.015710e+01
endloop
endfacet
facet normal 0 0 0
outer loop
vertex 2.325071e+01 2.540000e+00 2.854725e+00
vertex 2.263724e+01 2.540000e+00 2.087115e+00
vertex 2.213876e+01 2.531442e+00 3.470669e+00
endloop
endfacet
facet normal 0 0 0
outer loop
vertex 1.605458e+01 -1.018695e+00 2.308502e+00
vertex 1.704753e+01 -1.048245e+00 2.773817e+00
vertex 1.680740e+01 1.262737e-02 2.870563e+00
endloop
endfacet
facet normal 0 0 0
outer loop
vertex 2.263724e+01 2.540000e+00 2.087115e+00
vertex 2.120472e+01 2.540000e+00 2.393504e+00
vertex 2.213876e+01 2.531442e+00 3.470669e+00
endloop
endfacet
facet normal 0 0 0
outer loop
vertex 3.761844e+01 -2.540000e+00 -6.133956e+00
vertex 3.808983e+01 -2.540000e+00 -4.912393e+00
vertex 3.649716e+01 -2.540000e+00 -4.840205e+00
endloop
endfacet
facet normal 0 0 0
outer loop
vertex 8.910858e+00 0.000000e+00 -3.158586e+00
vertex 9.574096e+00 0.000000e+00 -2.409946e+00
vertex 9.123453e+00 1.042944e+00 -3.195165e+00
endloop
endfacet
facet normal 0 0 0
outer loop
vertex 8.477062e+00 2.540000e+00 -2.690336e+01
vertex 9.052814e+00 2.540000e+00 -2.770418e+01
vertex 8.306988e+00 2.391438e+00 -2.738783e+01
endloop
endfacet
facet normal 0 0 0
outer loop
vertex 1.061756e+01 -2.540000e+00 -1.790233e+01
vertex 9.214545e+00 -2.540000e+00 -1.747757e+01
vertex 8.662971e+00 -2.540000e+00 -1.864552e+01
endloop
endfacet
facet normal 0 0 0
outer loop
vertex 8.158564e+00 -2.540000e+00 -1.665302e+01
vertex 6.618660e+00 -2.540000e+00 -1.693319e+01
vertex 7.225935e+00 -2.540000e+00 -1.799232e+01
endloop
endfacet
facet normal 0 0 0
outer loop
vertex 9.978268e+00 1.887188e+00 -2.457109e+00
vertex 9.336048e+00 2.085889e+00 -3.231744e+00
vertex 9.786691e+00 1.042944e+00 -2.446525e+00
endloop
endfacet
facet normal 0 0 0
outer loop
vertex 3.773071e+01 -2.540000e+00 -2.137901e+00
vertex 3.791188e+01 -2.522883e+00 -8.978662e-01
vertex 3.696772e+01 -2.540000e+00 -1.501681e+00
endloop
endfacet
facet normal 0 0 0
outer loop
vertex 3.864025e+01 -2.522883e+00 -1.573692e+00
vertex 3.791188e+01 -2.522883e+00 -8.978662e-01
vertex 3.773071e+01 -2.540000e+00 -2.137901e+00
endloop
endfacet
facet normal 0 0 0
outer loop
vertex 4.350752e+01 1.042944e+00 -6.985883e+00
vertex 4.367689e+01 1.489828e+00 -7.531636e+00
vertex 4.308239e+01 2.085889e+00 -6.555469e+00
endloop
endfacet
facet normal 0 0 0
outer loop
vertex 5.000704e+00 -2.391438e+00 -1.814739e+01
vertex 5.504069e+00 -2.540000e+00 -1.762481e+01
vertex 5.317778e+00 -2.540000e+00 -1.666121e+01
endloop
endfacet
facet normal 0 0 0
outer loop
vertex 5.317778e+00 -2.540000e+00 -1.666121e+01
vertex 4.784567e+00 -2.015267e+00 -1.816868e+01
vertex 5.000704e+00 -2.391438e+00 -1.814739e+01
endloop
endfacet
facet normal 0 0 0
outer loop
vertex 5.317778e+00 2.540000e+00 -1.567459e+01
vertex 4.784567e+00 2.015267e+00 -1.416712e+01
vertex 5.000704e+00 2.391438e+00 -1.418841e+01
endloop
endfacet
facet normal 0 0 0
outer loop
vertex 5.458479e+00 2.540000e+00 -1.483327e+01
vertex 5.317778e+00 2.540000e+00 -1.567459e+01
vertex 5.000704e+00 2.391438e+00 -1.418841e+01
endloop
endfacet
facet normal 0 0 0
outer loop
vertex 2.410884e+01 -2.531442e+00 -3.600360e+01
vertex 2.301538e+01 -2.540000e+00 -3.453936e+01
vertex 2.213876e+01 -2.531442e+00 -3.580647e+01
endloop
endfacet
facet normal 0 0 0
outer loop
vertex 1.449032e+01 9.516562e-01 -3.380615e+01
vertex 1.545224e+01 1.146626e+00 -3.432233e+01
vertex 1.504867e+01 2.673241e-02 -3.433442e+01
endloop
endfacet
facet normal 0 0 0
outer loop
vertex 1.545224e+01 1.146626e+00 -3.432233e+01
vertex 1.627813e+01 1.064387e+00 -3.474244e+01
vertex 1.504867e+01 2.673241e-02 -3.433442e+01
endloop
endfacet
facet normal 0 0 0
outer loop
vertex 7.263693e+00 -2.540000e+00 -2.111717e+01
vertex 7.252426e+00 -2.540000e+00 -2.206650e+01
vertex 8.540651e+00 -2.540000e+00 -2.130654e+01
endloop
endfacet
facet normal 0 0 0
outer loop
vertex 8.740017e+00 2.085889e+00 -4.035399e+00
vertex 8.525305e+00 1.042944e+00 -4.001211e+00
vertex 9.123453e+00 1.042944e+00 -3.195165e+00
endloop
endfacet
facet normal 0 0 0
outer loop
vertex 2.371931e+01 2.540000e+00 -3.484164e+01
vertex 2.248558e+01 2.540000e+00 -3.368459e+01
vertex 2.422865e+01 2.540000e+00 -3.388455e+01
endloop
endfacet
facet normal 0 0 0
outer loop
vertex 4.065277e+01 -4.929775e-02 -2.420436e+00
vertex 4.126450e+01 -1.041249e+00 -3.443259e+00
vertex 4.190036e+01 0.000000e+00 -3.960852e+00
endloop
endfacet
facet normal 0 0 0
outer loop
vertex 3.278801e+01 1.187976e-02 -3.544255e+01
vertex 3.179952e+01 -1.064953e+00 -3.561250e+01
vertex 3.156119e+01 -7.705766e-02 -3.586580e+01
endloop
endfacet
facet normal 0 0 0
outer loop
vertex 3.278801e+01 1.187976e-02 -3.544255e+01
vertex 3.273019e+01 -1.169030e+00 -3.525827e+01
vertex 3.179952e+01 -1.064953e+00 -3.561250e+01
endloop
endfacet
facet normal 0 0 0
outer loop
vertex 1.481213e+01 -2.540000e+00 -2.492183e+01
vertex 1.646484e+01 -2.540000e+00 -2.507237e+01
vertex 1.563759e+01 -2.540000e+00 -2.399269e+01
endloop
endfacet
facet normal 0 0 0
outer loop
vertex 5.458479e+00 2.540000e+00 -1.483327e+01
vertex 5.392540e+00 2.531442e+00 -1.369839e+01
vertex 6.098327e+00 2.540000e+00 -1.511217e+01
endloop
endfacet
facet normal 0 0 0
outer loop
vertex 5.831715e+00 -2.540000e+00 -1.177031e+01
vertex 5.344622e+00 -2.401825e+00 -1.212875e+01
vertex 5.612240e+00 -2.540000e+00 -1.273189e+01
endloop
endfacet
facet normal 0 0 0
outer loop
vertex 5.612240e+00 2.540000e+00 -1.960391e+01
vertex 5.831715e+00 2.540000e+00 -2.056549e+01
vertex 5.291506e+00 2.391438e+00 -2.010782e+01
endloop
endfacet
facet normal 0 0 0
outer loop
vertex 2.020890e+01 -2.540000e+00 1.608920e+00
vertex 1.928940e+01 -2.531442e+00 2.823781e+00
vertex 1.926431e+01 -2.540000e+00 1.592164e+00
endloop
endfacet
facet normal 0 0 0
outer loop
vertex 2.024388e+01 -2.533455e+00 3.063011e+00
vertex 1.928940e+01 -2.531442e+00 2.823781e+00
vertex 2.020890e+01 -2.540000e+00 1.608920e+00
endloop
endfacet
facet normal 0 0 0
outer loop
vertex 4.392978e+01 2.375218e+00 -2.348345e+01
vertex 4.429494e+01 2.015267e+00 -2.303639e+01
vertex 4.393053e+01 1.985445e+00 -2.404962e+01
endloop
endfacet
facet normal 0 0 0
outer loop
vertex 4.429494e+01 2.015267e+00 -2.303639e+01
vertex 4.428348e+01 1.086274e+00 -2.358404e+01
vertex 4.393053e+01 1.985445e+00 -2.404962e+01
endloop
endfacet
facet normal 0 0 0
outer loop
vertex 3.953263e+01 -2.015267e+00 -1.734065e+00
vertex 4.020527e+01 -2.015267e+00 -2.476198e+00
vertex 4.006767e+01 -1.008250e+00 -2.044268e+00
endloop
endfacet
facet normal 0 0 0
outer loop
vertex 5.391769e+00 -1.042944e+00 -2.209679e+01
vertex 5.766451e+00 -1.021678e+00 -2.318358e+01
vertex 5.662039e+00 -1.582072e+00 -2.256101e+01
endloop
endfacet
facet normal 0 0 0
outer loop
vertex 5.391769e+00 -1.042944e+00 -2.209679e+01
vertex 5.662039e+00 -1.582072e+00 -2.256101e+01
vertex 5.585464e+00 -2.085889e+00 -2.208721e+01
endloop
endfacet
facet normal 0 0 0
outer loop
vertex 4.392490e+01 -1.995353e+00 -8.278635e+00
vertex 4.351526e+01 -1.854076e+00 -7.350311e+00
vertex 4.351379e+01 -2.203352e+00 -7.655468e+00
endloop
endfacet
facet normal 0 0 0
outer loop
vertex 1.770639e+01 2.540000e+00 -7.604042e+00
vertex 1.676811e+01 2.540000e+00 -9.002720e+00
vertex 1.616556e+01 2.540000e+00 -7.676194e+00
endloop
endfacet
facet normal 0 0 0
outer loop
vertex 4.597475e+00 -9.581978e-01 -1.416523e+01
vertex 4.748707e+00 -1.028584e+00 -1.321498e+01
vertex 4.422189e+00 0.000000e+00 -1.428118e+01
endloop
endfacet
facet normal 0 0 0
outer loop
vertex 4.574154e+00 -1.077657e+00 -1.507053e+01
vertex 4.597475e+00 -9.581978e-01 -1.416523e+01
vertex 4.422189e+00 0.000000e+00 -1.428118e+01
endloop
endfacet
facet normal 0 0 0
outer loop
vertex 2.020890e+01 -2.540000e+00 1.608920e+00
vertex 2.149162e+01 -2.540000e+00 9.649148e-02
vertex 2.160510e+01 -2.540000e+00 1.852317e+00
endloop
endfacet
facet normal 0 0 0
outer loop
vertex 4.397093e+01 -2.522883e+00 -9.827203e+00
vertex 4.272003e+01 -2.540000e+00 -1.028134e+01
vertex 4.414641e+01 -2.540000e+00 -1.080873e+01
endloop
endfacet
facet normal 0 0 0
outer loop
vertex 4.343911e+01 -2.540000e+00 -1.142842e+01
vertex 4.414641e+01 -2.540000e+00 -1.080873e+01
vertex 4.272003e+01 -2.540000e+00 -1.028134e+01
endloop
endfacet
facet normal 0 0 0
outer loop
vertex 5.000704e+00 2.391438e+00 -1.418841e+01
vertex 4.784567e+00 2.015267e+00 -1.416712e+01
vertex 5.120098e+00 2.352599e+00 -1.310590e+01
endloop
endfacet
facet normal 0 0 0
outer loop
vertex 5.000704e+00 -2.391438e+00 -1.814739e+01
vertex 4.784567e+00 -2.015267e+00 -1.816868e+01
vertex 5.060190e+00 -2.391438e+00 -1.867906e+01
endloop
endfacet
facet normal 0 0 0
outer loop
vertex 3.541014e+01 1.223716e+00 -3.392999e+01
vertex 3.633154e+01 5.322503e-02 -3.360918e+01
vertex 3.517986e+01 0.000000e+00 -3.429716e+01
endloop
endfacet
facet normal 0 0 0
outer loop
vertex 1.770639e+01 2.540000e+00 -7.604042e+00
vertex 1.951715e+01 2.540000e+00 -7.995726e+00
vertex 1.806816e+01 2.540000e+00 -8.754613e+00
endloop
endfacet
facet normal 0 0 0
outer loop
vertex 4.089832e+01 -2.540000e+00 -2.194892e+01
vertex 4.043899e+01 -2.534081e+00 -2.360247e+01
vertex 4.218494e+01 -2.540000e+00 -2.301669e+01
endloop
endfacet
facet normal 0 0 0
outer loop
vertex 1.890964e+01 -1.164461e+00 3.437629e+00
vertex 1.814100e+01 -2.015267e+00 2.996284e+00
vertex 1.917949e+01 -2.085889e+00 3.345436e+00
endloop
endfacet
facet normal 0 0 0
outer loop
vertex 2.848844e+01 -1.057582e-02 4.314719e+00
vertex 2.951142e+01 2.398679e-02 4.089531e+00
vertex 2.875256e+01 1.208733e+00 4.052838e+00
endloop
endfacet
facet normal 0 0 0
outer loop
vertex 1.804879e+01 -1.098920e+00 3.142425e+00
vertex 1.730345e+01 -2.156511e+00 2.651747e+00
vertex 1.814100e+01 -2.015267e+00 2.996284e+00
endloop
endfacet
facet normal 0 0 0
outer loop
vertex 1.067992e+01 2.085889e+00 -1.749015e+00
vertex 1.038762e+01 2.391438e+00 -2.346282e+00
vertex 9.978268e+00 1.887188e+00 -2.457109e+00
endloop
endfacet
facet normal 0 0 0
outer loop
vertex 1.348620e+01 -2.540000e+00 -1.855569e+00
vertex 1.237985e+01 -2.540000e+00 -1.010047e+00
vertex 1.232936e+01 -2.540000e+00 -1.954416e+00
endloop
endfacet
facet normal 0 0 0
outer loop
vertex 1.316607e+01 -2.540000e+00 -4.145093e-01
vertex 1.237985e+01 -2.540000e+00 -1.010047e+00
vertex 1.348620e+01 -2.540000e+00 -1.855569e+00
endloop
endfacet
facet normal 0 0 0
outer loop
vertex 9.786691e+00 1.042944e+00 -2.446525e+00
vertex 9.336048e+00 2.085889e+00 -3.231744e+00
vertex 9.123453e+00 1.042944e+00 -3.195165e+00
endloop
endfacet
facet normal 0 0 0
outer loop
vertex 3.854317e+01 2.392230e+00 -1.110927e+00
vertex 3.877632e+01 2.085889e+00 -1.077082e+00
vertex 3.951768e+01 2.085889e+00 -1.749015e+00
endloop
endfacet
facet normal 0 0 0
outer loop
vertex 3.374767e+01 2.522883e+00 1.791664e+00
vertex 3.401687e+01 2.540000e+00 3.784854e-02
vertex 3.217768e+01 2.540000e+00 7.532951e-01
endloop
endfacet
facet normal 0 0 0
outer loop
vertex 3.217768e+01 2.540000e+00 7.532951e-01
vertex 3.273582e+01 2.540000e+00 1.992798e+00
vertex 3.374767e+01 2.522883e+00 1.791664e+00
endloop
endfacet
facet normal 0 0 0
outer loop
vertex 3.365532e+01 2.538644e+00 -1.984941e+01
vertex 3.154750e+01 2.540000e+00 -2.012085e+01
vertex 3.284518e+01 2.540000e+00 -1.849978e+01
endloop
endfacet
facet normal 0 0 0
outer loop
vertex 3.467174e+01 2.540000e+00 -1.881156e+01
vertex 3.365532e+01 2.538644e+00 -1.984941e+01
vertex 3.284518e+01 2.540000e+00 -1.849978e+01
endloop
endfacet
facet normal 0 0 0
outer loop
vertex 3.773195e+01 2.540000e+00 -4.757977e+00
vertex 3.688057e+01 2.536178e+00 -3.814952e+00
vertex 3.864759e+01 2.540000e+00 -3.357413e+00
endloop
endfacet
facet normal 0 0 0
outer loop
vertex 1.890964e+01 -1.164461e+00 3.437629e+00
vertex 1.804879e+01 -1.098920e+00 3.142425e+00
vertex 1.814100e+01 -2.015267e+00 2.996284e+00
endloop
endfacet
facet normal 0 0 0
outer loop
vertex 2.989542e+01 2.540000e+00 -2.517808e+01
vertex 3.131194e+01 2.540000e+00 -2.549473e+01
vertex 2.969607e+01 2.540000e+00 -2.644892e+01
endloop
endfacet
facet normal 0 0 0
outer loop
vertex 2.662081e+01 -2.391438e+00 -3.629992e+01
vertex 2.709543e+01 -2.156511e+00 -3.644005e+01
vertex 2.762477e+01 -2.396328e+00 -3.618814e+01
endloop
endfacet
facet normal 0 0 0
outer loop
vertex 2.763727e+01 -8.987043e-01 -3.660456e+01
vertex 2.709543e+01 -2.156511e+00 -3.644005e+01
vertex 2.671598e+01 -1.317613e+00 -3.663069e+01
endloop
endfacet
facet normal 0 0 0
outer loop
vertex 2.763727e+01 -8.987043e-01 -3.660456e+01
vertex 2.808620e+01 -2.121200e+00 -3.630376e+01
vertex 2.709543e+01 -2.156511e+00 -3.644005e+01
endloop
endfacet
facet normal 0 0 0
outer loop
vertex 4.043899e+01 -2.534081e+00 -2.360247e+01
vertex 3.944617e+01 -2.540000e+00 -2.461679e+01
vertex 4.051143e+01 -2.540000e+00 -2.531818e+01
endloop
endfacet
facet normal 0 0 0
outer loop
vertex 3.448888e+01 -1.013754e+00 2.131353e+00
vertex 3.387095e+01 -2.085889e+00 2.212407e+00
vertex 3.478107e+01 -2.085889e+00 1.778011e+00
endloop
endfacet
facet normal 0 0 0
outer loop
vertex 2.903406e+01 -2.531442e+00 3.298711e+00
vertex 2.811329e+01 -2.513696e+00 3.501556e+00
vertex 2.855407e+01 -2.540000e+00 2.668276e+00
endloop
endfacet
facet normal 0 0 0
outer loop
vertex 2.397214e+01 -1.157961e+00 4.348350e+00
vertex 2.409841e+01 -2.050578e+00 4.184908e+00
vertex 2.509880e+01 -2.085889e+00 4.223482e+00
endloop
endfacet
facet normal 0 0 0
outer loop
vertex 2.497471e+01 -1.119223e+00 4.397532e+00
vertex 2.397214e+01 -1.157961e+00 4.348350e+00
vertex 2.509880e+01 -2.085889e+00 4.223482e+00
endloop
endfacet
facet normal 0 0 0
outer loop
vertex 2.310010e+01 2.085889e+00 4.125293e+00
vertex 2.348568e+01 2.391438e+00 3.957365e+00
vertex 2.237306e+01 2.391438e+00 3.837270e+00
endloop
endfacet
facet normal 0 0 0
outer loop
vertex 5.366957e+00 -2.540000e+00 -1.468920e+01
vertex 6.725151e+00 -2.540000e+00 -1.527834e+01
vertex 6.214625e+00 -2.540000e+00 -1.437642e+01
endloop
endfacet
facet normal 0 0 0
outer loop
vertex 7.551622e+00 -2.540000e+00 -2.357233e+01
vertex 6.995936e+00 -2.531442e+00 -2.433622e+01
vertex 8.450661e+00 -2.540000e+00 -2.465315e+01
endloop
endfacet
facet normal 0 0 0
outer loop
vertex 8.450661e+00 -2.540000e+00 -2.465315e+01
vertex 6.995936e+00 -2.531442e+00 -2.433622e+01
vertex 7.578924e+00 -2.540000e+00 -2.509780e+01
endloop
endfacet
facet normal 0 0 0
outer loop
vertex 1.830614e+01 -2.531442e+00 -3.483057e+01
vertex 1.644993e+01 -2.522883e+00 -3.412746e+01
vertex 1.769304e+01 -2.391438e+00 -3.495144e+01
endloop
endfacet
facet normal 0 0 0
outer loop
vertex 3.862121e+01 -2.540000e+00 -2.787782e+01
vertex 3.658572e+01 -2.540000e+00 -2.821644e+01
vertex 3.811163e+01 -2.540000e+00 -2.912778e+01
endloop
endfacet
facet normal 0 0 0
outer loop
vertex 6.494459e+00 -1.078255e+00 -2.489123e+01
vertex 6.912078e+00 -1.036659e+00 -2.579627e+01
vertex 7.115208e+00 -2.085889e+00 -2.578033e+01
endloop
endfacet
facet normal 0 0 0
outer loop
vertex 6.494459e+00 -1.078255e+00 -2.489123e+01
vertex 7.115208e+00 -2.085889e+00 -2.578033e+01
vertex 6.697181e+00 -2.121200e+00 -2.487179e+01
endloop
endfacet
facet normal 0 0 0
outer loop
vertex 2.888359e+01 2.540000e+00 -6.154752e+00
vertex 2.936626e+01 2.540000e+00 -4.661295e+00
vertex 3.041776e+01 2.540000e+00 -6.078185e+00
endloop
endfacet
facet normal 0 0 0
outer loop
vertex 3.864025e+01 2.522883e+00 -3.076211e+01
vertex 3.791188e+01 2.522883e+00 -3.143793e+01
vertex 3.745833e+01 2.540000e+00 -3.055659e+01
endloop
endfacet
facet normal 0 0 0
outer loop
vertex 6.055661e+00 1.125952e+00 -2.393648e+01
vertex 6.279154e+00 2.156511e+00 -2.396325e+01
vertex 6.706504e+00 2.156511e+00 -2.486681e+01
endloop
endfacet
facet normal 0 0 0
outer loop
vertex 3.201223e+01 2.085889e+00 -3.532495e+01
vertex 3.268916e+01 1.061604e+00 -3.529485e+01
vertex 3.177154e+01 1.041861e+00 -3.562709e+01
endloop
endfacet
facet normal 0 0 0
outer loop
vertex 7.744798e+00 2.540000e+00 -8.654122e+00
vertex 6.668968e+00 2.535721e+00 -8.932763e+00
vertex 6.995936e+00 2.531442e+00 -7.999577e+00
endloop
endfacet
facet normal 0 0 0
outer loop
vertex 7.133854e+00 2.156511e+00 -2.577036e+01
vertex 7.399487e+00 1.050701e+00 -2.663393e+01
vertex 6.685349e+00 -2.652789e-02 -2.575575e+01
endloop
endfacet
facet normal 0 0 0
outer loop
vertex 7.647710e+00 2.156511e+00 -2.662768e+01
vertex 7.399487e+00 1.050701e+00 -2.663393e+01
vertex 7.133854e+00 2.156511e+00 -2.577036e+01
endloop
endfacet
facet normal 0 0 0
outer loop
vertex 1.421356e+01 -2.540000e+00 -2.000355e+01
vertex 1.464124e+01 -2.540000e+00 -2.109218e+01
vertex 1.576555e+01 -2.540000e+00 -2.005140e+01
endloop
endfacet
facet normal 0 0 0
outer loop
vertex 4.037730e+01 2.540000e+00 -9.257152e+00
vertex 4.145701e+01 2.540000e+00 -1.020009e+01
vertex 4.025572e+01 2.540000e+00 -1.085773e+01
endloop
endfacet
facet normal 0 0 0
outer loop
vertex 2.671598e+01 -1.317613e+00 -3.663069e+01
vertex 2.709543e+01 -2.156511e+00 -3.644005e+01
vertex 2.609712e+01 -2.121200e+00 -3.649967e+01
endloop
endfacet
facet normal 0 0 0
outer loop
vertex 2.967748e+01 2.510621e+00 -3.557130e+01
vertex 2.958945e+01 2.391438e+00 -3.583830e+01
vertex 2.892459e+01 2.539538e+00 -3.558105e+01
endloop
endfacet
facet normal 0 0 0
outer loop
vertex 4.566625e+01 -1.024643e+00 -1.551539e+01
vertex 4.551133e+01 -2.015267e+00 -1.616790e+01
vertex 4.566959e+01 -9.929024e-01 -1.671964e+01
endloop
endfacet
facet normal 0 0 0
outer loop
vertex 4.367689e+01 1.489828e+00 -7.531636e+00
vertex 4.393798e+01 2.085889e+00 -8.364456e+00
vertex 4.353671e+01 2.015267e+00 -7.466646e+00
endloop
endfacet
facet normal 0 0 0
outer loop
vertex 4.068353e+01 -2.522883e+00 -3.739495e+00
vertex 4.002607e+01 -2.522883e+00 -2.994506e+00
vertex 3.928339e+01 -2.540000e+00 -4.176592e+00
endloop
endfacet
facet normal 0 0 0
outer loop
vertex 9.336048e+00 2.085889e+00 -3.231744e+00
vertex 9.775206e+00 2.391438e+00 -3.018185e+00
vertex 9.090189e+00 2.408013e+00 -3.927309e+00
endloop
endfacet
facet normal 0 0 0
outer loop
vertex 2.237306e+01 2.391438e+00 3.837270e+00
vertex 2.143346e+01 2.395381e+00 3.679402e+00
vertex 2.211037e+01 2.085889e+00 3.978480e+00
endloop
endfacet
facet normal 0 0 0
outer loop
vertex 7.115208e+00 2.085889e+00 -6.555469e+00
vertex 7.958055e+00 2.391438e+00 -5.509099e+00
vertex 7.223840e+00 2.391438e+00 -6.778443e+00
endloop
endfacet
facet normal 0 0 0
outer loop
vertex 7.958055e+00 2.391438e+00 -5.509099e+00
vertex 7.899196e+00 2.531442e+00 -6.237704e+00
vertex 7.223840e+00 2.391438e+00 -6.778443e+00
endloop
endfacet
facet normal 0 0 0
outer loop
vertex 5.362834e+00 2.156511e+00 -2.111150e+01
vertex 5.371736e+00 1.255528e+00 -2.187837e+01
vertex 5.111013e+00 9.912209e-01 -2.102962e+01
endloop
endfacet
facet normal 0 0 0
outer loop
vertex 5.362834e+00 2.156511e+00 -2.111150e+01
vertex 5.605698e+00 2.156511e+00 -2.208107e+01
vertex 5.371736e+00 1.255528e+00 -2.187837e+01
endloop
endfacet
facet normal 0 0 0
outer loop
vertex 5.766451e+00 -1.021678e+00 -2.318358e+01
vertex 6.097195e+00 -1.127797e+00 -2.403700e+01
vertex 6.279154e+00 -2.156511e+00 -2.396325e+01
endloop
endfacet
facet normal 0 0 0
outer loop
vertex 5.855939e+00 -1.900783e+00 -2.296664e+01
vertex 5.766451e+00 -1.021678e+00 -2.318358e+01
vertex 6.279154e+00 -2.156511e+00 -2.396325e+01
endloop
endfacet
facet normal 0 0 0
outer loop
vertex 8.482350e+00 2.406610e+00 -4.748032e+00
vertex 8.143986e+00 2.085889e+00 -4.839055e+00
vertex 8.740017e+00 2.085889e+00 -4.035399e+00
endloop
endfacet
facet normal 0 0 0
outer loop
vertex 2.864240e+01 -2.528656e+00 -1.153184e-02
vertex 2.811260e+01 -2.540000e+00 1.636482e+00
vertex 2.744214e+01 -2.540000e+00 -1.718648e-01
endloop
endfacet
facet normal 0 0 0
outer loop
vertex 2.744214e+01 -2.540000e+00 -1.718648e-01
vertex 2.811260e+01 -2.540000e+00 1.636482e+00
vertex 2.674431e+01 -2.540000e+00 1.444788e+00
endloop
endfacet
facet normal 0 0 0
outer loop
vertex 2.811260e+01 -2.540000e+00 1.636482e+00
vertex 2.754154e+01 -2.540000e+00 2.705948e+00
vertex 2.674431e+01 -2.540000e+00 1.444788e+00
endloop
endfacet
facet normal 0 0 0
outer loop
vertex 3.602579e+01 2.540000e+00 -1.932739e+00
vertex 3.688057e+01 2.536178e+00 -3.814952e+00
vertex 3.536295e+01 2.540000e+00 -3.145026e+00
endloop
endfacet
facet normal 0 0 0
outer loop
vertex 7.644072e+00 -2.015267e+00 -2.670377e+01
vertex 7.115208e+00 -2.085889e+00 -2.578033e+01
vertex 6.912078e+00 -1.036659e+00 -2.579627e+01
endloop
endfacet
facet normal 0 0 0
outer loop
vertex 5.317778e+00 -2.540000e+00 -1.666121e+01
vertex 4.903458e+00 -2.391438e+00 -1.616790e+01
vertex 4.686275e+00 -2.015267e+00 -1.616790e+01
endloop
endfacet
facet normal 0 0 0
outer loop
vertex 4.735421e+00 -2.015267e+00 -1.716829e+01
vertex 5.317778e+00 -2.540000e+00 -1.666121e+01
vertex 4.686275e+00 -2.015267e+00 -1.616790e+01
endloop
endfacet
facet normal 0 0 0
outer loop
vertex 8.756979e+00 -2.156511e+00 -4.047979e+00
vertex 8.453548e+00 -9.890308e-01 -4.076557e+00
vertex 8.161566e+00 -2.156511e+00 -4.850801e+00
endloop
endfacet
facet normal 0 0 0
outer loop
vertex 8.453548e+00 -9.890308e-01 -4.076557e+00
vertex 7.940227e+00 -1.100420e+00 -4.817131e+00
vertex 8.161566e+00 -2.156511e+00 -4.850801e+00
endloop
endfacet
facet normal 0 0 0
outer loop
vertex 1.882103e+01 2.540000e+00 -1.967910e+01
vertex 2.018401e+01 2.540000e+00 -1.909634e+01
vertex 1.985257e+01 2.540000e+00 -2.081070e+01
endloop
endfacet
facet normal 0 0 0
outer loop
vertex 4.414641e+01 -2.540000e+00 -1.080873e+01
vertex 4.428738e+01 -2.522883e+00 -1.076907e+01
vertex 4.397093e+01 -2.522883e+00 -9.827203e+00
endloop
endfacet
facet normal 0 0 0
outer loop
vertex 4.413211e+01 2.545099e+00 -2.151712e+01
vertex 4.428738e+01 2.522883e+00 -2.156673e+01
vertex 4.397093e+01 2.522883e+00 -2.250860e+01
endloop
endfacet
facet normal 0 0 0
outer loop
vertex 4.748707e+00 -1.028584e+00 -1.321498e+01
vertex 4.899420e+00 -1.102365e+00 -1.228792e+01
vertex 4.758633e+00 0.000000e+00 -1.201230e+01
endloop
endfacet
facet normal 0 0 0
outer loop
vertex 1.396224e+01 -2.540000e+00 -3.249384e+01
vertex 1.392568e+01 -2.535721e+00 -3.117254e+01
vertex 1.310701e+01 -2.531442e+00 -3.199927e+01
endloop
endfacet
facet normal 0 0 0
outer loop
vertex 5.546886e+00 -2.391438e+00 -2.117823e+01
vertex 5.737931e+00 -2.534211e+00 -2.058340e+01
vertex 5.344655e+00 -2.408424e+00 -2.019477e+01
endloop
endfacet
facet normal 0 0 0
outer loop
vertex 3.201223e+01 2.085889e+00 -3.532495e+01
vertex 3.134236e+01 2.374789e+00 -3.537064e+01
vertex 3.221120e+01 2.376665e+00 -3.504860e+01
endloop
endfacet
facet normal 0 0 0
outer loop
vertex 3.221120e+01 2.376665e+00 -3.504860e+01
vertex 3.313505e+01 2.367625e+00 -3.470087e+01
vertex 3.296082e+01 2.085889e+00 -3.498260e+01
endloop
endfacet
facet normal 0 0 0
outer loop
vertex 1.926431e+01 -2.540000e+00 1.592164e+00
vertex 1.957920e+01 -2.540000e+00 1.357352e-01
vertex 2.020890e+01 -2.540000e+00 1.608920e+00
endloop
endfacet
facet normal 0 0 0
outer loop
vertex 1.917350e+01 2.540000e+00 6.809502e-01
vertex 1.825100e+01 2.540000e+00 1.427234e+00
vertex 1.918523e+01 2.540000e+00 1.649872e+00
endloop
endfacet
facet normal 0 0 0
outer loop
vertex 1.833358e+01 2.540000e+00 1.897214e-01
vertex 1.917350e+01 2.540000e+00 6.809502e-01
vertex 1.971073e+01 2.540000e+00 -5.885060e-01
endloop
endfacet
facet normal 0 0 0
outer loop
vertex 2.786696e+01 9.943343e-01 4.224533e+00
vertex 2.753300e+01 1.030555e-01 4.415183e+00
vertex 2.848844e+01 -1.057582e-02 4.314719e+00
endloop
endfacet
facet normal 0 0 0
outer loop
vertex 4.352632e+01 -2.391438e+00 -2.442926e+01
vertex 4.275003e+01 -2.531442e+00 -2.521716e+01
vertex 4.308425e+01 -2.380482e+00 -2.535132e+01
endloop
endfacet
facet normal 0 0 0
outer loop
vertex 3.463213e+01 -2.522883e+00 1.338230e+00
vertex 3.332220e+01 -2.525098e+00 7.340227e-01
vertex 3.453808e+01 -2.540000e+00 5.247930e-01
endloop
endfacet
facet normal 0 0 0
outer loop
vertex 3.372270e+01 -2.527163e+00 1.735605e+00
vertex 3.332220e+01 -2.525098e+00 7.340227e-01
vertex 3.463213e+01 -2.522883e+00 1.338230e+00
endloop
endfacet
facet normal 0 0 0
outer loop
vertex 1.009931e+01 2.540000e+00 -1.901683e+01
vertex 9.041411e+00 2.540000e+00 -1.981106e+01
vertex 9.323992e+00 2.540000e+00 -1.801880e+01
endloop
endfacet
facet normal 0 0 0
outer loop
vertex 5.342349e+00 -2.085889e+00 -2.111663e+01
vertex 5.546886e+00 -2.391438e+00 -2.117823e+01
vertex 5.344655e+00 -2.408424e+00 -2.019477e+01
endloop
endfacet
facet normal 0 0 0
outer loop
vertex 1.395229e+01 -2.540000e+00 1.810284e-01
vertex 1.292257e+01 -2.389971e+00 -2.274859e-01
vertex 1.316607e+01 -2.540000e+00 -4.145093e-01
endloop
endfacet
facet normal 0 0 0
outer loop
vertex 1.276829e+01 1.057825e+00 -3.262376e+01
vertex 1.297888e+01 2.156511e+00 -3.250972e+01
vertex 1.358604e+01 1.052041e+00 -3.320475e+01
endloop
endfacet
facet normal 0 0 0
outer loop
vertex 8.503213e+00 -2.399550e+00 -2.764253e+01
vertex 7.854620e+00 -2.391438e+00 -2.666037e+01
vertex 8.143986e+00 -2.085889e+00 -2.749675e+01
endloop
endfacet
facet normal 0 0 0
outer loop
vertex 1.297888e+01 2.156511e+00 -3.250972e+01
vertex 1.378170e+01 2.156511e+00 -3.310513e+01
vertex 1.358604e+01 1.052041e+00 -3.320475e+01
endloop
endfacet
facet normal 0 0 0
outer loop
vertex 4.897559e+00 1.094291e+00 -2.004510e+01
vertex 4.727770e+00 0.000000e+00 -2.019828e+01
vertex 4.751200e+00 1.007633e+00 -1.916332e+01
endloop
endfacet
facet normal 0 0 0
outer loop
vertex 4.727770e+00 0.000000e+00 -2.019828e+01
vertex 4.897559e+00 1.094291e+00 -2.004510e+01
vertex 5.111013e+00 9.912209e-01 -2.102962e+01
endloop
endfacet
facet normal 0 0 0
outer loop
vertex 3.020996e+01 -2.384906e+00 3.348467e+00
vertex 3.102781e+01 -2.422696e+00 3.072103e+00
vertex 3.106364e+01 -2.085889e+00 3.331508e+00
endloop
endfacet
facet normal 0 0 0
outer loop
vertex 2.805884e+01 -2.531442e+00 -3.580647e+01
vertex 2.687205e+01 -2.540000e+00 -3.521405e+01
vertex 2.704748e+01 -2.540000e+00 -3.583418e+01
endloop
endfacet
facet normal 0 0 0
outer loop
vertex 3.463213e+01 2.522883e+00 -3.367403e+01
vertex 3.388969e+01 2.391438e+00 -3.432170e+01
vertex 3.372270e+01 2.527163e+00 -3.407140e+01
endloop
endfacet
facet normal 0 0 0
outer loop
vertex 2.574763e+01 -2.535721e+00 -3.494662e+01
vertex 2.608876e+01 -2.531442e+00 -3.600360e+01
vertex 2.687205e+01 -2.540000e+00 -3.521405e+01
endloop
endfacet
facet normal 0 0 0
outer loop
vertex 2.310489e+01 -2.535663e+00 1.467431e+00
vertex 2.320584e+01 -2.540000e+00 2.674240e+00
vertex 2.225950e+01 -2.540000e+00 2.698915e+00
endloop
endfacet
facet normal 0 0 0
outer loop
vertex 2.310489e+01 -2.535663e+00 1.467431e+00
vertex 2.225950e+01 -2.540000e+00 2.698915e+00
vertex 2.160510e+01 -2.540000e+00 1.852317e+00
endloop
endfacet
facet normal 0 0 0
outer loop
vertex 3.879050e+01 2.015267e+00 -3.127436e+01
vertex 3.870930e+01 2.253420e+00 -3.109844e+01
vertex 3.953263e+01 2.015267e+00 -3.060173e+01
endloop
endfacet
facet normal 0 0 0
outer loop
vertex 6.494459e+00 1.078255e+00 -7.444568e+00
vertex 6.279154e+00 2.156511e+00 -8.372547e+00
vertex 6.076766e+00 1.206071e+00 -8.382908e+00
endloop
endfacet
facet normal 0 0 0
outer loop
vertex 6.494459e+00 1.078255e+00 -7.444568e+00
vertex 6.637579e+00 1.979516e+00 -7.500916e+00
vertex 6.279154e+00 2.156511e+00 -8.372547e+00
endloop
endfacet
facet normal 0 0 0
outer loop
vertex 2.472889e+01 2.540000e+00 2.269753e+00
vertex 2.425251e+01 2.540000e+00 1.229789e+00
vertex 2.325071e+01 2.540000e+00 2.854725e+00
endloop
endfacet
facet normal 0 0 0
outer loop
vertex 6.900218e+00 -1.038256e+00 -6.550140e+00
vertex 6.444118e+00 -9.090876e-01 -7.462237e+00
vertex 6.706504e+00 -2.156511e+00 -7.468991e+00
endloop
endfacet
facet normal 0 0 0
outer loop
vertex 7.133854e+00 -2.156511e+00 -6.565435e+00
vertex 6.900218e+00 -1.038256e+00 -6.550140e+00
vertex 6.706504e+00 -2.156511e+00 -7.468991e+00
endloop
endfacet
facet normal 0 0 0
outer loop
vertex 2.999429e+01 -2.537290e+00 3.038410e+00
vertex 3.102781e+01 -2.422696e+00 3.072103e+00
vertex 3.020996e+01 -2.384906e+00 3.348467e+00
endloop
endfacet
facet normal 0 0 0
outer loop
vertex 4.020527e+01 2.015267e+00 -2.985960e+01
vertex 4.007664e+01 9.770124e-01 -3.028972e+01
vertex 3.953263e+01 2.015267e+00 -3.060173e+01
endloop
endfacet
facet normal 0 0 0
outer loop
vertex 1.432684e+01 -1.055323e+00 1.349670e+00
vertex 1.378170e+01 -2.156511e+00 7.693348e-01
vertex 1.463404e+01 -2.121200e+00 1.292514e+00
endloop
endfacet
facet normal 0 0 0
outer loop
vertex 3.201223e+01 -2.085889e+00 2.989155e+00
vertex 3.296082e+01 -2.085889e+00 2.646803e+00
vertex 3.271201e+01 -1.042944e+00 2.948600e+00
endloop
endfacet
facet normal 0 0 0
outer loop
vertex 4.192182e+01 2.540000e+00 -2.380487e+01
vertex 4.285411e+01 2.540000e+00 -2.370735e+01
vertex 4.248896e+01 2.540000e+00 -2.426643e+01
endloop
endfacet
facet normal 0 0 0
outer loop
vertex 1.310701e+01 2.531442e+00 -3.365355e-01
vertex 1.448583e+01 2.540000e+00 -1.793594e+00
vertex 1.336474e+01 2.540000e+00 -2.278752e+00
endloop
endfacet
facet normal 0 0 0
outer loop
vertex 1.898487e+01 -2.540000e+00 -1.684427e+01
vertex 2.030007e+01 -2.540000e+00 -1.647425e+01
vertex 2.018497e+01 -2.540000e+00 -1.499162e+01
endloop
endfacet
facet normal 0 0 0
outer loop
vertex 4.423386e+01 -2.391438e+00 -2.256058e+01
vertex 4.433604e+01 -1.879668e+00 -2.299734e+01
vertex 4.461214e+01 -2.085889e+00 -2.208721e+01
endloop
endfacet
facet normal 0 0 0
outer loop
vertex 4.079866e+01 1.994883e+00 -2.921059e+01
vertex 4.073021e+01 1.227791e+00 -2.950071e+01
vertex 4.020527e+01 2.015267e+00 -2.985960e+01
endloop
endfacet
facet normal 0 0 0
outer loop
vertex 6.365315e+00 -2.540000e+00 -9.873783e+00
vertex 6.679441e+00 -2.540000e+00 -8.938834e+00
vertex 6.226253e+00 -2.465719e+00 -9.622168e+00
endloop
endfacet
facet normal 0 0 0
outer loop
vertex 6.461711e+00 2.540000e+00 -2.229134e+01
vertex 6.679441e+00 2.540000e+00 -2.339697e+01
vertex 6.205472e+00 2.462313e+00 -2.268230e+01
endloop
endfacet
facet normal 0 0 0
outer loop
vertex 2.841997e+01 -2.387427e+00 -3.608633e+01
vertex 2.762477e+01 -2.396328e+00 -3.618814e+01
vertex 2.808620e+01 -2.121200e+00 -3.630376e+01
endloop
endfacet
facet normal 0 0 0
outer loop
vertex 3.936861e+01 -2.522883e+00 -2.249517e+00
vertex 3.864025e+01 -2.522883e+00 -1.573692e+00
vertex 3.854066e+01 -2.540000e+00 -3.000464e+00
endloop
endfacet
facet normal 0 0 0
outer loop
vertex 3.864025e+01 -2.522883e+00 -1.573692e+00
vertex 3.773071e+01 -2.540000e+00 -2.137901e+00
vertex 3.854066e+01 -2.540000e+00 -3.000464e+00
endloop
endfacet
facet normal 0 0 0
outer loop
vertex 1.729536e+01 2.085889e+00 -3.500708e+01
vertex 1.836943e+01 2.391438e+00 -3.518343e+01
vertex 1.823743e+01 2.085889e+00 -3.534416e+01
endloop
endfacet
facet normal 0 0 0
outer loop
vertex 3.950274e+01 -2.156511e+00 -3.057183e+01
vertex 3.880424e+01 -1.900679e+00 -3.129093e+01
vertex 3.937239e+01 -1.078255e+00 -3.097370e+01
endloop
endfacet
facet normal 0 0 0
outer loop
vertex 3.179436e+01 -1.159517e+00 3.259799e+00
vertex 3.150549e+01 -1.776389e-02 3.558467e+00
vertex 3.083457e+01 -1.000957e+00 3.604601e+00
endloop
endfacet
facet normal 0 0 0
outer loop
vertex 3.387095e+01 2.085889e+00 -3.454821e+01
vertex 3.388969e+01 2.391438e+00 -3.432170e+01
vertex 3.472514e+01 2.019909e+00 -3.416644e+01
endloop
endfacet
facet normal 0 0 0
outer loop
vertex 5.366957e+00 -2.540000e+00 -1.468920e+01
vertex 5.342367e+00 -2.540000e+00 -1.567521e+01
vertex 6.725151e+00 -2.540000e+00 -1.527834e+01
endloop
endfacet
facet normal 0 0 0
outer loop
vertex 3.112049e+01 -2.540000e+00 1.472955e+00
vertex 3.095452e+01 -2.543138e+00 2.778109e+00
vertex 3.026093e+01 -2.540000e+00 2.075480e+00
endloop
endfacet
facet normal 0 0 0
outer loop
vertex 3.188390e+01 -2.537290e+00 2.455544e+00
vertex 3.095452e+01 -2.543138e+00 2.778109e+00
vertex 3.112049e+01 -2.540000e+00 1.472955e+00
endloop
endfacet
facet normal 0 0 0
outer loop
vertex 3.244233e+01 -2.540000e+00 -3.354910e+01
vertex 3.374767e+01 -2.522883e+00 -3.412746e+01
vertex 3.387962e+01 -2.540000e+00 -3.281752e+01
endloop
endfacet
facet normal 0 0 0
outer loop
vertex 4.135644e+01 2.540000e+00 -2.599431e+01
vertex 4.080537e+01 2.540000e+00 -2.684818e+01
vertex 4.033857e+01 2.540000e+00 -2.516757e+01
endloop
endfacet
facet normal 0 0 0
outer loop
vertex 3.272799e+01 -2.540000e+00 -3.428703e+01
vertex 3.374767e+01 -2.522883e+00 -3.412746e+01
vertex 3.244233e+01 -2.540000e+00 -3.354910e+01
endloop
endfacet
facet normal 0 0 0
outer loop
vertex 2.381569e+01 1.095868e+00 -3.668798e+01
vertex 2.465326e+01 7.556091e-02 -3.691570e+01
vertex 2.366842e+01 3.778045e-02 -3.685323e+01
endloop
endfacet
facet normal 0 0 0
outer loop
vertex 2.012249e+01 2.540000e+00 2.076847e+00
vertex 1.925254e+01 2.532525e+00 2.783793e+00
vertex 2.019810e+01 2.531442e+00 3.078355e+00
endloop
endfacet
facet normal 0 0 0
outer loop
vertex 8.161566e+00 2.156511e+00 -2.748500e+01
vertex 8.756979e+00 2.156511e+00 -2.828782e+01
vertex 8.032444e+00 1.278838e+00 -2.759479e+01
endloop
endfacet
facet normal 0 0 0
outer loop
vertex 3.389382e+01 -2.391438e+00 1.983917e+00
vertex 3.301123e+01 -2.391438e+00 2.408951e+00
vertex 3.281327e+01 -2.531442e+00 2.132979e+00
endloop
endfacet
facet normal 0 0 0
outer loop
vertex 3.966381e+01 2.540000e+00 -2.854528e+01
vertex 4.017148e+01 2.540000e+00 -2.778049e+01
vertex 4.066528e+01 2.546878e+00 -2.856533e+01
endloop
endfacet
facet normal 0 0 0
outer loop
vertex 4.066528e+01 2.546878e+00 -2.856533e+01
vertex 4.017148e+01 2.540000e+00 -2.778049e+01
vertex 4.125442e+01 2.534881e+00 -2.777407e+01
endloop
endfacet
facet normal 0 0 0
outer loop
vertex 4.199964e+01 1.964817e+00 -2.762090e+01
vertex 4.147455e+01 2.015267e+00 -2.831298e+01
vertex 4.147968e+01 2.203352e+00 -2.813399e+01
endloop
endfacet
facet normal 0 0 0
outer loop
vertex 1.548637e+01 2.085889e+00 -3.415149e+01
vertex 1.627813e+01 1.064387e+00 -3.474244e+01
vertex 1.545224e+01 1.146626e+00 -3.432233e+01
endloop
endfacet
facet normal 0 0 0
outer loop
vertex 1.639086e+01 2.085889e+00 -3.457929e+01
vertex 1.627813e+01 1.064387e+00 -3.474244e+01
vertex 1.548637e+01 2.085889e+00 -3.415149e+01
endloop
endfacet
facet normal 0 0 0
outer loop
vertex 2.902917e+01 -2.531442e+00 -3.561031e+01
vertex 2.999950e+01 -2.531442e+00 -3.541415e+01
vertex 2.942541e+01 -2.540000e+00 -3.471619e+01
endloop
endfacet
facet normal 0 0 0
outer loop
vertex 2.942541e+01 -2.540000e+00 -3.471619e+01
vertex 2.999950e+01 -2.531442e+00 -3.541415e+01
vertex 3.051437e+01 -2.540000e+00 -3.434945e+01
endloop
endfacet
facet normal 0 0 0
outer loop
vertex 2.465326e+01 7.556091e-02 -3.691570e+01
vertex 2.381569e+01 1.095868e+00 -3.668798e+01
vertex 2.481006e+01 1.033582e+00 -3.674839e+01
endloop
endfacet
facet normal 0 0 0
outer loop
vertex 3.354947e+01 1.072135e+00 2.577988e+00
vertex 3.290224e+01 2.085889e+00 2.671281e+00
vertex 3.263330e+01 1.233451e+00 2.944958e+00
endloop
endfacet
facet normal 0 0 0
outer loop
vertex 2.983138e+01 1.042944e+00 -3.618377e+01
vertex 2.870838e+01 1.147094e+00 -3.640678e+01
vertex 2.910809e+01 2.085889e+00 -3.616122e+01
endloop
endfacet
facet normal 0 0 0
outer loop
vertex 5.561858e+00 2.391438e+00 -1.112825e+01
vertex 5.585464e+00 2.085889e+00 -1.024859e+01
vertex 5.864775e+00 2.407233e+00 -1.012183e+01
endloop
endfacet
facet normal 0 0 0
outer loop
vertex 2.981085e+01 -1.078771e+00 3.849549e+00
vertex 2.910809e+01 -2.085889e+00 3.825426e+00
vertex 3.008586e+01 -2.085889e+00 3.578467e+00
endloop
endfacet
facet normal 0 0 0
outer loop
vertex 3.008586e+01 -2.085889e+00 3.578467e+00
vertex 2.910809e+01 -2.085889e+00 3.825426e+00
vertex 2.934166e+01 -2.391438e+00 3.565596e+00
endloop
endfacet
facet normal 0 0 0
outer loop
vertex 4.310104e+01 -2.015267e+00 -6.545503e+00
vertex 4.258612e+01 -2.015267e+00 -5.686406e+00
vertex 4.253159e+01 -2.231688e+00 -5.895056e+00
endloop
endfacet
facet normal 0 0 0
outer loop
vertex 3.008586e+01 2.085889e+00 -3.591427e+01
vertex 2.983138e+01 1.042944e+00 -3.618377e+01
vertex 2.910809e+01 2.085889e+00 -3.616122e+01
endloop
endfacet
facet normal 0 0 0
outer loop
vertex 3.106364e+01 2.085889e+00 -3.566731e+01
vertex 3.134236e+01 2.374789e+00 -3.537064e+01
vertex 3.201223e+01 2.085889e+00 -3.532495e+01
endloop
endfacet
facet normal 0 0 0
outer loop
vertex 3.201223e+01 2.085889e+00 -3.532495e+01
vertex 3.177154e+01 1.041861e+00 -3.562709e+01
vertex 3.106364e+01 2.085889e+00 -3.566731e+01
endloop
endfacet
facet normal 0 0 0
outer loop
vertex 1.473448e+01 -2.540000e+00 6.048030e-01
vertex 1.566883e+01 -2.531442e+00 1.310800e+00
vertex 1.478639e+01 -2.405944e+00 1.122245e+00
endloop
endfacet
facet normal 0 0 0
outer loop
vertex 3.106364e+01 -2.085889e+00 3.331508e+00
vertex 3.201223e+01 -2.085889e+00 2.989155e+00
vertex 3.179436e+01 -1.159517e+00 3.259799e+00
endloop
endfacet
facet normal 0 0 0
outer loop
vertex 3.387095e+01 -2.085889e+00 2.212407e+00
vertex 3.296082e+01 -2.085889e+00 2.646803e+00
vertex 3.301123e+01 -2.391438e+00 2.408951e+00
endloop
endfacet
facet normal 0 0 0
outer loop
vertex 5.113317e+00 -1.008868e+00 -2.102608e+01
vertex 4.727770e+00 0.000000e+00 -2.019828e+01
vertex 5.229037e+00 -9.691564e-02 -2.214357e+01
endloop
endfacet
facet normal 0 0 0
outer loop
vertex 4.727770e+00 0.000000e+00 -2.019828e+01
vertex 5.111013e+00 9.912209e-01 -2.102962e+01
vertex 5.229037e+00 -9.691564e-02 -2.214357e+01
endloop
endfacet
facet normal 0 0 0
outer loop
vertex 5.099234e+00 2.085889e+00 -1.218974e+01
vertex 5.342349e+00 2.085889e+00 -1.121917e+01
vertex 5.358641e+00 2.401417e+00 -1.200872e+01
endloop
endfacet
facet normal 0 0 0
outer loop
vertex 6.618522e+00 2.540000e+00 -1.623425e+01
vertex 5.317778e+00 2.540000e+00 -1.567459e+01
vertex 6.098327e+00 2.540000e+00 -1.511217e+01
endloop
endfacet
facet normal 0 0 0
outer loop
vertex 6.618522e+00 2.540000e+00 -1.623425e+01
vertex 5.342367e+00 2.540000e+00 -1.666059e+01
vertex 5.317778e+00 2.540000e+00 -1.567459e+01
endloop
endfacet
facet normal 0 0 0
outer loop
vertex 2.206658e+01 1.034144e+00 -3.651255e+01
vertex 2.300304e+01 1.125952e+00 -3.662470e+01
vertex 2.261174e+01 -7.331181e-02 -3.677305e+01
endloop
endfacet
facet normal 0 0 0
outer loop
vertex 6.725151e+00 -2.540000e+00 -1.527834e+01
vertex 5.342367e+00 -2.540000e+00 -1.567521e+01
vertex 6.101388e+00 -2.540000e+00 -1.607664e+01
endloop
endfacet
facet normal 0 0 0
outer loop
vertex 3.463213e+01 2.522883e+00 -3.367403e+01
vertex 3.353215e+01 2.540000e+00 -3.278502e+01
vertex 3.470182e+01 2.540000e+00 -3.272203e+01
endloop
endfacet
facet normal 0 0 0
outer loop
vertex 3.372270e+01 2.527163e+00 -3.407140e+01
vertex 3.353215e+01 2.540000e+00 -3.278502e+01
vertex 3.463213e+01 2.522883e+00 -3.367403e+01
endloop
endfacet
facet normal 0 0 0
outer loop
vertex 3.647524e+01 -2.391438e+00 5.182743e-01
vertex 3.724388e+01 -2.015267e+00 2.078452e-01
vertex 3.643939e+01 -2.015267e+00 8.044949e-01
endloop
endfacet
facet normal 0 0 0
outer loop
vertex 4.253159e+01 -2.231688e+00 -5.895056e+00
vertex 4.258612e+01 -2.015267e+00 -5.686406e+00
vertex 4.206341e+01 -2.391438e+00 -5.210993e+00
endloop
endfacet
facet normal 0 0 0
outer loop
vertex 3.004447e+01 -2.121200e+00 -3.591423e+01
vertex 2.907696e+01 -2.085889e+00 -3.616747e+01
vertex 2.980120e+01 -9.559433e-01 -3.620976e+01
endloop
endfacet
facet normal 0 0 0
outer loop
vertex 2.883242e+01 -1.018387e+00 -3.639932e+01
vertex 2.980120e+01 -9.559433e-01 -3.620976e+01
vertex 2.907696e+01 -2.085889e+00 -3.616747e+01
endloop
endfacet
facet normal 0 0 0
outer loop
vertex 3.008586e+01 -2.085889e+00 3.578467e+00
vertex 3.020996e+01 -2.384906e+00 3.348467e+00
vertex 3.106364e+01 -2.085889e+00 3.331508e+00
endloop
endfacet
facet normal 0 0 0
outer loop
vertex 9.628567e+00 2.540000e+00 -2.850500e+01
vertex 9.352392e+00 2.156511e+00 -2.909064e+01
vertex 8.756979e+00 2.156511e+00 -2.828782e+01
endloop
endfacet
facet normal 0 0 0
outer loop
vertex 9.800260e+00 -1.170514e+00 -2.459847e+00
vertex 1.002363e+01 -2.156511e+00 -2.504561e+00
vertex 1.041902e+01 -1.278757e+00 -1.806398e+00
endloop
endfacet
facet normal 0 0 0
outer loop
vertex 3.701249e+01 -2.540000e+00 -2.629745e+01
vertex 3.658572e+01 -2.540000e+00 -2.821644e+01
vertex 3.862121e+01 -2.540000e+00 -2.787782e+01
endloop
endfacet
facet normal 0 0 0
outer loop
vertex 1.002363e+01 -2.156511e+00 -2.504561e+00
vertex 1.069487e+01 -2.156511e+00 -1.763966e+00
vertex 1.041902e+01 -1.278757e+00 -1.806398e+00
endloop
endfacet
facet normal 0 0 0
outer loop
vertex 3.203518e+01 -2.540000e+00 1.786492e+00
vertex 3.112049e+01 -2.540000e+00 1.472955e+00
vertex 3.228160e+01 -2.540000e+00 1.129566e+00
endloop
endfacet
facet normal 0 0 0
outer loop
vertex 3.332220e+01 -2.525098e+00 7.340227e-01
vertex 3.281327e+01 -2.531442e+00 2.132979e+00
vertex 3.228160e+01 -2.540000e+00 1.129566e+00
endloop
endfacet
facet normal 0 0 0
outer loop
vertex 3.051437e+01 -2.540000e+00 -3.434945e+01
vertex 3.095053e+01 -2.540000e+00 -3.495363e+01
vertex 3.189146e+01 -2.531442e+00 -3.483057e+01
endloop
endfacet
facet normal 0 0 0
outer loop
vertex 3.854066e+01 -2.540000e+00 -3.000464e+00
vertex 3.928339e+01 -2.540000e+00 -4.176592e+00
vertex 4.002607e+01 -2.522883e+00 -2.994506e+00
endloop
endfacet
facet normal 0 0 0
outer loop
vertex 3.354947e+01 1.072135e+00 2.577988e+00
vertex 3.263330e+01 1.233451e+00 2.944958e+00
vertex 3.257598e+01 -5.251212e-03 3.200313e+00
endloop
endfacet
facet normal 0 0 0
outer loop
vertex 1.481056e+01 2.535721e+00 -3.308171e+01
vertex 1.566883e+01 2.531442e+00 -3.364660e+01
vertex 1.474895e+01 2.391438e+00 -3.348122e+01
endloop
endfacet
facet normal 0 0 0
outer loop
vertex 2.934166e+01 -2.391438e+00 3.565596e+00
vertex 3.020996e+01 -2.384906e+00 3.348467e+00
vertex 3.008586e+01 -2.085889e+00 3.578467e+00
endloop
endfacet
facet normal 0 0 0
outer loop
vertex 4.304478e+01 1.973894e+00 -2.589931e+01
vertex 4.307500e+01 1.058967e+00 -2.617858e+01
vertex 4.278931e+01 1.469199e+00 -2.651026e+01
endloop
endfacet
facet normal 0 0 0
outer loop
vertex 4.304478e+01 1.973894e+00 -2.589931e+01
vertex 4.278931e+01 1.469199e+00 -2.651026e+01
vertex 4.258612e+01 2.015267e+00 -2.664939e+01
endloop
endfacet
facet normal 0 0 0
outer loop
vertex 2.709543e+01 2.156511e+00 4.104252e+00
vertex 2.678482e+01 1.097629e+00 4.332411e+00
vertex 2.786696e+01 9.943343e-01 4.224533e+00
endloop
endfacet
facet normal 0 0 0
outer loop
vertex 2.709543e+01 2.156511e+00 4.104252e+00
vertex 2.786696e+01 9.943343e-01 4.224533e+00
vertex 2.808620e+01 2.121200e+00 3.967959e+00
endloop
endfacet
facet normal 0 0 0
outer loop
vertex 1.721440e+01 2.540000e+00 -2.164513e+01
vertex 1.639839e+01 2.540000e+00 -2.298698e+01
vertex 1.588932e+01 2.540000e+00 -2.131930e+01
endloop
endfacet
facet normal 0 0 0
outer loop
vertex 2.983651e+01 2.540000e+00 -1.709267e+01
vertex 2.957562e+01 2.540000e+00 -1.846605e+01
vertex 2.855701e+01 2.540000e+00 -1.720475e+01
endloop
endfacet
facet normal 0 0 0
outer loop
vertex 1.143546e+01 -2.156511e+00 -1.092729e+00
vertex 1.190536e+01 -1.076830e+00 -3.792834e-01
vertex 1.110817e+01 -1.065703e+00 -1.100205e+00
endloop
endfacet
facet normal 0 0 0
outer loop
vertex 3.517986e+01 0.000000e+00 -3.429716e+01
vertex 3.540131e+01 -1.033333e+00 -3.397684e+01
vertex 3.430294e+01 0.000000e+00 -3.478478e+01
endloop
endfacet
facet normal 0 0 0
outer loop
vertex 1.217606e+01 -2.156511e+00 -4.214916e-01
vertex 1.190536e+01 -1.076830e+00 -3.792834e-01
vertex 1.143546e+01 -2.156511e+00 -1.092729e+00
endloop
endfacet
facet normal 0 0 0
outer loop
vertex 4.190036e+01 0.000000e+00 -3.960852e+00
vertex 4.245022e+01 0.000000e+00 -4.800138e+00
vertex 4.206241e+01 9.672836e-01 -4.498923e+00
endloop
endfacet
facet normal 0 0 0
outer loop
vertex 4.198578e+01 -1.007633e+00 -4.394080e+00
vertex 4.254109e+01 -9.892120e-01 -5.236151e+00
vertex 4.245022e+01 0.000000e+00 -4.800138e+00
endloop
endfacet
facet normal 0 0 0
outer loop
vertex 1.548343e+01 2.391438e+00 -3.392145e+01
vertex 1.474895e+01 2.391438e+00 -3.348122e+01
vertex 1.566883e+01 2.531442e+00 -3.364660e+01
endloop
endfacet
facet normal 0 0 0
outer loop
vertex 4.073021e+01 1.227791e+00 -2.950071e+01
vertex 4.079866e+01 1.994883e+00 -2.921059e+01
vertex 4.143995e+01 9.457102e-01 -2.869724e+01
endloop
endfacet
facet normal 0 0 0
outer loop
vertex 6.332569e+00 -6.738596e-03 -7.331103e+00
vertex 6.494459e+00 1.078255e+00 -7.444568e+00
vertex 5.864124e+00 0.000000e+00 -8.336443e+00
endloop
endfacet
facet normal 0 0 0
outer loop
vertex 3.633154e+01 5.322503e-02 -3.360918e+01
vertex 3.770827e+01 0.000000e+00 -3.266959e+01
vertex 3.671231e+01 -1.136712e+00 -3.312853e+01
endloop
endfacet
facet normal 0 0 0
outer loop
vertex 2.783222e+01 2.540000e+00 -8.828658e+00
vertex 2.566768e+01 2.540000e+00 -9.045138e+00
vertex 2.733422e+01 2.540000e+00 -7.444051e+00
endloop
endfacet
facet normal 0 0 0
outer loop
vertex 3.770827e+01 0.000000e+00 -3.266959e+01
vertex 3.633154e+01 5.322503e-02 -3.360918e+01
vertex 3.709071e+01 1.119646e+00 -3.286628e+01
endloop
endfacet
facet normal 0 0 0
outer loop
vertex 3.688252e+01 0.000000e+00 9.037628e-01
vertex 3.710585e+01 9.079675e-01 5.670741e-01
vertex 3.605677e+01 0.000000e+00 1.473740e+00
endloop
endfacet
facet normal 0 0 0
outer loop
vertex 3.605677e+01 0.000000e+00 1.473740e+00
vertex 3.705454e+01 -9.666810e-01 5.906926e-01
vertex 3.688252e+01 0.000000e+00 9.037628e-01
endloop
endfacet
facet normal 0 0 0
outer loop
vertex 4.493948e+01 9.490502e-01 -1.065865e+01
vertex 4.471843e+01 5.292308e-02 -9.402676e+00
vertex 4.499512e+01 -1.172936e-01 -1.036691e+01
endloop
endfacet
facet normal 0 0 0
outer loop
vertex 1.020824e+01 3.647228e-02 -1.703578e+00
vertex 1.110817e+01 -1.065703e+00 -1.100205e+00
vertex 1.104810e+01 1.143586e-02 -9.099555e-01
endloop
endfacet
facet normal 0 0 0
outer loop
vertex 2.324755e+01 2.540000e+00 -3.208807e+00
vertex 2.542890e+01 2.540000e+00 -3.331423e+00
vertex 2.419589e+01 2.540000e+00 -4.466941e+00
endloop
endfacet
facet normal 0 0 0
outer loop
vertex 6.706504e+00 -2.156511e+00 -7.468991e+00
vertex 6.091276e+00 -1.084987e+00 -8.293927e+00
vertex 6.279154e+00 -2.156511e+00 -8.372547e+00
endloop
endfacet
facet normal 0 0 0
outer loop
vertex 5.078497e+00 2.015267e+00 -2.015019e+01
vertex 5.362834e+00 2.156511e+00 -2.111150e+01
vertex 5.111013e+00 9.912209e-01 -2.102962e+01
endloop
endfacet
facet normal 0 0 0
outer loop
vertex 3.851858e+01 -2.374313e+00 -3.126534e+01
vertex 3.804837e+01 -2.015267e+00 -3.194699e+01
vertex 3.880424e+01 -1.900679e+00 -3.129093e+01
endloop
endfacet
facet normal 0 0 0
outer loop
vertex 1.415633e+01 2.540000e+00 -3.713633e+00
vertex 1.597787e+01 2.540000e+00 -2.935624e+00
vertex 1.597599e+01 2.540000e+00 -4.834741e+00
endloop
endfacet
facet normal 0 0 0
outer loop
vertex 2.637553e+01 -2.540000e+00 -3.414804e+01
vertex 2.574763e+01 -2.535721e+00 -3.494662e+01
vertex 2.738679e+01 -2.540000e+00 -3.450899e+01
endloop
endfacet
facet normal 0 0 0
outer loop
vertex 2.967748e+01 2.510621e+00 -3.557130e+01
vertex 3.045648e+01 2.531442e+00 -3.474934e+01
vertex 3.032591e+01 2.516752e+00 -3.539361e+01
endloop
endfacet
facet normal 0 0 0
outer loop
vertex 4.393798e+01 -2.085889e+00 -2.397134e+01
vertex 4.399162e+01 -2.385772e+00 -2.328167e+01
vertex 4.352632e+01 -2.391438e+00 -2.442926e+01
endloop
endfacet
facet normal 0 0 0
outer loop
vertex 1.985537e+01 2.540000e+00 -3.414758e+01
vertex 2.023021e+01 2.535721e+00 -3.535830e+01
vertex 1.926643e+01 2.540000e+00 -3.507598e+01
endloop
endfacet
facet normal 0 0 0
outer loop
vertex 3.950274e+01 -2.156511e+00 -3.057183e+01
vertex 3.937239e+01 -1.078255e+00 -3.097370e+01
vertex 4.012889e+01 -1.037621e+00 -3.021737e+01
endloop
endfacet
facet normal 0 0 0
outer loop
vertex 4.258612e+01 2.015267e+00 -2.664939e+01
vertex 4.252109e+01 2.238190e+00 -2.643212e+01
vertex 4.304478e+01 1.973894e+00 -2.589931e+01
endloop
endfacet
facet normal 0 0 0
outer loop
vertex 4.411282e+01 2.391438e+00 -9.389720e+00
vertex 4.358246e+01 2.405123e+00 -8.104944e+00
vertex 4.393798e+01 2.085889e+00 -8.364456e+00
endloop
endfacet
facet normal 0 0 0
outer loop
vertex 4.411282e+01 2.391438e+00 -9.389720e+00
vertex 4.338749e+01 2.540000e+00 -8.992544e+00
vertex 4.358246e+01 2.405123e+00 -8.104944e+00
endloop
endfacet
facet normal 0 0 0
outer loop
vertex 1.297888e+01 -2.156511e+00 1.739216e-01
vertex 1.351681e+01 -1.166298e+00 8.184418e-01
vertex 1.280479e+01 -1.039894e+00 3.191019e-01
endloop
endfacet
facet normal 0 0 0
outer loop
vertex 1.378170e+01 -2.156511e+00 7.693348e-01
vertex 1.351681e+01 -1.166298e+00 8.184418e-01
vertex 1.297888e+01 -2.156511e+00 1.739216e-01
endloop
endfacet
facet normal 0 0 0
outer loop
vertex 3.083457e+01 -1.000957e+00 3.604601e+00
vertex 3.150549e+01 -1.776389e-02 3.558467e+00
vertex 3.053439e+01 5.854939e-02 3.864343e+00
endloop
endfacet
facet normal 0 0 0
outer loop
vertex 4.749487e+00 1.023090e+00 -1.320297e+01
vertex 4.941900e+00 2.050578e+00 -1.317843e+01
vertex 4.784567e+00 2.015267e+00 -1.416712e+01
endloop
endfacet
facet normal 0 0 0
outer loop
vertex 3.718292e+01 -2.015267e+00 -3.258886e+01
vertex 3.642765e+01 -2.085889e+00 -3.312271e+01
vertex 3.671231e+01 -1.136712e+00 -3.312853e+01
endloop
endfacet
facet normal 0 0 0
outer loop
vertex 4.545166e+01 -2.050578e+00 -1.716725e+01
vertex 4.539199e+01 -2.085889e+00 -1.816660e+01
vertex 4.558324e+01 -1.257067e+00 -1.761713e+01
endloop
endfacet
facet normal 0 0 0
outer loop
vertex 3.241662e+01 -2.391438e+00 -3.498564e+01
vertex 3.209432e+01 -1.912113e+00 -3.533904e+01
vertex 3.289415e+01 -2.156511e+00 -3.498755e+01
endloop
endfacet
facet normal 0 0 0
outer loop
vertex 3.724388e+01 2.015267e+00 -3.254365e+01
vertex 3.709071e+01 1.119646e+00 -3.286628e+01
vertex 3.643939e+01 2.015267e+00 -3.314030e+01
endloop
endfacet
facet normal 0 0 0
outer loop
vertex 4.143995e+01 9.457102e-01 -2.869724e+01
vertex 4.079866e+01 1.994883e+00 -2.921059e+01
vertex 4.147455e+01 2.015267e+00 -2.831298e+01
endloop
endfacet
facet normal 0 0 0
outer loop
vertex 4.087790e+01 -2.015267e+00 -3.218331e+00
vertex 4.147455e+01 -2.015267e+00 -4.022820e+00
vertex 4.126450e+01 -1.041249e+00 -3.443259e+00
endloop
endfacet
facet normal 0 0 0
outer loop
vertex 3.643939e+01 -2.015267e+00 8.044949e-01
vertex 3.724388e+01 -2.015267e+00 2.078452e-01
vertex 3.705454e+01 -9.666810e-01 5.906926e-01
endloop
endfacet
facet normal 0 0 0
outer loop
vertex 4.392490e+01 -1.995353e+00 -8.278635e+00
vertex 4.376911e+01 -1.505087e+00 -7.733333e+00
vertex 4.351526e+01 -1.854076e+00 -7.350311e+00
endloop
endfacet
facet normal 0 0 0
outer loop
vertex 4.351526e+01 -1.854076e+00 -7.350311e+00
vertex 4.310104e+01 -2.015267e+00 -6.545503e+00
vertex 4.307007e+01 -2.391438e+00 -6.954570e+00
endloop
endfacet
facet normal 0 0 0
outer loop
vertex 1.205089e+01 2.540000e+00 -2.103889e+01
vertex 1.316300e+01 2.540000e+00 -2.101081e+01
vertex 1.321136e+01 2.540000e+00 -2.236481e+01
endloop
endfacet
facet normal 0 0 0
outer loop
vertex 4.511910e+01 -2.015267e+00 -1.218561e+01
vertex 4.498733e+01 -2.391438e+00 -1.266102e+01
vertex 4.526607e+01 -2.015267e+00 -1.317637e+01
endloop
endfacet
facet normal 0 0 0
outer loop
vertex 4.523767e+01 -2.391438e+00 -1.465870e+01
vertex 4.546218e+01 -2.015267e+00 -1.516751e+01
vertex 4.541303e+01 -2.015267e+00 -1.416712e+01
endloop
endfacet
facet normal 0 0 0
outer loop
vertex 2.109587e+01 2.540000e+00 3.169242e+00
vertex 2.120472e+01 2.540000e+00 2.393504e+00
vertex 2.019810e+01 2.531442e+00 3.078355e+00
endloop
endfacet
facet normal 0 0 0
outer loop
vertex 4.931532e+00 2.015267e+00 -1.915943e+01
vertex 5.087793e+00 2.190675e+00 -1.882744e+01
vertex 5.612240e+00 2.540000e+00 -1.960391e+01
endloop
endfacet
facet normal 0 0 0
outer loop
vertex 4.541303e+01 2.015267e+00 -1.816868e+01
vertex 4.509960e+01 1.999060e+00 -2.024061e+01
vertex 4.498733e+01 2.391438e+00 -1.967478e+01
endloop
endfacet
facet normal 0 0 0
outer loop
vertex 4.429494e+01 -2.015267e+00 -9.299411e+00
vertex 4.431356e+01 -1.176581e+00 -8.882460e+00
vertex 4.392490e+01 -1.995353e+00 -8.278635e+00
endloop
endfacet
facet normal 0 0 0
outer loop
vertex 4.429494e+01 -2.015267e+00 -9.299411e+00
vertex 4.392490e+01 -1.995353e+00 -8.278635e+00
vertex 4.392978e+01 -2.375218e+00 -8.852355e+00
endloop
endfacet
facet normal 0 0 0
outer loop
vertex 3.804837e+01 -2.015267e+00 -3.888044e-01
vertex 3.879050e+01 -2.015267e+00 -1.061435e+00
vertex 3.878637e+01 -1.032878e+00 -8.088559e-01
endloop
endfacet
facet normal 0 0 0
outer loop
vertex 3.045648e+01 2.531442e+00 -3.474934e+01
vertex 3.097434e+01 2.522883e+00 -3.521592e+01
vertex 3.032591e+01 2.516752e+00 -3.539361e+01
endloop
endfacet
facet normal 0 0 0
outer loop
vertex 3.804837e+01 2.015267e+00 -3.194699e+01
vertex 3.808012e+01 2.391438e+00 -3.163843e+01
vertex 3.879050e+01 2.015267e+00 -3.127436e+01
endloop
endfacet
facet normal 0 0 0
outer loop
vertex 3.792635e+01 2.540000e+00 -1.165436e+01
vertex 3.640416e+01 2.540000e+00 -1.196407e+01
vertex 3.663261e+01 2.540000e+00 -1.074669e+01
endloop
endfacet
facet normal 0 0 0
outer loop
vertex 1.956566e+01 -2.540000e+00 -3.373845e+01
vertex 1.995914e+01 -2.540000e+00 -3.210229e+01
vertex 1.863421e+01 -2.540000e+00 -3.238860e+01
endloop
endfacet
facet normal 0 0 0
outer loop
vertex 1.021070e+01 -2.465719e+00 -2.853939e+00
vertex 9.352392e+00 -2.156511e+00 -3.245157e+00
vertex 9.487590e+00 -2.391438e+00 -3.356111e+00
endloop
endfacet
facet normal 0 0 0
outer loop
vertex 1.002363e+01 -2.156511e+00 -2.504561e+00
vertex 9.352392e+00 -2.156511e+00 -3.245157e+00
vertex 1.021070e+01 -2.465719e+00 -2.853939e+00
endloop
endfacet
facet normal 0 0 0
outer loop
vertex 3.879050e+01 -2.015267e+00 -1.061435e+00
vertex 3.869711e+01 -2.254941e+00 -1.222694e+00
vertex 3.953263e+01 -2.015267e+00 -1.734065e+00
endloop
endfacet
facet normal 0 0 0
outer loop
vertex 7.647710e+00 2.156511e+00 -2.662768e+01
vertex 8.032444e+00 1.278838e+00 -2.759479e+01
vertex 7.399487e+00 1.050701e+00 -2.663393e+01
endloop
endfacet
facet normal 0 0 0
outer loop
vertex 8.161566e+00 2.156511e+00 -2.748500e+01
vertex 8.032444e+00 1.278838e+00 -2.759479e+01
vertex 7.647710e+00 2.156511e+00 -2.662768e+01
endloop
endfacet
facet normal 0 0 0
outer loop
vertex 3.554342e+01 -1.940744e+00 -3.369359e+01
vertex 3.470126e+01 -2.156511e+00 -3.413285e+01
vertex 3.540131e+01 -1.033333e+00 -3.397684e+01
endloop
endfacet
facet normal 0 0 0
outer loop
vertex 1.117819e+01 -9.052367e-01 -3.133817e+01
vertex 1.143970e+01 -1.869046e+00 -3.133984e+01
vertex 1.067992e+01 -2.085889e+00 -3.058678e+01
endloop
endfacet
facet normal 0 0 0
outer loop
vertex 1.449032e+01 9.516562e-01 -3.380615e+01
vertex 1.409824e+01 1.608336e+00 -3.343097e+01
vertex 1.463404e+01 2.121200e+00 -3.362831e+01
endloop
endfacet
facet normal 0 0 0
outer loop
vertex 5.121102e+00 -9.225193e-01 -1.121510e+01
vertex 5.362834e+00 -2.156511e+00 -1.122430e+01
vertex 5.366305e+00 -1.098453e+00 -1.036385e+01
endloop
endfacet
facet normal 0 0 0
outer loop
vertex 5.366305e+00 -1.098453e+00 -1.036385e+01
vertex 5.362834e+00 -2.156511e+00 -1.122430e+01
vertex 5.605698e+00 -2.156511e+00 -1.025473e+01
endloop
endfacet
facet normal 0 0 0
outer loop
vertex 9.775206e+00 2.391438e+00 -3.018185e+00
vertex 1.038762e+01 2.391438e+00 -2.346282e+00
vertex 1.020785e+01 2.531442e+00 -3.026559e+00
endloop
endfacet
facet normal 0 0 0
outer loop
vertex 1.283995e+01 -1.946671e+00 -3.247486e+01
vertex 1.217606e+01 -2.156511e+00 -3.191431e+01
vertex 1.278136e+01 -1.163206e+00 -3.260950e+01
endloop
endfacet
facet normal 0 0 0
outer loop
vertex 3.290224e+01 2.085889e+00 2.671281e+00
vertex 3.354947e+01 1.072135e+00 2.577988e+00
vertex 3.381208e+01 1.868319e+00 2.294717e+00
endloop
endfacet
facet normal 0 0 0
outer loop
vertex 4.018214e+01 -2.121200e+00 -2.983795e+01
vertex 4.012889e+01 -1.037621e+00 -3.021737e+01
vertex 4.086155e+01 -2.085889e+00 -2.910406e+01
endloop
endfacet
facet normal 0 0 0
outer loop
vertex 2.509880e+01 2.085889e+00 4.223482e+00
vertex 2.585008e+01 1.011086e+00 4.378570e+00
vertex 2.609712e+01 2.121200e+00 4.163867e+00
endloop
endfacet
facet normal 0 0 0
outer loop
vertex 2.609712e+01 2.121200e+00 4.163867e+00
vertex 2.642045e+01 2.410295e+00 3.941342e+00
vertex 2.509880e+01 2.085889e+00 4.223482e+00
endloop
endfacet
facet normal 0 0 0
outer loop
vertex 3.647524e+01 -2.391438e+00 5.182743e-01
vertex 3.729008e+01 -2.196591e+00 4.843128e-02
vertex 3.724388e+01 -2.015267e+00 2.078452e-01
endloop
endfacet
facet normal 0 0 0
outer loop
vertex 2.546133e+01 -2.404912e+00 -3.632737e+01
vertex 2.509880e+01 -2.085889e+00 -3.655928e+01
vertex 2.609712e+01 -2.121200e+00 -3.649967e+01
endloop
endfacet
facet normal 0 0 0
outer loop
vertex 1.982708e+01 9.771079e-01 -3.606071e+01
vertex 1.917949e+01 2.085889e+00 -3.568124e+01
vertex 2.015213e+01 2.121200e+00 -3.591398e+01
endloop
endfacet
facet normal 0 0 0
outer loop
vertex 2.944131e+01 -2.391438e+00 -3.588397e+01
vertex 2.907696e+01 -2.085889e+00 -3.616747e+01
vertex 3.004447e+01 -2.121200e+00 -3.591423e+01
endloop
endfacet
facet normal 0 0 0
outer loop
vertex 2.811755e+01 2.121200e+00 -3.629907e+01
vertex 2.870838e+01 1.147094e+00 -3.640678e+01
vertex 2.780852e+01 1.047911e+00 -3.655868e+01
endloop
endfacet
facet normal 0 0 0
outer loop
vertex 4.358246e+01 2.405123e+00 -8.104944e+00
vertex 4.322300e+01 2.391438e+00 -7.284840e+00
vertex 4.353671e+01 2.015267e+00 -7.466646e+00
endloop
endfacet
facet normal 0 0 0
outer loop
vertex 7.983908e+00 2.540000e+00 -2.604919e+01
vertex 7.490753e+00 2.540000e+00 -2.519502e+01
vertex 8.467160e+00 2.540000e+00 -2.542669e+01
endloop
endfacet
facet normal 0 0 0
outer loop
vertex 4.509837e+01 -2.085889e+00 -2.014606e+01
vertex 4.524518e+01 -2.085889e+00 -1.915633e+01
vertex 4.498417e+01 -2.413183e+00 -1.935484e+01
endloop
endfacet
facet normal 0 0 0
outer loop
vertex 1.600492e+01 8.748435e-01 2.311131e+00
vertex 1.636051e+01 1.876792e+00 2.280612e+00
vertex 1.548637e+01 2.085889e+00 1.815693e+00
endloop
endfacet
facet normal 0 0 0
outer loop
vertex 1.548637e+01 2.085889e+00 1.815693e+00
vertex 1.636051e+01 1.876792e+00 2.280612e+00
vertex 1.652045e+01 2.366266e+00 2.130368e+00
endloop
endfacet
facet normal 0 0 0
outer loop
vertex 9.978268e+00 1.887188e+00 -2.457109e+00
vertex 1.038762e+01 2.391438e+00 -2.346282e+00
vertex 9.775206e+00 2.391438e+00 -3.018185e+00
endloop
endfacet
facet normal 0 0 0
outer loop
vertex 1.136755e+01 2.015267e+00 -1.097284e+00
vertex 1.067992e+01 2.085889e+00 -1.749015e+00
vertex 1.133572e+01 1.143794e+00 -9.120259e-01
endloop
endfacet
facet normal 0 0 0
outer loop
vertex 4.324582e+01 -2.522883e+00 -7.979654e+00
vertex 4.261059e+01 -2.540000e+00 -8.957909e+00
vertex 4.365448e+01 -2.522883e+00 -8.885334e+00
endloop
endfacet
facet normal 0 0 0
outer loop
vertex 4.258612e+01 -2.015267e+00 -5.686406e+00
vertex 4.310104e+01 -2.015267e+00 -6.545503e+00
vertex 4.308316e+01 -9.571065e-01 -6.136687e+00
endloop
endfacet
facet normal 0 0 0
outer loop
vertex 3.992726e+01 2.391438e+00 -2.484078e+00
vertex 4.019754e+01 1.955593e+00 -2.450977e+00
vertex 4.047545e+01 2.391438e+00 -3.080519e+00
endloop
endfacet
facet normal 0 0 0
outer loop
vertex 4.024601e+01 9.794841e-01 -2.231390e+00
vertex 4.019754e+01 1.955593e+00 -2.450977e+00
vertex 3.951768e+01 2.085889e+00 -1.749015e+00
endloop
endfacet
facet normal 0 0 0
outer loop
vertex 7.965505e+00 1.021020e+00 -4.757658e+00
vertex 8.525305e+00 1.042944e+00 -4.001211e+00
vertex 8.740017e+00 2.085889e+00 -4.035399e+00
endloop
endfacet
facet normal 0 0 0
outer loop
vertex 2.544613e+01 -2.533676e+00 -3.102727e+01
vertex 2.376726e+01 -2.540000e+00 -3.152920e+01
vertex 2.454082e+01 -2.540000e+00 -3.246986e+01
endloop
endfacet
facet normal 0 0 0
outer loop
vertex 3.196018e+01 2.085889e+00 3.008358e+00
vertex 3.236026e+01 2.395114e+00 2.663908e+00
vertex 3.147778e+01 2.388207e+00 2.988152e+00
endloop
endfacet
facet normal 0 0 0
outer loop
vertex 2.340460e+01 -2.535614e+00 -3.306934e+01
vertex 2.454082e+01 -2.540000e+00 -3.246986e+01
vertex 2.376726e+01 -2.540000e+00 -3.152920e+01
endloop
endfacet
facet normal 0 0 0
outer loop
vertex 2.557139e+01 2.540000e+00 -7.513062e+00
vertex 2.429910e+01 2.538372e+00 -8.293757e+00
vertex 2.433291e+01 2.540000e+00 -6.946666e+00
endloop
endfacet
facet normal 0 0 0
outer loop
vertex 9.336048e+00 -2.085889e+00 -2.910406e+01
vertex 9.882610e+00 -1.870226e+00 -2.977773e+01
vertex 1.003326e+01 -2.367077e+00 -2.963882e+01
endloop
endfacet
facet normal 0 0 0
outer loop
vertex 9.336048e+00 -2.085889e+00 -2.910406e+01
vertex 9.798169e+00 -8.589538e-01 -2.995662e+01
vertex 9.882610e+00 -1.870226e+00 -2.977773e+01
endloop
endfacet
facet normal 0 0 0
outer loop
vertex 7.496617e+00 1.056420e+00 -5.541822e+00
vertex 7.636844e+00 1.942268e+00 -5.618497e+00
vertex 7.115208e+00 2.085889e+00 -6.555469e+00
endloop
endfacet
facet normal 0 0 0
outer loop
vertex 3.008876e+01 2.540000e+00 4.678065e-01
vertex 3.217768e+01 2.540000e+00 7.532951e-01
vertex 3.104467e+01 2.540000e+00 -6.940215e-01
endloop
endfacet
facet normal 0 0 0
outer loop
vertex 2.765473e+01 2.540000e+00 -3.612734e-01
vertex 2.866523e+01 2.540000e+00 -1.975566e+00
vertex 2.731002e+01 2.540000e+00 -1.789016e+00
endloop
endfacet
facet normal 0 0 0
outer loop
vertex 2.765473e+01 2.540000e+00 -3.612734e-01
vertex 2.844292e+01 2.540000e+00 6.028581e-01
vertex 2.942460e+01 2.540000e+00 -7.903531e-01
endloop
endfacet
facet normal 0 0 0
outer loop
vertex 5.113317e+00 -1.008868e+00 -2.102608e+01
vertex 5.342349e+00 -2.085889e+00 -2.111663e+01
vertex 5.099234e+00 -2.085889e+00 -2.014606e+01
endloop
endfacet
facet normal 0 0 0
outer loop
vertex 2.907696e+01 2.085889e+00 3.831667e+00
vertex 2.980568e+01 1.072219e+00 3.848005e+00
vertex 3.004753e+01 2.085889e+00 3.588552e+00
endloop
endfacet
facet normal 0 0 0
outer loop
vertex 2.334042e+01 2.540000e+00 -8.072992e+00
vertex 2.241420e+01 2.540000e+00 -9.449480e+00
vertex 2.158816e+01 2.540000e+00 -7.766105e+00
endloop
endfacet
facet normal 0 0 0
outer loop
vertex 1.823743e+01 2.085889e+00 -3.534416e+01
vertex 1.797647e+01 1.016071e+00 -3.545372e+01
vertex 1.729536e+01 2.085889e+00 -3.500708e+01
endloop
endfacet
facet normal 0 0 0
outer loop
vertex 1.237985e+01 2.540000e+00 -3.132575e+01
vertex 1.358496e+01 2.540000e+00 -3.070848e+01
vertex 1.271978e+01 2.501716e+00 -3.180130e+01
endloop
endfacet
facet normal 0 0 0
outer loop
vertex 4.433604e+01 -1.879668e+00 -2.299734e+01
vertex 4.393798e+01 -2.085889e+00 -2.397134e+01
vertex 4.432365e+01 -1.049877e+00 -2.349598e+01
endloop
endfacet
facet normal 0 0 0
outer loop
vertex 4.399162e+01 -2.385772e+00 -2.328167e+01
vertex 4.393798e+01 -2.085889e+00 -2.397134e+01
vertex 4.433604e+01 -1.879668e+00 -2.299734e+01
endloop
endfacet
facet normal 0 0 0
outer loop
vertex 3.047164e+01 2.320185e+00 -3.565695e+01
vertex 3.032591e+01 2.516752e+00 -3.539361e+01
vertex 3.097434e+01 2.522883e+00 -3.521592e+01
endloop
endfacet
facet normal 0 0 0
outer loop
vertex 4.256800e+01 -2.085889e+00 -2.663854e+01
vertex 4.205362e+01 -2.085889e+00 -2.749675e+01
vertex 4.239534e+01 -1.045398e+00 -2.730523e+01
endloop
endfacet
facet normal 0 0 0
outer loop
vertex 3.877632e+01 2.085889e+00 -1.077082e+00
vertex 3.803496e+01 2.085889e+00 -4.051480e-01
vertex 3.872190e+01 1.036227e+00 -7.697130e-01
endloop
endfacet
facet normal 0 0 0
outer loop
vertex 3.854317e+01 2.392230e+00 -1.110927e+00
vertex 3.803496e+01 2.085889e+00 -4.051480e-01
vertex 3.877632e+01 2.085889e+00 -1.077082e+00
endloop
endfacet
facet normal 0 0 0
outer loop
vertex 5.864775e+00 2.407233e+00 -1.012183e+01
vertex 5.932309e+00 2.121200e+00 -9.310571e+00
vertex 6.251309e+00 2.400234e+00 -9.008383e+00
endloop
endfacet
facet normal 0 0 0
outer loop
vertex 1.675175e+01 -2.397290e+00 2.180060e+00
vertex 1.639491e+01 -2.121200e+00 2.233720e+00
vertex 1.564596e+01 -2.404753e+00 1.641476e+00
endloop
endfacet
facet normal 0 0 0
outer loop
vertex 1.830698e+01 2.533607e+00 2.489232e+00
vertex 1.775076e+01 2.391438e+00 2.638089e+00
vertex 1.865455e+01 2.391438e+00 2.963859e+00
endloop
endfacet
facet normal 0 0 0
outer loop
vertex 9.800260e+00 -1.170514e+00 -2.459847e+00
vertex 9.574096e+00 0.000000e+00 -2.409946e+00
vertex 8.910858e+00 0.000000e+00 -3.158586e+00
endloop
endfacet
facet normal 0 0 0
outer loop
vertex 1.564596e+01 -2.404753e+00 1.641476e+00
vertex 1.655720e+01 -2.533641e+00 1.728682e+00
vertex 1.675175e+01 -2.397290e+00 2.180060e+00
endloop
endfacet
facet normal 0 0 0
outer loop
vertex 6.051189e+00 -2.540000e+00 -1.080873e+01
vertex 6.365315e+00 -2.540000e+00 -9.873783e+00
vertex 5.816430e+00 -2.398546e+00 -1.024011e+01
endloop
endfacet
facet normal 0 0 0
outer loop
vertex 1.002363e+01 -2.156511e+00 -2.504561e+00
vertex 1.021070e+01 -2.465719e+00 -2.853939e+00
vertex 1.093382e+01 -2.540000e+00 -2.351768e+00
endloop
endfacet
facet normal 0 0 0
outer loop
vertex 9.352392e+00 2.156511e+00 -2.909064e+01
vertex 1.013134e+01 2.140998e+00 -2.995699e+01
vertex 9.754761e+00 1.224683e+00 -2.981112e+01
endloop
endfacet
facet normal 0 0 0
outer loop
vertex 1.021070e+01 2.465719e+00 -2.948186e+01
vertex 1.093382e+01 2.540000e+00 -2.998403e+01
vertex 1.013134e+01 2.140998e+00 -2.995699e+01
endloop
endfacet
facet normal 0 0 0
outer loop
vertex 1.069487e+01 2.156511e+00 -3.057183e+01
vertex 1.143546e+01 2.156511e+00 -3.124307e+01
vertex 1.093633e+01 1.573828e+00 -3.095614e+01
endloop
endfacet
facet normal 0 0 0
outer loop
vertex 5.753191e+00 -1.072206e+00 -9.216119e+00
vertex 5.639215e+00 -1.559234e+00 -9.793407e+00
vertex 5.912716e+00 -2.096913e+00 -9.343773e+00
endloop
endfacet
facet normal 0 0 0
outer loop
vertex 3.147778e+01 2.388207e+00 2.988152e+00
vertex 3.236026e+01 2.395114e+00 2.663908e+00
vertex 3.189146e+01 2.531442e+00 2.494765e+00
endloop
endfacet
facet normal 0 0 0
outer loop
vertex 7.647710e+00 -2.156511e+00 -5.708118e+00
vertex 7.461979e+00 -9.821516e-01 -5.573568e+00
vertex 7.269184e+00 -1.586009e+00 -6.106977e+00
endloop
endfacet
facet normal 0 0 0
outer loop
vertex 5.370330e+00 1.086334e+00 -1.033889e+01
vertex 5.342349e+00 2.085889e+00 -1.121917e+01
vertex 5.135141e+00 1.037472e+00 -1.124206e+01
endloop
endfacet
facet normal 0 0 0
outer loop
vertex 5.585464e+00 2.085889e+00 -1.024859e+01
vertex 5.342349e+00 2.085889e+00 -1.121917e+01
vertex 5.370330e+00 1.086334e+00 -1.033889e+01
endloop
endfacet
facet normal 0 0 0
outer loop
vertex 3.241662e+01 -2.391438e+00 -3.498564e+01
vertex 3.168891e+01 -2.391438e+00 -3.523964e+01
vertex 3.209432e+01 -1.912113e+00 -3.533904e+01
endloop
endfacet
facet normal 0 0 0
outer loop
vertex 9.628567e+00 2.540000e+00 -2.850500e+01
vertex 8.756979e+00 2.156511e+00 -2.828782e+01
vertex 8.967777e+00 2.465719e+00 -2.794642e+01
endloop
endfacet
facet normal 0 0 0
outer loop
vertex 4.931532e+00 2.015267e+00 -1.915943e+01
vertex 4.784567e+00 2.015267e+00 -1.816868e+01
vertex 5.087793e+00 2.190675e+00 -1.882744e+01
endloop
endfacet
facet normal 0 0 0
outer loop
vertex 1.297888e+01 -2.156511e+00 1.739216e-01
vertex 1.280479e+01 -1.039894e+00 3.191019e-01
vertex 1.245737e+01 -1.617383e+00 -8.518791e-02
endloop
endfacet
facet normal 0 0 0
outer loop
vertex 2.012249e+01 2.540000e+00 2.076847e+00
vertex 2.159179e+01 2.540000e+00 1.256637e+00
vertex 2.026171e+01 2.540000e+00 7.336923e-01
endloop
endfacet
facet normal 0 0 0
outer loop
vertex 3.851858e+01 -2.374313e+00 -3.126534e+01
vertex 3.880424e+01 -1.900679e+00 -3.129093e+01
vertex 3.950274e+01 -2.156511e+00 -3.057183e+01
endloop
endfacet
facet normal 0 0 0
outer loop
vertex 6.706504e+00 -2.156511e+00 -7.468991e+00
vertex 6.444118e+00 -9.090876e-01 -7.462237e+00
vertex 6.091276e+00 -1.084987e+00 -8.293927e+00
endloop
endfacet
facet normal 0 0 0
outer loop
vertex 1.419233e+01 2.870102e-02 -3.380468e+01
vertex 1.449032e+01 9.516562e-01 -3.380615e+01
vertex 1.504867e+01 2.673241e-02 -3.433442e+01
endloop
endfacet
facet normal 0 0 0
outer loop
vertex 2.907696e+01 2.085889e+00 3.831667e+00
vertex 2.875256e+01 1.208733e+00 4.052838e+00
vertex 2.980568e+01 1.072219e+00 3.848005e+00
endloop
endfacet
facet normal 0 0 0
outer loop
vertex 4.049375e+01 -2.540000e+00 -5.626239e+00
vertex 4.184355e+01 -2.522883e+00 -5.352993e+00
vertex 4.130650e+01 -2.529368e+00 -4.700930e+00
endloop
endfacet
facet normal 0 0 0
outer loop
vertex 2.006384e+01 2.540000e+00 -3.075166e+01
vertex 1.876086e+01 2.540000e+00 -2.919141e+01
vertex 2.043719e+01 2.540000e+00 -2.912672e+01
endloop
endfacet
facet normal 0 0 0
outer loop
vertex 2.979500e+01 2.540000e+00 -3.462569e+00
vertex 3.043513e+01 2.540000e+00 -2.146833e+00
vertex 3.128077e+01 2.540000e+00 -3.428928e+00
endloop
endfacet
facet normal 0 0 0
outer loop
vertex 2.979500e+01 2.540000e+00 -3.462569e+00
vertex 2.866523e+01 2.540000e+00 -1.975566e+00
vertex 3.043513e+01 2.540000e+00 -2.146833e+00
endloop
endfacet
facet normal 0 0 0
outer loop
vertex 4.333736e+00 0.000000e+00 -1.610987e+01
vertex 4.510600e+00 -1.007161e+00 -1.612488e+01
vertex 4.574154e+00 -1.077657e+00 -1.507053e+01
endloop
endfacet
facet normal 0 0 0
outer loop
vertex 4.510600e+00 -1.007161e+00 -1.612488e+01
vertex 4.333736e+00 0.000000e+00 -1.610987e+01
vertex 4.544643e+00 -9.190102e-01 -1.723608e+01
endloop
endfacet
facet normal 0 0 0
outer loop
vertex 2.328288e+01 2.540000e+00 -1.145908e+01
vertex 2.463609e+01 2.540000e+00 -1.276656e+01
vertex 2.281856e+01 2.540000e+00 -1.292869e+01
endloop
endfacet
facet normal 0 0 0
outer loop
vertex 3.112049e+01 -2.540000e+00 1.472955e+00
vertex 3.026093e+01 -2.540000e+00 2.075480e+00
vertex 2.963279e+01 -2.540000e+00 1.005913e+00
endloop
endfacet
facet normal 0 0 0
outer loop
vertex 2.352943e+01 2.540000e+00 -1.440244e+01
vertex 2.281856e+01 2.540000e+00 -1.292869e+01
vertex 2.463609e+01 2.540000e+00 -1.276656e+01
endloop
endfacet
facet normal 0 0 0
outer loop
vertex 3.557736e+01 2.522883e+00 -3.309641e+01
vertex 3.643939e+01 2.015267e+00 -3.314030e+01
vertex 3.559835e+01 2.203352e+00 -3.352209e+01
endloop
endfacet
facet normal 0 0 0
outer loop
vertex 1.730345e+01 -2.156511e+00 2.651747e+00
vertex 1.793057e+01 -2.391438e+00 2.690603e+00
vertex 1.814100e+01 -2.015267e+00 2.996284e+00
endloop
endfacet
facet normal 0 0 0
outer loop
vertex 1.048937e+01 2.540000e+00 -1.389008e+01
vertex 8.896464e+00 2.540000e+00 -1.379150e+01
vertex 9.735907e+00 2.540000e+00 -1.230246e+01
endloop
endfacet
facet normal 0 0 0
outer loop
vertex 1.449032e+01 9.516562e-01 -3.380615e+01
vertex 1.463404e+01 2.121200e+00 -3.362831e+01
vertex 1.548637e+01 2.085889e+00 -3.415149e+01
endloop
endfacet
facet normal 0 0 0
outer loop
vertex 2.100582e+01 1.106204e+00 -3.632426e+01
vertex 1.982708e+01 9.771079e-01 -3.606071e+01
vertex 2.015213e+01 2.121200e+00 -3.591398e+01
endloop
endfacet
facet normal 0 0 0
outer loop
vertex 3.095452e+01 -2.543138e+00 2.778109e+00
vertex 3.102781e+01 -2.422696e+00 3.072103e+00
vertex 2.999429e+01 -2.537290e+00 3.038410e+00
endloop
endfacet
facet normal 0 0 0
outer loop
vertex 4.387359e+01 1.084749e+00 -2.456666e+01
vertex 4.428348e+01 1.086274e+00 -2.358404e+01
vertex 4.392941e+01 -9.466412e-02 -2.488466e+01
endloop
endfacet
facet normal 0 0 0
outer loop
vertex 5.102318e+00 -2.455178e+00 -1.553348e+01
vertex 5.366957e+00 -2.540000e+00 -1.468920e+01
vertex 4.927964e+00 -2.196953e+00 -1.553367e+01
endloop
endfacet
facet normal 0 0 0
outer loop
vertex 4.927964e+00 -2.196953e+00 -1.553367e+01
vertex 5.366957e+00 -2.540000e+00 -1.468920e+01
vertex 4.735421e+00 -2.015267e+00 -1.516751e+01
endloop
endfacet
facet normal 0 0 0
outer loop
vertex 5.932309e+00 2.121200e+00 -9.310571e+00
vertex 6.279154e+00 2.156511e+00 -8.372547e+00
vertex 6.251309e+00 2.400234e+00 -9.008383e+00
endloop
endfacet
facet normal 0 0 0
outer loop
vertex 6.279154e+00 2.156511e+00 -8.372547e+00
vertex 5.932309e+00 2.121200e+00 -9.310571e+00
vertex 6.076766e+00 1.206071e+00 -8.382908e+00
endloop
endfacet
facet normal 0 0 0
outer loop
vertex 6.365315e+00 -2.540000e+00 -9.873783e+00
vertex 6.870396e+00 -2.540000e+00 -1.105845e+01
vertex 7.619668e+00 -2.540000e+00 -1.015710e+01
endloop
endfacet
facet normal 0 0 0
outer loop
vertex 3.453808e+01 -2.540000e+00 5.247930e-01
vertex 3.447646e+01 -2.540000e+00 -4.564837e-01
vertex 3.519896e+01 -2.540000e+00 9.853539e-02
endloop
endfacet
facet normal 0 0 0
outer loop
vertex 9.487590e+00 -2.391438e+00 -3.356111e+00
vertex 1.037002e+01 -2.540000e+00 -3.192148e+00
vertex 1.021070e+01 -2.465719e+00 -2.853939e+00
endloop
endfacet
facet normal 0 0 0
outer loop
vertex 3.773195e+01 2.540000e+00 -4.757977e+00
vertex 3.627340e+01 2.540000e+00 -5.219239e+00
vertex 3.688057e+01 2.536178e+00 -3.814952e+00
endloop
endfacet
facet normal 0 0 0
outer loop
vertex 3.627340e+01 2.540000e+00 -5.219239e+00
vertex 3.808213e+01 2.540000e+00 -5.868857e+00
vertex 3.616512e+01 2.540000e+00 -7.374132e+00
endloop
endfacet
facet normal 0 0 0
outer loop
vertex 4.355012e+01 -1.884647e+00 -2.489833e+01
vertex 4.352632e+01 -2.391438e+00 -2.442926e+01
vertex 4.308425e+01 -2.380482e+00 -2.535132e+01
endloop
endfacet
facet normal 0 0 0
outer loop
vertex 1.971073e+01 2.540000e+00 -5.885060e-01
vertex 1.892096e+01 2.540000e+00 -1.898559e+00
vertex 1.849032e+01 2.540000e+00 -8.986346e-01
endloop
endfacet
facet normal 0 0 0
outer loop
vertex 4.292015e+01 -2.540000e+00 -2.304502e+01
vertex 4.189346e+01 -2.540000e+00 -2.388915e+01
vertex 4.320167e+01 -2.531442e+00 -2.433622e+01
endloop
endfacet
facet normal 0 0 0
outer loop
vertex 1.065374e+01 -2.392410e+00 -3.026994e+01
vertex 1.067992e+01 -2.085889e+00 -3.058678e+01
vertex 1.116948e+01 -2.391438e+00 -3.078622e+01
endloop
endfacet
facet normal 0 0 0
outer loop
vertex 4.292015e+01 -2.540000e+00 -2.304502e+01
vertex 4.320167e+01 -2.531442e+00 -2.433622e+01
vertex 4.349971e+01 -2.540000e+00 -2.329105e+01
endloop
endfacet
facet normal 0 0 0
outer loop
vertex 9.591152e+00 2.540000e+00 -1.645354e+01
vertex 9.323992e+00 2.540000e+00 -1.801880e+01
vertex 8.029237e+00 2.540000e+00 -1.681523e+01
endloop
endfacet
facet normal 0 0 0
outer loop
vertex 7.964787e+00 2.540000e+00 -1.530566e+01
vertex 8.896464e+00 2.540000e+00 -1.379150e+01
vertex 9.621166e+00 2.540000e+00 -1.509890e+01
endloop
endfacet
facet normal 0 0 0
outer loop
vertex 4.049375e+01 -2.540000e+00 -5.626239e+00
vertex 4.130650e+01 -2.529368e+00 -4.700930e+00
vertex 4.058864e+01 -2.531442e+00 -4.682867e+00
endloop
endfacet
facet normal 0 0 0
outer loop
vertex 4.234035e+01 -2.522883e+00 -6.213483e+00
vertex 4.184355e+01 -2.522883e+00 -5.352993e+00
vertex 4.150222e+01 -2.540000e+00 -6.418261e+00
endloop
endfacet
facet normal 0 0 0
outer loop
vertex 3.585239e+01 -2.540000e+00 -6.975029e-01
vertex 3.696772e+01 -2.540000e+00 -1.501681e+00
vertex 3.711984e+01 -2.522883e+00 -2.979207e-01
endloop
endfacet
facet normal 0 0 0
outer loop
vertex 3.729008e+01 -2.196591e+00 4.843128e-02
vertex 3.711984e+01 -2.522883e+00 -2.979207e-01
vertex 3.804837e+01 -2.015267e+00 -3.888044e-01
endloop
endfacet
facet normal 0 0 0
outer loop
vertex 3.108798e+01 -2.007989e+00 -3.568011e+01
vertex 3.168891e+01 -2.391438e+00 -3.523964e+01
vertex 3.096120e+01 -2.391438e+00 -3.549364e+01
endloop
endfacet
facet normal 0 0 0
outer loop
vertex 3.463213e+01 2.522883e+00 -3.367403e+01
vertex 3.470182e+01 2.540000e+00 -3.272203e+01
vertex 3.557736e+01 2.522883e+00 -3.309641e+01
endloop
endfacet
facet normal 0 0 0
outer loop
vertex 4.393053e+01 1.985445e+00 -2.404962e+01
vertex 4.341574e+01 2.254005e+00 -2.469982e+01
vertex 4.324582e+01 2.522883e+00 -2.435615e+01
endloop
endfacet
facet normal 0 0 0
outer loop
vertex 4.397093e+01 2.522883e+00 -2.250860e+01
vertex 4.463237e+01 2.015267e+00 -2.209334e+01
vertex 4.420310e+01 2.237113e+00 -2.277510e+01
endloop
endfacet
facet normal 0 0 0
outer loop
vertex 4.353671e+01 2.015267e+00 -7.466646e+00
vertex 4.322300e+01 2.391438e+00 -7.284840e+00
vertex 4.308239e+01 2.085889e+00 -6.555469e+00
endloop
endfacet
facet normal 0 0 0
outer loop
vertex 3.470126e+01 -2.156511e+00 -3.413285e+01
vertex 3.422586e+01 -2.368127e+00 -3.419759e+01
vertex 3.382839e+01 -1.858095e+00 -3.462492e+01
endloop
endfacet
facet normal 0 0 0
outer loop
vertex 3.833401e+01 2.540000e+00 -2.851359e+01
vertex 3.920293e+01 2.540000e+00 -2.773464e+01
vertex 3.966381e+01 2.540000e+00 -2.854528e+01
endloop
endfacet
facet normal 0 0 0
outer loop
vertex 3.839100e+01 2.540000e+00 -2.735932e+01
vertex 3.920293e+01 2.540000e+00 -2.773464e+01
vertex 3.833401e+01 2.540000e+00 -2.851359e+01
endloop
endfacet
facet normal 0 0 0
outer loop
vertex 1.639086e+01 2.085889e+00 -3.457929e+01
vertex 1.623856e+01 2.410660e+00 -3.423311e+01
vertex 1.733557e+01 2.391438e+00 -3.480951e+01
endloop
endfacet
facet normal 0 0 0
outer loop
vertex 4.393053e+01 1.985445e+00 -2.404962e+01
vertex 4.324582e+01 2.522883e+00 -2.435615e+01
vertex 4.365448e+01 2.522883e+00 -2.345047e+01
endloop
endfacet
facet normal 0 0 0
outer loop
vertex 3.650695e+01 -2.540000e+00 -2.249874e+01
vertex 3.657060e+01 -2.540000e+00 -2.121132e+01
vertex 3.509268e+01 -2.540000e+00 -2.231364e+01
endloop
endfacet
facet normal 0 0 0
outer loop
vertex 3.544442e+01 -2.540000e+00 -1.966209e+01
vertex 3.526273e+01 -2.540000e+00 -2.103527e+01
vertex 3.657060e+01 -2.540000e+00 -2.121132e+01
endloop
endfacet
facet normal 0 0 0
outer loop
vertex 4.393053e+01 1.985445e+00 -2.404962e+01
vertex 4.365448e+01 2.522883e+00 -2.345047e+01
vertex 4.392978e+01 2.375218e+00 -2.348345e+01
endloop
endfacet
facet normal 0 0 0
outer loop
vertex 3.560733e+01 2.540000e+00 -3.007548e+01
vertex 3.471135e+01 2.540000e+00 -3.165792e+01
vertex 3.351477e+01 2.540000e+00 -3.096588e+01
endloop
endfacet
facet normal 0 0 0
outer loop
vertex 4.392490e+01 -1.995353e+00 -8.278635e+00
vertex 4.324582e+01 -2.522883e+00 -7.979654e+00
vertex 4.365448e+01 -2.522883e+00 -8.885334e+00
endloop
endfacet
facet normal 0 0 0
outer loop
vertex 8.967777e+00 2.465719e+00 -2.794642e+01
vertex 9.052814e+00 2.540000e+00 -2.770418e+01
vertex 9.628567e+00 2.540000e+00 -2.850500e+01
endloop
endfacet
facet normal 0 0 0
outer loop
vertex 4.444401e+01 -2.415117e+00 -2.177328e+01
vertex 4.395003e+01 -2.540000e+00 -2.153722e+01
vertex 4.399442e+01 -2.522883e+00 -2.251649e+01
endloop
endfacet
facet normal 0 0 0
outer loop
vertex 4.392490e+01 -1.995353e+00 -8.278635e+00
vertex 4.351379e+01 -2.203352e+00 -7.655468e+00
vertex 4.324582e+01 -2.522883e+00 -7.979654e+00
endloop
endfacet
facet normal 0 0 0
outer loop
vertex 3.236026e+01 2.395114e+00 2.663908e+00
vertex 3.273582e+01 2.540000e+00 1.992798e+00
vertex 3.189146e+01 2.531442e+00 2.494765e+00
endloop
endfacet
facet normal 0 0 0
outer loop
vertex 4.004465e+01 -2.522883e+00 -2.935769e+01
vertex 4.122421e+01 -2.531442e+00 -2.776128e+01
vertex 4.004534e+01 -2.540000e+00 -2.722977e+01
endloop
endfacet
facet normal 0 0 0
outer loop
vertex 3.301123e+01 -2.391438e+00 2.408951e+00
vertex 3.204444e+01 -2.397857e+00 2.755231e+00
vertex 3.281327e+01 -2.531442e+00 2.132979e+00
endloop
endfacet
facet normal 0 0 0
outer loop
vertex 3.101811e+01 2.085889e+00 3.345436e+00
vertex 3.080680e+01 1.144498e+00 3.587449e+00
vertex 3.174513e+01 1.071388e+00 3.294884e+00
endloop
endfacet
facet normal 0 0 0
outer loop
vertex 3.241662e+01 -2.391438e+00 -3.498564e+01
vertex 3.272799e+01 -2.540000e+00 -3.428703e+01
vertex 3.189146e+01 -2.531442e+00 -3.483057e+01
endloop
endfacet
facet normal 0 0 0
outer loop
vertex 1.090431e+01 2.540000e+00 -2.624593e+01
vertex 1.019638e+01 2.540000e+00 -2.734838e+01
vertex 9.591806e+00 2.540000e+00 -2.648696e+01
endloop
endfacet
facet normal 0 0 0
outer loop
vertex 3.174513e+01 1.071388e+00 3.294884e+00
vertex 3.196018e+01 2.085889e+00 3.008358e+00
vertex 3.101811e+01 2.085889e+00 3.345436e+00
endloop
endfacet
facet normal 0 0 0
outer loop
vertex 1.019638e+01 2.540000e+00 -2.734838e+01
vertex 1.090431e+01 2.540000e+00 -2.624593e+01
vertex 1.149666e+01 2.540000e+00 -2.789227e+01
endloop
endfacet
facet normal 0 0 0
outer loop
vertex 1.474289e+01 -2.531442e+00 -3.311459e+01
vertex 1.558046e+01 -2.540000e+00 -3.337914e+01
vertex 1.601056e+01 -2.540000e+00 -3.226349e+01
endloop
endfacet
facet normal 0 0 0
outer loop
vertex 3.426130e+01 2.540000e+00 -8.567165e+00
vertex 3.399448e+01 2.540000e+00 -7.343060e+00
vertex 3.616512e+01 2.540000e+00 -7.374132e+00
endloop
endfacet
facet normal 0 0 0
outer loop
vertex 3.851858e+01 -2.374313e+00 -3.126534e+01
vertex 3.805092e+01 -2.237933e+00 -3.180825e+01
vertex 3.804837e+01 -2.015267e+00 -3.194699e+01
endloop
endfacet
facet normal 0 0 0
outer loop
vertex 3.372270e+01 -2.527163e+00 1.735605e+00
vertex 3.389382e+01 -2.391438e+00 1.983917e+00
vertex 3.281327e+01 -2.531442e+00 2.132979e+00
endloop
endfacet
facet normal 0 0 0
outer loop
vertex 3.441218e+01 2.540000e+00 -1.002490e+01
vertex 3.426130e+01 2.540000e+00 -8.567165e+00
vertex 3.578387e+01 2.540000e+00 -9.135401e+00
endloop
endfacet
facet normal 0 0 0
outer loop
vertex 3.422586e+01 -2.368127e+00 -3.419759e+01
vertex 3.446011e+01 -2.540000e+00 -3.350322e+01
vertex 3.374767e+01 -2.522883e+00 -3.412746e+01
endloop
endfacet
facet normal 0 0 0
outer loop
vertex 2.470817e+01 -2.488450e+00 3.826396e+00
vertex 2.528677e+01 -2.499180e+00 3.821458e+00
vertex 2.490139e+01 -2.325167e+00 4.080268e+00
endloop
endfacet
facet normal 0 0 0
outer loop
vertex 4.130650e+01 -2.529368e+00 -4.700930e+00
vertex 4.207120e+01 -2.015267e+00 -4.827309e+00
vertex 4.144850e+01 -2.228595e+00 -4.256507e+00
endloop
endfacet
facet normal 0 0 0
outer loop
vertex 2.470817e+01 -2.488450e+00 3.826396e+00
vertex 2.460626e+01 -2.540000e+00 3.545527e+00
vertex 2.528677e+01 -2.499180e+00 3.821458e+00
endloop
endfacet
facet normal 0 0 0
outer loop
vertex 4.540740e+01 -1.062862e+00 -1.943020e+01
vertex 4.524518e+01 -2.085889e+00 -1.915633e+01
vertex 4.509837e+01 -2.085889e+00 -2.014606e+01
endloop
endfacet
facet normal 0 0 0
outer loop
vertex 2.661282e+01 2.537860e+00 -3.516589e+01
vertex 2.721581e+01 2.540000e+00 -3.442303e+01
vertex 2.707497e+01 2.529302e+00 -3.589844e+01
endloop
endfacet
facet normal 0 0 0
outer loop
vertex 2.608388e+01 2.535721e+00 -3.594252e+01
vertex 2.707497e+01 2.529302e+00 -3.589844e+01
vertex 2.683118e+01 2.416567e+00 -3.623197e+01
endloop
endfacet
facet normal 0 0 0
outer loop
vertex 1.143546e+01 -2.156511e+00 -1.092729e+00
vertex 1.110817e+01 -1.065703e+00 -1.100205e+00
vertex 1.069487e+01 -2.156511e+00 -1.763966e+00
endloop
endfacet
facet normal 0 0 0
outer loop
vertex 1.041902e+01 -1.278757e+00 -1.806398e+00
vertex 1.069487e+01 -2.156511e+00 -1.763966e+00
vertex 1.110817e+01 -1.065703e+00 -1.100205e+00
endloop
endfacet
facet normal 0 0 0
outer loop
vertex 7.744798e+00 2.540000e+00 -8.654122e+00
vertex 6.995936e+00 2.531442e+00 -7.999577e+00
vertex 8.260965e+00 2.540000e+00 -7.644338e+00
endloop
endfacet
facet normal 0 0 0
outer loop
vertex 1.081854e+01 -2.391438e+00 -1.887636e+00
vertex 1.069487e+01 -2.156511e+00 -1.763966e+00
vertex 1.093382e+01 -2.540000e+00 -2.351768e+00
endloop
endfacet
facet normal 0 0 0
outer loop
vertex 2.825987e+01 -2.358484e+00 3.773203e+00
vertex 2.706541e+01 -2.325737e+00 3.978724e+00
vertex 2.730799e+01 -2.522883e+00 3.632829e+00
endloop
endfacet
facet normal 0 0 0
outer loop
vertex 2.706541e+01 -2.325737e+00 3.978724e+00
vertex 2.825987e+01 -2.358484e+00 3.773203e+00
vertex 2.811069e+01 -2.085889e+00 3.974576e+00
endloop
endfacet
facet normal 0 0 0
outer loop
vertex 4.461493e+01 -1.959762e+00 -1.016269e+01
vertex 4.487574e+01 -2.015267e+00 -1.121404e+01
vertex 4.494157e+01 -1.012096e+00 -1.070188e+01
endloop
endfacet
facet normal 0 0 0
outer loop
vertex 6.774713e+00 -2.540000e+00 -1.344074e+01
vertex 7.285965e+00 -2.540000e+00 -1.441077e+01
vertex 8.407562e+00 -2.540000e+00 -1.390339e+01
endloop
endfacet
facet normal 0 0 0
outer loop
vertex 8.243367e+00 -2.540000e+00 -1.525755e+01
vertex 8.407562e+00 -2.540000e+00 -1.390339e+01
vertex 7.285965e+00 -2.540000e+00 -1.441077e+01
endloop
endfacet
facet normal 0 0 0
outer loop
vertex 3.735548e+01 2.386999e+00 -1.147242e-01
vertex 3.709059e+01 2.531442e+00 -3.365355e-01
vertex 3.576403e+01 2.391438e+00 9.785176e-01
endloop
endfacet
facet normal 0 0 0
outer loop
vertex 3.576403e+01 2.391438e+00 9.785176e-01
vertex 3.642765e+01 2.085889e+00 7.869148e-01
vertex 3.735548e+01 2.386999e+00 -1.147242e-01
endloop
endfacet
facet normal 0 0 0
outer loop
vertex 8.910858e+00 0.000000e+00 -3.158586e+00
vertex 8.342923e+00 -5.485279e-02 -3.955295e+00
vertex 8.453548e+00 -9.890308e-01 -4.076557e+00
endloop
endfacet
facet normal 0 0 0
outer loop
vertex 8.525305e+00 1.042944e+00 -4.001211e+00
vertex 8.342923e+00 -5.485279e-02 -3.955295e+00
vertex 8.910858e+00 0.000000e+00 -3.158586e+00
endloop
endfacet
facet normal 0 0 0
outer loop
vertex 1.151906e+01 -2.426387e+00 -1.466438e+00
vertex 1.237985e+01 -2.540000e+00 -1.010047e+00
vertex 1.143546e+01 -2.156511e+00 -1.092729e+00
endloop
endfacet
facet normal 0 0 0
outer loop
vertex 1.918523e+01 2.540000e+00 1.649872e+00
vertex 1.925254e+01 2.532525e+00 2.783793e+00
vertex 2.012249e+01 2.540000e+00 2.076847e+00
endloop
endfacet
facet normal 0 0 0
outer loop
vertex 1.925254e+01 2.532525e+00 2.783793e+00
vertex 1.972877e+01 2.391438e+00 3.295127e+00
vertex 2.019810e+01 2.531442e+00 3.078355e+00
endloop
endfacet
facet normal 0 0 0
outer loop
vertex 1.237985e+01 -2.540000e+00 -1.010047e+00
vertex 1.228701e+01 -2.391438e+00 -5.566893e-01
vertex 1.217606e+01 -2.156511e+00 -4.214916e-01
endloop
endfacet
facet normal 0 0 0
outer loop
vertex 1.143546e+01 -2.156511e+00 -1.092729e+00
vertex 1.237985e+01 -2.540000e+00 -1.010047e+00
vertex 1.217606e+01 -2.156511e+00 -4.214916e-01
endloop
endfacet
facet normal 0 0 0
outer loop
vertex 7.263693e+00 -2.540000e+00 -2.111717e+01
vertex 8.540651e+00 -2.540000e+00 -2.130654e+01
vertex 7.722681e+00 -2.540000e+00 -1.976568e+01
endloop
endfacet
facet normal 0 0 0
outer loop
vertex 2.211139e+01 -2.085889e+00 3.978632e+00
vertex 2.112476e+01 -2.156511e+00 3.810930e+00
vertex 2.138137e+01 -2.399930e+00 3.655324e+00
endloop
endfacet
facet normal 0 0 0
outer loop
vertex 1.729536e+01 2.085889e+00 2.671281e+00
vertex 1.821115e+01 1.867224e+00 3.050326e+00
vertex 1.775076e+01 2.391438e+00 2.638089e+00
endloop
endfacet
facet normal 0 0 0
outer loop
vertex 6.251309e+00 2.400234e+00 -9.008383e+00
vertex 6.279154e+00 2.156511e+00 -8.372547e+00
vertex 6.589204e+00 2.403395e+00 -8.156231e+00
endloop
endfacet
facet normal 0 0 0
outer loop
vertex 3.096120e+01 -2.391438e+00 -3.549364e+01
vertex 3.095053e+01 -2.540000e+00 -3.495363e+01
vertex 2.999950e+01 -2.531442e+00 -3.541415e+01
endloop
endfacet
facet normal 0 0 0
outer loop
vertex 1.020785e+01 -2.531442e+00 -2.930924e+01
vertex 1.096291e+01 -2.540000e+00 -2.994497e+01
vertex 1.166598e+01 -2.540000e+00 -2.942145e+01
endloop
endfacet
facet normal 0 0 0
outer loop
vertex 1.419980e+01 -2.397151e+00 -3.315137e+01
vertex 1.396224e+01 -2.540000e+00 -3.249384e+01
vertex 1.335663e+01 -2.390346e+00 -3.258894e+01
endloop
endfacet
facet normal 0 0 0
outer loop
vertex 3.545471e+01 -2.531442e+00 -3.311459e+01
vertex 3.596972e+01 -2.349832e+00 -3.321959e+01
vertex 3.627265e+01 -2.531442e+00 -3.255693e+01
endloop
endfacet
facet normal 0 0 0
outer loop
vertex 9.590622e+00 2.531442e+00 -3.800540e+00
vertex 8.973392e+00 2.531442e+00 -4.574522e+00
vertex 9.090189e+00 2.408013e+00 -3.927309e+00
endloop
endfacet
facet normal 0 0 0
outer loop
vertex 2.567464e+01 2.540000e+00 -2.653653e+01
vertex 2.455061e+01 2.540000e+00 -2.495406e+01
vertex 2.629365e+01 2.540000e+00 -2.540557e+01
endloop
endfacet
facet normal 0 0 0
outer loop
vertex 3.098123e+01 2.540000e+00 2.585191e+00
vertex 3.064935e+01 2.540000e+00 1.744818e+00
vertex 2.999950e+01 2.531442e+00 3.078355e+00
endloop
endfacet
facet normal 0 0 0
outer loop
vertex 2.704748e+01 -2.540000e+00 -3.583418e+01
vertex 2.687205e+01 -2.540000e+00 -3.521405e+01
vertex 2.608876e+01 -2.531442e+00 -3.600360e+01
endloop
endfacet
facet normal 0 0 0
outer loop
vertex 4.428738e+01 -2.522883e+00 -1.076907e+01
vertex 4.461493e+01 -1.959762e+00 -1.016269e+01
vertex 4.397093e+01 -2.522883e+00 -9.827203e+00
endloop
endfacet
facet normal 0 0 0
outer loop
vertex 2.608035e+01 2.540000e+00 2.713793e+00
vertex 2.608876e+01 2.531442e+00 3.667805e+00
vertex 2.701035e+01 2.540000e+00 3.384529e+00
endloop
endfacet
facet normal 0 0 0
outer loop
vertex 4.397093e+01 -2.522883e+00 -9.827203e+00
vertex 4.461493e+01 -1.959762e+00 -1.016269e+01
vertex 4.428107e+01 -2.195242e+00 -9.547406e+00
endloop
endfacet
facet normal 0 0 0
outer loop
vertex 2.701035e+01 2.540000e+00 3.384529e+00
vertex 2.608876e+01 2.531442e+00 3.667805e+00
vertex 2.642045e+01 2.410295e+00 3.941342e+00
endloop
endfacet
facet normal 0 0 0
outer loop
vertex 4.461493e+01 -1.959762e+00 -1.016269e+01
vertex 4.428738e+01 -2.522883e+00 -1.076907e+01
vertex 4.453933e+01 -2.391438e+00 -1.069818e+01
endloop
endfacet
facet normal 0 0 0
outer loop
vertex 6.995936e+00 2.531442e+00 -7.999577e+00
vertex 7.617335e+00 2.540000e+00 -7.259975e+00
vertex 8.260965e+00 2.540000e+00 -7.644338e+00
endloop
endfacet
facet normal 0 0 0
outer loop
vertex 7.223840e+00 2.391438e+00 -6.778443e+00
vertex 7.617335e+00 2.540000e+00 -7.259975e+00
vertex 6.995936e+00 2.531442e+00 -7.999577e+00
endloop
endfacet
facet normal 0 0 0
outer loop
vertex 7.899196e+00 2.531442e+00 -6.237704e+00
vertex 8.613872e+00 2.540000e+00 -5.523174e+00
vertex 9.240897e+00 2.540000e+00 -5.862182e+00
endloop
endfacet
facet normal 0 0 0
outer loop
vertex 6.668968e+00 2.535721e+00 -8.932763e+00
vertex 6.251309e+00 2.400234e+00 -9.008383e+00
vertex 6.589204e+00 2.403395e+00 -8.156231e+00
endloop
endfacet
facet normal 0 0 0
outer loop
vertex 3.784895e+01 -2.531442e+00 -3.136293e+01
vertex 3.791762e+01 -2.391438e+00 -3.174934e+01
vertex 3.851858e+01 -2.374313e+00 -3.126534e+01
endloop
endfacet
facet normal 0 0 0
outer loop
vertex 5.392540e+00 2.531442e+00 -1.369839e+01
vertex 5.646629e+00 2.540000e+00 -1.267851e+01
vertex 6.373851e+00 2.540000e+00 -1.296021e+01
endloop
endfacet
facet normal 0 0 0
outer loop
vertex 2.472889e+01 2.540000e+00 2.269753e+00
vertex 2.410884e+01 2.531442e+00 3.667805e+00
vertex 2.509880e+01 2.531442e+00 3.667805e+00
endloop
endfacet
facet normal 0 0 0
outer loop
vertex 2.469588e+01 -2.540000e+00 -3.500187e+01
vertex 2.608876e+01 -2.531442e+00 -3.600360e+01
vertex 2.574763e+01 -2.535721e+00 -3.494662e+01
endloop
endfacet
facet normal 0 0 0
outer loop
vertex 2.410884e+01 -2.531442e+00 -3.600360e+01
vertex 2.546133e+01 -2.404912e+00 -3.632737e+01
vertex 2.608876e+01 -2.531442e+00 -3.600360e+01
endloop
endfacet
facet normal 0 0 0
outer loop
vertex 1.830614e+01 -2.531442e+00 -3.483057e+01
vertex 2.019810e+01 -2.531442e+00 -3.541415e+01
vertex 1.956566e+01 -2.540000e+00 -3.373845e+01
endloop
endfacet
facet normal 0 0 0
outer loop
vertex 2.896749e+01 2.540000e+00 1.969107e+00
vertex 2.829270e+01 2.540000e+00 2.635688e+00
vertex 2.897970e+01 2.540000e+00 3.096409e+00
endloop
endfacet
facet normal 0 0 0
outer loop
vertex 2.805884e+01 -2.531442e+00 -3.580647e+01
vertex 2.902917e+01 -2.531442e+00 -3.561031e+01
vertex 2.841019e+01 -2.540000e+00 -3.494627e+01
endloop
endfacet
facet normal 0 0 0
outer loop
vertex 2.944131e+01 -2.391438e+00 -3.588397e+01
vertex 2.902917e+01 -2.531442e+00 -3.561031e+01
vertex 2.805884e+01 -2.531442e+00 -3.580647e+01
endloop
endfacet
facet normal 0 0 0
outer loop
vertex 3.313505e+01 2.367625e+00 -3.470087e+01
vertex 3.221120e+01 2.376665e+00 -3.504860e+01
vertex 3.281327e+01 2.531442e+00 -3.446878e+01
endloop
endfacet
facet normal 0 0 0
outer loop
vertex 4.165955e+01 -2.540000e+00 -2.684514e+01
vertex 4.122421e+01 -2.531442e+00 -2.776128e+01
vertex 4.169898e+01 -2.380942e+00 -2.767797e+01
endloop
endfacet
facet normal 0 0 0
outer loop
vertex 2.827303e+01 2.540000e+00 -2.733450e+01
vertex 2.823821e+01 2.540000e+00 -2.921727e+01
vertex 2.698721e+01 2.540000e+00 -2.790615e+01
endloop
endfacet
facet normal 0 0 0
outer loop
vertex 2.698721e+01 2.540000e+00 -2.790615e+01
vertex 2.717944e+01 2.540000e+00 -2.643489e+01
vertex 2.827303e+01 2.540000e+00 -2.733450e+01
endloop
endfacet
facet normal 0 0 0
outer loop
vertex 4.269543e+01 2.540000e+00 -9.211762e+00
vertex 4.320167e+01 2.531442e+00 -7.999577e+00
vertex 4.338749e+01 2.540000e+00 -8.992544e+00
endloop
endfacet
facet normal 0 0 0
outer loop
vertex 4.358246e+01 2.405123e+00 -8.104944e+00
vertex 4.338749e+01 2.540000e+00 -8.992544e+00
vertex 4.320167e+01 2.531442e+00 -7.999577e+00
endloop
endfacet
facet normal 0 0 0
outer loop
vertex 5.831715e+00 -2.540000e+00 -1.177031e+01
vertex 6.870396e+00 -2.540000e+00 -1.105845e+01
vertex 6.051189e+00 -2.540000e+00 -1.080873e+01
endloop
endfacet
facet normal 0 0 0
outer loop
vertex 1.733557e+01 2.391438e+00 -3.480951e+01
vertex 1.623856e+01 2.410660e+00 -3.423311e+01
vertex 1.744927e+01 2.540000e+00 -3.447256e+01
endloop
endfacet
facet normal 0 0 0
outer loop
vertex 7.854620e+00 -2.391438e+00 -2.666037e+01
vertex 8.438641e+00 -2.533643e+00 -2.692791e+01
vertex 7.899196e+00 -2.531442e+00 -2.609810e+01
endloop
endfacet
facet normal 0 0 0
outer loop
vertex 2.461034e+01 2.533581e+00 -3.593682e+01
vertex 2.387357e+01 2.532511e+00 -3.593398e+01
vertex 2.371931e+01 2.540000e+00 -3.484164e+01
endloop
endfacet
facet normal 0 0 0
outer loop
vertex 1.038762e+01 2.391438e+00 -2.346282e+00
vertex 1.090027e+01 2.532063e+00 -2.319461e+00
vertex 1.020785e+01 2.531442e+00 -3.026559e+00
endloop
endfacet
facet normal 0 0 0
outer loop
vertex 1.802752e+01 -2.540000e+00 -3.014545e+01
vertex 1.636803e+01 -2.540000e+00 -3.093007e+01
vertex 1.732297e+01 -2.540000e+00 -3.182689e+01
endloop
endfacet
facet normal 0 0 0
outer loop
vertex 3.365203e+01 1.141753e+00 -3.485649e+01
vertex 3.463284e+01 1.054471e+00 -3.440142e+01
vertex 3.430294e+01 0.000000e+00 -3.478478e+01
endloop
endfacet
facet normal 0 0 0
outer loop
vertex 7.446600e+00 -2.538437e+00 -7.227814e+00
vertex 7.288099e+00 -2.391438e+00 -6.647882e+00
vertex 7.133854e+00 -2.156511e+00 -6.565435e+00
endloop
endfacet
facet normal 0 0 0
outer loop
vertex 2.030007e+01 -2.540000e+00 -1.647425e+01
vertex 2.171595e+01 -2.540000e+00 -1.567548e+01
vertex 2.018497e+01 -2.540000e+00 -1.499162e+01
endloop
endfacet
facet normal 0 0 0
outer loop
vertex 1.731449e+01 2.535721e+00 1.005448e+00
vertex 1.648170e+01 2.531442e+00 1.725696e+00
vertex 1.739434e+01 2.532525e+00 2.107464e+00
endloop
endfacet
facet normal 0 0 0
outer loop
vertex 1.926643e+01 2.540000e+00 -3.507598e+01
vertex 2.023021e+01 2.535721e+00 -3.535830e+01
vertex 1.930660e+01 2.391438e+00 -3.551122e+01
endloop
endfacet
facet normal 0 0 0
outer loop
vertex 2.023021e+01 2.535721e+00 -3.535830e+01
vertex 2.034910e+01 2.391438e+00 -3.577235e+01
vertex 1.930660e+01 2.391438e+00 -3.551122e+01
endloop
endfacet
facet normal 0 0 0
outer loop
vertex 4.484244e+01 -2.535721e+00 -1.764931e+01
vertex 4.480506e+01 -2.531442e+00 -1.863741e+01
vertex 4.517140e+01 -2.401938e+00 -1.818726e+01
endloop
endfacet
facet normal 0 0 0
outer loop
vertex 3.854910e+01 2.540000e+00 -2.564437e+00
vertex 3.910988e+01 2.540000e+00 -2.332732e+00
vertex 3.864759e+01 2.540000e+00 -3.357413e+00
endloop
endfacet
facet normal 0 0 0
outer loop
vertex 3.937497e+01 2.397415e+00 -1.908287e+00
vertex 3.910988e+01 2.540000e+00 -2.332732e+00
vertex 3.855750e+01 2.540000e+00 -1.662876e+00
endloop
endfacet
facet normal 0 0 0
outer loop
vertex 5.864775e+00 2.407233e+00 -1.012183e+01
vertex 6.039174e+00 2.535721e+00 -1.080725e+01
vertex 5.561858e+00 2.391438e+00 -1.112825e+01
endloop
endfacet
facet normal 0 0 0
outer loop
vertex 6.523213e+00 -2.400112e+00 -2.404348e+01
vertex 6.697181e+00 -2.121200e+00 -2.487179e+01
vertex 6.862741e+00 -2.398735e+00 -2.479080e+01
endloop
endfacet
facet normal 0 0 0
outer loop
vertex 6.279154e+00 -2.156511e+00 -2.396325e+01
vertex 6.697181e+00 -2.121200e+00 -2.487179e+01
vertex 6.523213e+00 -2.400112e+00 -2.404348e+01
endloop
endfacet
facet normal 0 0 0
outer loop
vertex 6.341999e+00 2.540000e+00 -9.865950e+00
vertex 6.668968e+00 2.535721e+00 -8.932763e+00
vertex 7.597640e+00 2.540000e+00 -9.904349e+00
endloop
endfacet
facet normal 0 0 0
outer loop
vertex 3.709059e+01 2.531442e+00 -3.365355e-01
vertex 3.782404e+01 2.535721e+00 -9.997058e-01
vertex 3.728370e+01 2.540000e+00 -1.654313e+00
endloop
endfacet
facet normal 0 0 0
outer loop
vertex 2.610605e+01 -2.085889e+00 4.173604e+00
vertex 2.706541e+01 -2.325737e+00 3.978724e+00
vertex 2.711330e+01 -2.085889e+00 4.123725e+00
endloop
endfacet
facet normal 0 0 0
outer loop
vertex 2.138137e+01 -2.399930e+00 3.655324e+00
vertex 2.119836e+01 -2.535468e+00 3.302242e+00
vertex 2.217119e+01 -2.537228e+00 3.479147e+00
endloop
endfacet
facet normal 0 0 0
outer loop
vertex 1.168568e+01 -2.540000e+00 -2.604854e+00
vertex 1.165684e+01 -2.540000e+00 -1.680907e+00
vertex 1.093382e+01 -2.540000e+00 -2.351768e+00
endloop
endfacet
facet normal 0 0 0
outer loop
vertex 5.060190e+00 -2.391438e+00 -1.867906e+01
vertex 5.565236e+00 -2.532826e+00 -1.961041e+01
vertex 5.392540e+00 -2.531442e+00 -1.863741e+01
endloop
endfacet
facet normal 0 0 0
outer loop
vertex 5.565236e+00 -2.532826e+00 -1.961041e+01
vertex 6.368298e+00 -2.540000e+00 -1.938966e+01
vertex 5.392540e+00 -2.531442e+00 -1.863741e+01
endloop
endfacet
facet normal 0 0 0
outer loop
vertex 2.023021e+01 2.535721e+00 -3.535830e+01
vertex 2.123695e+01 2.540000e+00 -3.454369e+01
vertex 2.119400e+01 2.531442e+00 -3.564062e+01
endloop
endfacet
facet normal 0 0 0
outer loop
vertex 4.021693e+01 2.203352e+00 -2.969325e+01
vertex 4.079866e+01 1.994883e+00 -2.921059e+01
vertex 4.020527e+01 2.015267e+00 -2.985960e+01
endloop
endfacet
facet normal 0 0 0
outer loop
vertex 6.780404e+00 2.539373e+00 -1.532547e+01
vertex 6.098327e+00 2.540000e+00 -1.511217e+01
vertex 6.804709e+00 2.540000e+00 -1.417441e+01
endloop
endfacet
facet normal 0 0 0
outer loop
vertex 6.804709e+00 2.540000e+00 -1.417441e+01
vertex 7.964787e+00 2.540000e+00 -1.530566e+01
vertex 6.780404e+00 2.539373e+00 -1.532547e+01
endloop
endfacet
facet normal 0 0 0
outer loop
vertex 2.366842e+01 3.778045e-02 -3.685323e+01
vertex 2.391764e+01 -1.010349e+00 -3.670886e+01
vertex 2.261174e+01 -7.331181e-02 -3.677305e+01
endloop
endfacet
facet normal 0 0 0
outer loop
vertex 1.067992e+01 -2.085889e+00 -3.058678e+01
vertex 1.143970e+01 -1.869046e+00 -3.133984e+01
vertex 1.116948e+01 -2.391438e+00 -3.078622e+01
endloop
endfacet
facet normal 0 0 0
outer loop
vertex 4.199964e+01 1.964817e+00 -2.762090e+01
vertex 4.206341e+01 2.391438e+00 -2.712481e+01
vertex 4.258612e+01 2.015267e+00 -2.664939e+01
endloop
endfacet
facet normal 0 0 0
outer loop
vertex 4.348312e+01 9.939981e-01 -2.542398e+01
vertex 4.304478e+01 1.973894e+00 -2.589931e+01
vertex 4.352928e+01 2.015267e+00 -2.488487e+01
endloop
endfacet
facet normal 0 0 0
outer loop
vertex 4.258612e+01 2.015267e+00 -2.664939e+01
vertex 4.252799e+01 1.076312e+00 -2.709006e+01
vertex 4.199964e+01 1.964817e+00 -2.762090e+01
endloop
endfacet
facet normal 0 0 0
outer loop
vertex 4.184355e+01 2.522883e+00 -2.698281e+01
vertex 4.125442e+01 2.534881e+00 -2.777407e+01
vertex 4.080537e+01 2.540000e+00 -2.684818e+01
endloop
endfacet
facet normal 0 0 0
outer loop
vertex 1.271978e+01 2.501716e+00 -3.180130e+01
vertex 1.358496e+01 2.540000e+00 -3.070848e+01
vertex 1.364366e+01 2.540000e+00 -3.159678e+01
endloop
endfacet
facet normal 0 0 0
outer loop
vertex 9.591806e+00 2.540000e+00 -2.648696e+01
vertex 9.052814e+00 2.540000e+00 -2.770418e+01
vertex 8.477062e+00 2.540000e+00 -2.690336e+01
endloop
endfacet
facet normal 0 0 0
outer loop
vertex 6.214625e+00 -2.540000e+00 -1.437642e+01
vertex 6.774713e+00 -2.540000e+00 -1.344074e+01
vertex 5.489598e+00 -2.540000e+00 -1.371055e+01
endloop
endfacet
facet normal 0 0 0
outer loop
vertex 5.000704e+00 -2.391438e+00 -1.418841e+01
vertex 5.366957e+00 -2.540000e+00 -1.468920e+01
vertex 5.489598e+00 -2.540000e+00 -1.371055e+01
endloop
endfacet
facet normal 0 0 0
outer loop
vertex 8.430971e+00 -2.540000e+00 -5.527026e+00
vertex 9.390430e+00 -2.540000e+00 -5.734683e+00
vertex 9.052814e+00 -2.540000e+00 -4.631622e+00
endloop
endfacet
facet normal 0 0 0
outer loop
vertex 7.085097e+00 2.540000e+00 -2.429599e+01
vertex 6.679441e+00 2.540000e+00 -2.339697e+01
vertex 7.986281e+00 2.540000e+00 -2.340294e+01
endloop
endfacet
facet normal 0 0 0
outer loop
vertex 6.679441e+00 2.540000e+00 -2.339697e+01
vertex 7.085097e+00 2.540000e+00 -2.429599e+01
vertex 6.440737e+00 2.391438e+00 -2.389632e+01
endloop
endfacet
facet normal 0 0 0
outer loop
vertex 7.288099e+00 -2.391438e+00 -6.647882e+00
vertex 7.446600e+00 -2.538437e+00 -7.227814e+00
vertex 7.983908e+00 -2.540000e+00 -6.286613e+00
endloop
endfacet
facet normal 0 0 0
outer loop
vertex 7.288099e+00 2.391438e+00 -2.568792e+01
vertex 7.490753e+00 2.540000e+00 -2.519502e+01
vertex 7.983908e+00 2.540000e+00 -2.604919e+01
endloop
endfacet
facet normal 0 0 0
outer loop
vertex 6.346598e+00 2.540000e+00 -1.982658e+01
vertex 5.831715e+00 2.540000e+00 -2.056549e+01
vertex 5.612240e+00 2.540000e+00 -1.960391e+01
endloop
endfacet
facet normal 0 0 0
outer loop
vertex 1.107043e+01 -2.540000e+00 -3.274335e+00
vertex 1.033973e+01 -2.540000e+00 -4.000985e+00
vertex 1.121554e+01 -2.540000e+00 -4.280041e+00
endloop
endfacet
facet normal 0 0 0
outer loop
vertex 1.316607e+01 -2.540000e+00 -4.145093e-01
vertex 1.228701e+01 -2.391438e+00 -5.566893e-01
vertex 1.237985e+01 -2.540000e+00 -1.010047e+00
endloop
endfacet
facet normal 0 0 0
outer loop
vertex 4.903458e+00 2.391438e+00 -1.616790e+01
vertex 5.317778e+00 2.540000e+00 -1.567459e+01
vertex 5.342367e+00 2.540000e+00 -1.666059e+01
endloop
endfacet
facet normal 0 0 0
outer loop
vertex 6.051189e+00 2.540000e+00 -2.152707e+01
vertex 6.461711e+00 2.540000e+00 -2.229134e+01
vertex 5.773064e+00 2.391438e+00 -2.203030e+01
endloop
endfacet
facet normal 0 0 0
outer loop
vertex 6.461711e+00 2.540000e+00 -2.229134e+01
vertex 6.051189e+00 2.540000e+00 -2.152707e+01
vertex 7.183929e+00 2.540000e+00 -2.163071e+01
endloop
endfacet
facet normal 0 0 0
outer loop
vertex 5.317778e+00 -2.540000e+00 -1.666121e+01
vertex 5.342367e+00 -2.540000e+00 -1.567521e+01
vertex 4.903458e+00 -2.391438e+00 -1.616790e+01
endloop
endfacet
facet normal 0 0 0
outer loop
vertex 5.342367e+00 -2.540000e+00 -1.567521e+01
vertex 5.317778e+00 -2.540000e+00 -1.666121e+01
vertex 6.101388e+00 -2.540000e+00 -1.607664e+01
endloop
endfacet
facet normal 0 0 0
outer loop
vertex 4.353940e+01 -2.540000e+00 -1.565775e+01
vertex 4.485523e+01 -2.540000e+00 -1.567521e+01
vertex 4.483064e+01 -2.540000e+00 -1.468920e+01
endloop
endfacet
facet normal 0 0 0
outer loop
vertex 4.508773e+01 -2.346113e+00 -1.545911e+01
vertex 4.485523e+01 -2.540000e+00 -1.567521e+01
vertex 4.551133e+01 -2.015267e+00 -1.616790e+01
endloop
endfacet
facet normal 0 0 0
outer loop
vertex 2.120472e+01 2.540000e+00 2.393504e+00
vertex 2.012249e+01 2.540000e+00 2.076847e+00
vertex 2.019810e+01 2.531442e+00 3.078355e+00
endloop
endfacet
facet normal 0 0 0
outer loop
vertex 1.555122e+01 -2.540000e+00 2.299221e-01
vertex 1.645887e+01 -2.540000e+00 -7.129734e-01
vertex 1.665622e+01 -2.540000e+00 5.058960e-01
endloop
endfacet
facet normal 0 0 0
outer loop
vertex 4.350395e+01 2.540000e+00 -2.108135e+01
vertex 4.435777e+01 2.544018e+00 -2.055931e+01
vertex 4.413211e+01 2.545099e+00 -2.151712e+01
endloop
endfacet
facet normal 0 0 0
outer loop
vertex 3.203518e+01 -2.540000e+00 1.786492e+00
vertex 3.188390e+01 -2.537290e+00 2.455544e+00
vertex 3.112049e+01 -2.540000e+00 1.472955e+00
endloop
endfacet
facet normal 0 0 0
outer loop
vertex 3.281327e+01 -2.531442e+00 2.132979e+00
vertex 3.204444e+01 -2.397857e+00 2.755231e+00
vertex 3.188390e+01 -2.537290e+00 2.455544e+00
endloop
endfacet
facet normal 0 0 0
outer loop
vertex 5.370330e+00 1.086334e+00 -1.033889e+01
vertex 5.135141e+00 1.037472e+00 -1.124206e+01
vertex 5.199514e+00 1.430643e-03 -1.022608e+01
endloop
endfacet
facet normal 0 0 0
outer loop
vertex 1.651672e+01 -2.540000e+00 -8.403537e+00
vertex 1.567538e+01 -2.540000e+00 -7.277791e+00
vertex 1.471712e+01 -2.540000e+00 -8.383552e+00
endloop
endfacet
facet normal 0 0 0
outer loop
vertex 1.567538e+01 -2.540000e+00 -7.277791e+00
vertex 1.418314e+01 -2.540000e+00 -7.104839e+00
vertex 1.471712e+01 -2.540000e+00 -8.383552e+00
endloop
endfacet
facet normal 0 0 0
outer loop
vertex 1.896209e+01 -2.540000e+00 -1.248769e+01
vertex 2.039503e+01 -2.540000e+00 -1.290286e+01
vertex 2.000610e+01 -2.540000e+00 -1.127011e+01
endloop
endfacet
facet normal 0 0 0
outer loop
vertex 2.000610e+01 -2.540000e+00 -1.127011e+01
vertex 2.039503e+01 -2.540000e+00 -1.290286e+01
vertex 2.120517e+01 -2.540000e+00 -1.128777e+01
endloop
endfacet
facet normal 0 0 0
outer loop
vertex 3.537252e+01 -2.540000e+00 -1.185501e+01
vertex 3.696551e+01 -2.540000e+00 -1.269096e+01
vertex 3.639950e+01 -2.540000e+00 -1.103600e+01
endloop
endfacet
facet normal 0 0 0
outer loop
vertex 3.833401e+01 2.540000e+00 -2.851359e+01
vertex 3.966381e+01 2.540000e+00 -2.854528e+01
vertex 3.900599e+01 2.540000e+00 -2.931107e+01
endloop
endfacet
facet normal 0 0 0
outer loop
vertex 3.277528e+01 -2.540000e+00 -8.762649e+00
vertex 3.242083e+01 -2.540000e+00 -7.086906e+00
vertex 3.077131e+01 -2.540000e+00 -7.960054e+00
endloop
endfacet
facet normal 0 0 0
outer loop
vertex 2.348713e+01 -2.540000e+00 -1.450743e+01
vertex 2.302376e+01 -2.540000e+00 -1.661839e+01
vertex 2.442658e+01 -2.540000e+00 -1.550562e+01
endloop
endfacet
facet normal 0 0 0
outer loop
vertex 2.530939e+01 -2.540000e+00 -1.407422e+01
vertex 2.348713e+01 -2.540000e+00 -1.450743e+01
vertex 2.442658e+01 -2.540000e+00 -1.550562e+01
endloop
endfacet
facet normal 0 0 0
outer loop
vertex 2.861996e+01 -2.540000e+00 -1.650987e+01
vertex 2.910048e+01 -2.540000e+00 -1.445299e+01
vertex 2.733517e+01 -2.540000e+00 -1.425034e+01
endloop
endfacet
facet normal 0 0 0
outer loop
vertex 2.216540e+01 2.531442e+00 -3.578588e+01
vertex 2.119400e+01 2.531442e+00 -3.564062e+01
vertex 2.249821e+01 2.540000e+00 -3.496276e+01
endloop
endfacet
facet normal 0 0 0
outer loop
vertex 1.535452e+01 2.540000e+00 -1.576994e+01
vertex 1.421872e+01 2.540000e+00 -1.674903e+01
vertex 1.329311e+01 2.540000e+00 -1.551508e+01
endloop
endfacet
facet normal 0 0 0
outer loop
vertex 1.421872e+01 2.540000e+00 -1.674903e+01
vertex 1.322348e+01 2.540000e+00 -1.687875e+01
vertex 1.329311e+01 2.540000e+00 -1.551508e+01
endloop
endfacet
facet normal 0 0 0
outer loop
vertex 4.582901e+01 2.331216e-02 -1.506592e+01
vertex 4.566625e+01 -1.024643e+00 -1.551539e+01
vertex 4.566959e+01 -9.929024e-01 -1.671964e+01
endloop
endfacet
facet normal 0 0 0
outer loop
vertex 2.354628e+01 2.540000e+00 -1.608552e+01
vertex 2.235092e+01 2.540000e+00 -1.704051e+01
vertex 2.143092e+01 2.540000e+00 -1.602347e+01
endloop
endfacet
facet normal 0 0 0
outer loop
vertex 2.235092e+01 2.540000e+00 -1.704051e+01
vertex 2.139542e+01 2.540000e+00 -1.805592e+01
vertex 2.143092e+01 2.540000e+00 -1.602347e+01
endloop
endfacet
facet normal 0 0 0
outer loop
vertex 1.831224e+01 -2.540000e+00 2.358223e+00
vertex 1.928940e+01 -2.531442e+00 2.823781e+00
vertex 1.866240e+01 -2.391438e+00 2.943987e+00
endloop
endfacet
facet normal 0 0 0
outer loop
vertex 4.615973e+00 1.048128e+00 -1.818809e+01
vertex 4.751200e+00 1.007633e+00 -1.916332e+01
vertex 4.447380e+00 8.099021e-02 -1.820751e+01
endloop
endfacet
facet normal 0 0 0
outer loop
vertex 4.557078e+00 1.007633e+00 -1.717009e+01
vertex 4.615973e+00 1.048128e+00 -1.818809e+01
vertex 4.447380e+00 8.099021e-02 -1.820751e+01
endloop
endfacet
facet normal 0 0 0
outer loop
vertex 4.393053e+01 1.985445e+00 -2.404962e+01
vertex 4.352928e+01 2.015267e+00 -2.488487e+01
vertex 4.341574e+01 2.254005e+00 -2.469982e+01
endloop
endfacet
facet normal 0 0 0
outer loop
vertex 3.955598e+01 2.391438e+00 -3.026903e+01
vertex 4.020527e+01 2.015267e+00 -2.985960e+01
vertex 3.953263e+01 2.015267e+00 -3.060173e+01
endloop
endfacet
facet normal 0 0 0
outer loop
vertex 2.754154e+01 -2.540000e+00 2.705948e+00
vertex 2.730799e+01 -2.522883e+00 3.632829e+00
vertex 2.658888e+01 -2.540000e+00 2.325126e+00
endloop
endfacet
facet normal 0 0 0
outer loop
vertex 4.051143e+01 -2.540000e+00 -2.531818e+01
vertex 4.172169e+01 -2.540000e+00 -2.524311e+01
vertex 4.105164e+01 -2.537040e+00 -2.428892e+01
endloop
endfacet
facet normal 0 0 0
outer loop
vertex 4.941900e+00 -2.050578e+00 -1.915737e+01
vertex 4.741947e+00 -1.056324e+00 -1.904085e+01
vertex 5.099234e+00 -2.085889e+00 -2.014606e+01
endloop
endfacet
facet normal 0 0 0
outer loop
vertex 4.727770e+00 0.000000e+00 -2.019828e+01
vertex 5.099234e+00 -2.085889e+00 -2.014606e+01
vertex 4.741947e+00 -1.056324e+00 -1.904085e+01
endloop
endfacet
facet normal 0 0 0
outer loop
vertex 3.275545e+01 2.540000e+00 -3.347209e+01
vertex 3.353215e+01 2.540000e+00 -3.278502e+01
vertex 3.372270e+01 2.527163e+00 -3.407140e+01
endloop
endfacet
facet normal 0 0 0
outer loop
vertex 2.112476e+01 -2.156511e+00 3.810930e+00
vertex 2.084577e+01 -1.258251e+00 3.928575e+00
vertex 2.015213e+01 -2.121200e+00 3.578183e+00
endloop
endfacet
facet normal 0 0 0
outer loop
vertex 3.872190e+01 1.036227e+00 -7.697130e-01
vertex 3.803496e+01 2.085889e+00 -4.051480e-01
vertex 3.804756e+01 8.660421e-01 -1.396857e-01
endloop
endfacet
facet normal 0 0 0
outer loop
vertex 4.461214e+01 -2.085889e+00 -2.208721e+01
vertex 4.433604e+01 -1.879668e+00 -2.299734e+01
vertex 4.466286e+01 -1.056781e+00 -2.252556e+01
endloop
endfacet
facet normal 0 0 0
outer loop
vertex 9.338281e+00 -2.540000e+00 -7.149459e+00
vertex 1.080743e+01 -2.540000e+00 -6.110272e+00
vertex 9.390430e+00 -2.540000e+00 -5.734683e+00
endloop
endfacet
facet normal 0 0 0
outer loop
vertex 2.855407e+01 -2.540000e+00 2.668276e+00
vertex 2.931571e+01 -2.540000e+00 2.217838e+00
vertex 2.903406e+01 -2.531442e+00 3.298711e+00
endloop
endfacet
facet normal 0 0 0
outer loop
vertex 2.658888e+01 -2.540000e+00 2.325126e+00
vertex 2.619991e+01 -2.540000e+00 2.819245e+00
vertex 2.552324e+01 -2.540000e+00 2.153054e+00
endloop
endfacet
facet normal 0 0 0
outer loop
vertex 9.052814e+00 -2.540000e+00 -4.631622e+00
vertex 9.628567e+00 -2.540000e+00 -3.830800e+00
vertex 8.967777e+00 -2.465719e+00 -4.389384e+00
endloop
endfacet
facet normal 0 0 0
outer loop
vertex 2.472889e+01 2.540000e+00 2.269753e+00
vertex 2.509880e+01 2.531442e+00 3.667805e+00
vertex 2.608035e+01 2.540000e+00 2.713793e+00
endloop
endfacet
facet normal 0 0 0
outer loop
vertex 1.165684e+01 2.540000e+00 -3.065489e+01
vertex 1.263886e+01 2.540000e+00 -3.030312e+01
vertex 1.237985e+01 2.540000e+00 -3.132575e+01
endloop
endfacet
facet normal 0 0 0
outer loop
vertex 4.488356e+01 1.853698e+00 -2.121585e+01
vertex 4.463237e+01 2.015267e+00 -2.209334e+01
vertex 4.456755e+01 2.373129e+00 -2.156522e+01
endloop
endfacet
facet normal 0 0 0
outer loop
vertex 4.351526e+01 -1.854076e+00 -7.350311e+00
vertex 4.358663e+01 -1.089596e+00 -7.164537e+00
vertex 4.310104e+01 -2.015267e+00 -6.545503e+00
endloop
endfacet
facet normal 0 0 0
outer loop
vertex 4.444401e+01 -2.415117e+00 -2.177328e+01
vertex 4.438987e+01 -2.540000e+00 -2.057096e+01
vertex 4.395003e+01 -2.540000e+00 -2.153722e+01
endloop
endfacet
facet normal 0 0 0
outer loop
vertex 1.896209e+01 2.541342e+00 -1.412582e+01
vertex 2.026887e+01 2.540000e+00 -1.496679e+01
vertex 1.923426e+01 2.540000e+00 -1.593220e+01
endloop
endfacet
facet normal 0 0 0
outer loop
vertex 2.150909e+01 2.540000e+00 -1.420424e+01
vertex 2.026887e+01 2.540000e+00 -1.496679e+01
vertex 2.005096e+01 2.540000e+00 -1.342190e+01
endloop
endfacet
facet normal 0 0 0
outer loop
vertex 2.352943e+01 2.540000e+00 -1.440244e+01
vertex 2.519903e+01 2.540000e+00 -1.564707e+01
vertex 2.354628e+01 2.540000e+00 -1.608552e+01
endloop
endfacet
facet normal 0 0 0
outer loop
vertex 1.917949e+01 -2.085889e+00 3.345436e+00
vertex 1.989905e+01 -1.245756e+00 3.693810e+00
vertex 1.890964e+01 -1.164461e+00 3.437629e+00
endloop
endfacet
facet normal 0 0 0
outer loop
vertex 1.861712e+01 -2.540000e+00 -1.074240e+01
vertex 1.858840e+01 -2.540000e+00 -8.785210e+00
vertex 1.764261e+01 -2.540000e+00 -9.852394e+00
endloop
endfacet
facet normal 0 0 0
outer loop
vertex 2.015213e+01 -2.121200e+00 3.578183e+00
vertex 1.989905e+01 -1.245756e+00 3.693810e+00
vertex 1.917949e+01 -2.085889e+00 3.345436e+00
endloop
endfacet
facet normal 0 0 0
outer loop
vertex 1.725743e+01 2.540000e+00 -2.815055e+01
vertex 1.610251e+01 2.540000e+00 -2.686386e+01
vertex 1.738344e+01 2.540000e+00 -2.660557e+01
endloop
endfacet
facet normal 0 0 0
outer loop
vertex 3.277528e+01 -2.540000e+00 -8.762649e+00
vertex 3.416637e+01 -2.540000e+00 -9.183177e+00
vertex 3.407163e+01 -2.540000e+00 -7.792029e+00
endloop
endfacet
facet normal 0 0 0
outer loop
vertex 3.273262e+01 -2.540000e+00 -1.041461e+01
vertex 3.416637e+01 -2.540000e+00 -9.183177e+00
vertex 3.277528e+01 -2.540000e+00 -8.762649e+00
endloop
endfacet
facet normal 0 0 0
outer loop
vertex 9.487859e+00 -2.540000e+00 -1.256083e+01
vertex 1.052125e+01 -2.540000e+00 -1.429654e+01
vertex 1.117102e+01 -2.540000e+00 -1.295886e+01
endloop
endfacet
facet normal 0 0 0
outer loop
vertex 1.093382e+01 -2.540000e+00 -2.351768e+00
vertex 1.037002e+01 -2.540000e+00 -3.192148e+00
vertex 1.107043e+01 -2.540000e+00 -3.274335e+00
endloop
endfacet
facet normal 0 0 0
outer loop
vertex 2.743678e+01 2.540000e+00 -1.393440e+01
vertex 2.957104e+01 2.538057e+00 -1.372440e+01
vertex 2.830071e+01 2.540000e+00 -1.507470e+01
endloop
endfacet
facet normal 0 0 0
outer loop
vertex 1.953791e+01 -2.540000e+00 -2.144690e+01
vertex 2.039345e+01 -2.536381e+00 -2.053900e+01
vertex 1.912602e+01 -2.540000e+00 -2.026657e+01
endloop
endfacet
facet normal 0 0 0
outer loop
vertex 2.210477e+01 -2.540000e+00 -2.077794e+01
vertex 2.050172e+01 -2.540000e+00 -1.926406e+01
vertex 2.039345e+01 -2.536381e+00 -2.053900e+01
endloop
endfacet
facet normal 0 0 0
outer loop
vertex 3.154750e+01 2.540000e+00 -2.012085e+01
vertex 3.120593e+01 2.540000e+00 -1.801753e+01
vertex 3.284518e+01 2.540000e+00 -1.849978e+01
endloop
endfacet
facet normal 0 0 0
outer loop
vertex 1.600256e+01 2.540000e+00 -1.847401e+01
vertex 1.501784e+01 2.540000e+00 -1.967106e+01
vertex 1.496461e+01 2.540000e+00 -1.766964e+01
endloop
endfacet
facet normal 0 0 0
outer loop
vertex 3.375775e+01 2.540000e+00 -2.628507e+01
vertex 3.427438e+01 2.540000e+00 -2.529191e+01
vertex 3.517602e+01 2.540000e+00 -2.652187e+01
endloop
endfacet
facet normal 0 0 0
outer loop
vertex 3.241662e+01 -2.391438e+00 -3.498564e+01
vertex 3.189146e+01 -2.531442e+00 -3.483057e+01
vertex 3.168891e+01 -2.391438e+00 -3.523964e+01
endloop
endfacet
facet normal 0 0 0
outer loop
vertex 2.641904e+01 2.540000e+00 -1.285749e+01
vertex 2.750903e+01 2.540000e+00 -1.194329e+01
vertex 2.743678e+01 2.540000e+00 -1.393440e+01
endloop
endfacet
facet normal 0 0 0
outer loop
vertex 2.944131e+01 -2.391438e+00 -3.588397e+01
vertex 2.841997e+01 -2.387427e+00 -3.608633e+01
vertex 2.907696e+01 -2.085889e+00 -3.616747e+01
endloop
endfacet
facet normal 0 0 0
outer loop
vertex 4.187846e+01 -2.531442e+00 -7.243306e+00
vertex 4.150222e+01 -2.540000e+00 -6.418261e+00
vertex 4.097077e+01 -2.540000e+00 -7.474727e+00
endloop
endfacet
facet normal 0 0 0
outer loop
vertex 4.097077e+01 -2.540000e+00 -7.474727e+00
vertex 4.222839e+01 -2.531442e+00 -7.934940e+00
vertex 4.187846e+01 -2.531442e+00 -7.243306e+00
endloop
endfacet
facet normal 0 0 0
outer loop
vertex 3.663261e+01 2.540000e+00 -1.074669e+01
vertex 3.700999e+01 2.540000e+00 -9.247950e+00
vertex 3.779953e+01 2.540000e+00 -1.044754e+01
endloop
endfacet
facet normal 0 0 0
outer loop
vertex 3.792635e+01 2.540000e+00 -1.165436e+01
vertex 3.663261e+01 2.540000e+00 -1.074669e+01
vertex 3.779953e+01 2.540000e+00 -1.044754e+01
endloop
endfacet
facet normal 0 0 0
outer loop
vertex 1.469868e+01 -2.540000e+00 -2.242488e+01
vertex 1.336633e+01 -2.540000e+00 -2.206998e+01
vertex 1.278685e+01 -2.540000e+00 -2.323842e+01
endloop
endfacet
facet normal 0 0 0
outer loop
vertex 1.757975e+01 2.540000e+00 -4.903343e+00
vertex 1.730301e+01 2.540000e+00 -3.451460e+00
vertex 1.905705e+01 2.540000e+00 -3.541078e+00
endloop
endfacet
facet normal 0 0 0
outer loop
vertex 2.787676e+01 -2.540000e+00 -2.776053e+01
vertex 2.851790e+01 -2.540000e+00 -2.941956e+01
vertex 2.918960e+01 -2.540000e+00 -2.775208e+01
endloop
endfacet
facet normal 0 0 0
outer loop
vertex 2.596540e+01 2.540000e+00 -1.547246e+00
vertex 2.582964e+01 2.540000e+00 1.263955e-01
vertex 2.765473e+01 2.540000e+00 -3.612734e-01
endloop
endfacet
facet normal 0 0 0
outer loop
vertex 1.278685e+01 -2.540000e+00 -2.323842e+01
vertex 1.106122e+01 -2.540000e+00 -2.269464e+01
vertex 1.111563e+01 -2.540000e+00 -2.420710e+01
endloop
endfacet
facet normal 0 0 0
outer loop
vertex 2.381529e+01 -2.540000e+00 -2.793536e+01
vertex 2.462400e+01 -2.540000e+00 -2.880527e+01
vertex 2.450752e+01 -2.540000e+00 -2.686922e+01
endloop
endfacet
facet normal 0 0 0
outer loop
vertex 2.709934e+01 -2.540000e+00 -2.907810e+01
vertex 2.585298e+01 -2.540000e+00 -2.977607e+01
vertex 2.715957e+01 -2.540000e+00 -3.053930e+01
endloop
endfacet
facet normal 0 0 0
outer loop
vertex 2.585298e+01 -2.540000e+00 -2.977607e+01
vertex 2.544613e+01 -2.533676e+00 -3.102727e+01
vertex 2.715957e+01 -2.540000e+00 -3.053930e+01
endloop
endfacet
facet normal 0 0 0
outer loop
vertex 2.637553e+01 -2.540000e+00 -3.414804e+01
vertex 2.712759e+01 -2.540000e+00 -3.314364e+01
vertex 2.526727e+01 -2.540000e+00 -3.374684e+01
endloop
endfacet
facet normal 0 0 0
outer loop
vertex 1.209243e+01 2.540000e+00 -2.392650e+01
vertex 1.321136e+01 2.540000e+00 -2.236481e+01
vertex 1.375116e+01 2.540000e+00 -2.432986e+01
endloop
endfacet
facet normal 0 0 0
outer loop
vertex 2.738679e+01 -2.540000e+00 -3.450899e+01
vertex 2.712759e+01 -2.540000e+00 -3.314364e+01
vertex 2.637553e+01 -2.540000e+00 -3.414804e+01
endloop
endfacet
facet normal 0 0 0
outer loop
vertex 7.294114e+00 2.540000e+00 -2.255401e+01
vertex 7.183929e+00 2.540000e+00 -2.163071e+01
vertex 8.817214e+00 2.540000e+00 -2.201868e+01
endloop
endfacet
facet normal 0 0 0
outer loop
vertex 2.143346e+01 2.395381e+00 3.679402e+00
vertex 2.062004e+01 2.397383e+00 3.505159e+00
vertex 2.112064e+01 2.085889e+00 3.831667e+00
endloop
endfacet
facet normal 0 0 0
outer loop
vertex 5.229037e+00 -9.691564e-02 -2.214357e+01
vertex 5.371736e+00 1.255528e+00 -2.187837e+01
vertex 5.718644e+00 1.115292e+00 -2.300024e+01
endloop
endfacet
facet normal 0 0 0
outer loop
vertex 4.199964e+01 1.964817e+00 -2.762090e+01
vertex 4.196317e+01 1.119010e+00 -2.793704e+01
vertex 4.147455e+01 2.015267e+00 -2.831298e+01
endloop
endfacet
facet normal 0 0 0
outer loop
vertex 1.358496e+01 2.540000e+00 -3.070848e+01
vertex 1.473999e+01 2.540000e+00 -3.037829e+01
vertex 1.427281e+01 2.540000e+00 -3.144313e+01
endloop
endfacet
facet normal 0 0 0
outer loop
vertex 1.917949e+01 2.085889e+00 -3.568124e+01
vertex 1.930660e+01 2.391438e+00 -3.551122e+01
vertex 2.015213e+01 2.121200e+00 -3.591398e+01
endloop
endfacet
facet normal 0 0 0
outer loop
vertex 6.440737e+00 -2.391438e+00 -8.439477e+00
vertex 6.679441e+00 -2.540000e+00 -8.938834e+00
vertex 7.085097e+00 -2.540000e+00 -8.039808e+00
endloop
endfacet
facet normal 0 0 0
outer loop
vertex 1.300012e+01 2.540000e+00 -1.972880e+01
vertex 1.452865e+01 2.540000e+00 -2.106752e+01
vertex 1.316300e+01 2.540000e+00 -2.101081e+01
endloop
endfacet
facet normal 0 0 0
outer loop
vertex 3.007967e+01 -2.540000e+00 -2.984796e+01
vertex 3.009949e+01 -2.540000e+00 -2.850387e+01
vertex 2.851790e+01 -2.540000e+00 -2.941956e+01
endloop
endfacet
facet normal 0 0 0
outer loop
vertex 3.936861e+01 -2.522883e+00 -2.249517e+00
vertex 4.002607e+01 -2.522883e+00 -2.994506e+00
vertex 4.021693e+01 -2.203352e+00 -2.642550e+00
endloop
endfacet
facet normal 0 0 0
outer loop
vertex 3.547415e+01 2.540000e+00 -1.379141e+01
vertex 3.361627e+01 2.540000e+00 -1.381668e+01
vertex 3.521787e+01 2.540000e+00 -1.261537e+01
endloop
endfacet
facet normal 0 0 0
outer loop
vertex 3.095019e+01 2.540000e+00 -7.376389e+00
vertex 3.041776e+01 2.540000e+00 -6.078185e+00
vertex 3.213977e+01 2.540000e+00 -6.809781e+00
endloop
endfacet
facet normal 0 0 0
outer loop
vertex 3.261869e+01 2.540000e+00 -3.437894e+00
vertex 3.422101e+01 2.540000e+00 -3.975203e+00
vertex 3.325996e+01 2.540000e+00 -5.180389e+00
endloop
endfacet
facet normal 0 0 0
outer loop
vertex 3.087969e+01 2.540000e+00 -2.925938e+01
vertex 2.971023e+01 2.540000e+00 -2.832739e+01
vertex 3.161762e+01 2.540000e+00 -2.808381e+01
endloop
endfacet
facet normal 0 0 0
outer loop
vertex 4.256800e+01 -2.085889e+00 -2.663854e+01
vertex 4.239534e+01 -1.045398e+00 -2.730523e+01
vertex 4.305554e+01 -1.123139e+00 -2.619275e+01
endloop
endfacet
facet normal 0 0 0
outer loop
vertex 3.950425e+01 -2.540000e+00 -1.681262e+01
vertex 4.072755e+01 -2.540000e+00 -1.634777e+01
vertex 4.042171e+01 -2.540000e+00 -1.500399e+01
endloop
endfacet
facet normal 0 0 0
outer loop
vertex 4.042171e+01 -2.540000e+00 -1.500399e+01
vertex 4.203341e+01 -2.540000e+00 -1.534965e+01
vertex 4.135941e+01 -2.540000e+00 -1.412345e+01
endloop
endfacet
facet normal 0 0 0
outer loop
vertex 4.072755e+01 -2.540000e+00 -1.634777e+01
vertex 4.236781e+01 -2.540000e+00 -1.674656e+01
vertex 4.203341e+01 -2.540000e+00 -1.534965e+01
endloop
endfacet
facet normal 0 0 0
outer loop
vertex 4.072755e+01 -2.540000e+00 -1.634777e+01
vertex 4.203341e+01 -2.540000e+00 -1.534965e+01
vertex 4.042171e+01 -2.540000e+00 -1.500399e+01
endloop
endfacet
facet normal 0 0 0
outer loop
vertex 9.464489e+00 2.540000e+00 -2.527681e+01
vertex 9.591806e+00 2.540000e+00 -2.648696e+01
vertex 8.818475e+00 2.540000e+00 -2.603894e+01
endloop
endfacet
facet normal 0 0 0
outer loop
vertex 1.917949e+01 2.085889e+00 3.345436e+00
vertex 1.876961e+01 1.245395e+00 3.371704e+00
vertex 1.998695e+01 1.166113e+00 3.730976e+00
endloop
endfacet
facet normal 0 0 0
outer loop
vertex 3.951768e+01 2.085889e+00 -1.749015e+00
vertex 4.019754e+01 1.955593e+00 -2.450977e+00
vertex 3.992726e+01 2.391438e+00 -2.484078e+00
endloop
endfacet
facet normal 0 0 0
outer loop
vertex 3.804837e+01 2.015267e+00 -3.194699e+01
vertex 3.724388e+01 2.015267e+00 -3.254365e+01
vertex 3.726181e+01 2.203352e+00 -3.240054e+01
endloop
endfacet
facet normal 0 0 0
outer loop
vertex 1.217606e+01 -2.156511e+00 -3.191431e+01
vertex 1.261597e+01 -2.391438e+00 -3.203852e+01
vertex 1.189610e+01 -2.391438e+00 -3.143790e+01
endloop
endfacet
facet normal 0 0 0
outer loop
vertex 3.804837e+01 2.015267e+00 -3.194699e+01
vertex 3.788092e+01 1.010284e+00 -3.230552e+01
vertex 3.724388e+01 2.015267e+00 -3.254365e+01
endloop
endfacet
facet normal 0 0 0
outer loop
vertex 9.882610e+00 -1.870226e+00 -2.977773e+01
vertex 1.067992e+01 -2.085889e+00 -3.058678e+01
vertex 1.003326e+01 -2.367077e+00 -2.963882e+01
endloop
endfacet
facet normal 0 0 0
outer loop
vertex 9.882610e+00 -1.870226e+00 -2.977773e+01
vertex 9.798169e+00 -8.589538e-01 -2.995662e+01
vertex 1.067992e+01 -2.085889e+00 -3.058678e+01
endloop
endfacet
facet normal 0 0 0
outer loop
vertex 5.948706e+00 2.540000e+00 -1.702508e+01
vertex 6.618522e+00 2.540000e+00 -1.623425e+01
vertex 6.676467e+00 2.540000e+00 -1.728278e+01
endloop
endfacet
facet normal 0 0 0
outer loop
vertex 2.546133e+01 -2.404912e+00 -3.632737e+01
vertex 2.410884e+01 -2.531442e+00 -3.600360e+01
vertex 2.416805e+01 -2.391438e+00 -3.634003e+01
endloop
endfacet
facet normal 0 0 0
outer loop
vertex 4.466286e+01 -1.056781e+00 -2.252556e+01
vertex 4.432365e+01 -1.049877e+00 -2.349598e+01
vertex 4.471357e+01 -2.767430e-02 -2.296392e+01
endloop
endfacet
facet normal 0 0 0
outer loop
vertex 3.816478e+01 -2.540000e+00 -1.084481e+01
vertex 3.715034e+01 -2.540000e+00 -9.400777e+00
vertex 3.639950e+01 -2.540000e+00 -1.103600e+01
endloop
endfacet
facet normal 0 0 0
outer loop
vertex 2.814375e+01 2.540000e+00 -1.047366e+01
vertex 2.750903e+01 2.540000e+00 -1.194329e+01
vertex 2.667715e+01 2.540000e+00 -1.017278e+01
endloop
endfacet
facet normal 0 0 0
outer loop
vertex 7.490753e+00 2.540000e+00 -2.519502e+01
vertex 8.198380e+00 2.540000e+00 -2.449153e+01
vertex 8.467160e+00 2.540000e+00 -2.542669e+01
endloop
endfacet
facet normal 0 0 0
outer loop
vertex 1.121554e+01 -2.540000e+00 -4.280041e+00
vertex 1.186624e+01 -2.540000e+00 -3.472208e+00
vertex 1.107043e+01 -2.540000e+00 -3.274335e+00
endloop
endfacet
facet normal 0 0 0
outer loop
vertex 1.249725e+01 -2.540000e+00 -4.053169e+00
vertex 1.186624e+01 -2.540000e+00 -3.472208e+00
vertex 1.121554e+01 -2.540000e+00 -4.280041e+00
endloop
endfacet
facet normal 0 0 0
outer loop
vertex 6.862741e+00 -2.398735e+00 -2.479080e+01
vertex 7.204685e+00 -2.391438e+00 -2.551844e+01
vertex 7.578924e+00 -2.540000e+00 -2.509780e+01
endloop
endfacet
facet normal 0 0 0
outer loop
vertex 4.353940e+01 -2.540000e+00 -1.565775e+01
vertex 4.487982e+01 -2.540000e+00 -1.666121e+01
vertex 4.485523e+01 -2.540000e+00 -1.567521e+01
endloop
endfacet
facet normal 0 0 0
outer loop
vertex 3.774413e+01 -1.161434e+00 -3.237192e+01
vertex 3.671231e+01 -1.136712e+00 -3.312853e+01
vertex 3.770827e+01 0.000000e+00 -3.266959e+01
endloop
endfacet
facet normal 0 0 0
outer loop
vertex 8.438641e+00 -2.533643e+00 -2.692791e+01
vertex 9.754381e+00 -2.540000e+00 -2.704444e+01
vertex 9.078528e+00 -2.540000e+00 -2.599778e+01
endloop
endfacet
facet normal 0 0 0
outer loop
vertex 4.537500e+01 1.087380e+00 -1.961713e+01
vertex 4.515473e+01 1.018227e+00 -2.078125e+01
vertex 4.509960e+01 1.999060e+00 -2.024061e+01
endloop
endfacet
facet normal 0 0 0
outer loop
vertex 3.546392e+01 2.540000e+00 -1.604043e+01
vertex 3.388358e+01 2.540000e+00 -1.611345e+01
vertex 3.491998e+01 2.540000e+00 -1.486044e+01
endloop
endfacet
facet normal 0 0 0
outer loop
vertex 3.628041e+01 -9.934608e-01 1.119650e+00
vertex 3.643939e+01 -2.015267e+00 8.044949e-01
vertex 3.705454e+01 -9.666810e-01 5.906926e-01
endloop
endfacet
facet normal 0 0 0
outer loop
vertex 3.546210e+01 -1.097082e+00 1.590686e+00
vertex 3.592957e+01 -1.586690e+00 1.203624e+00
vertex 3.628041e+01 -9.934608e-01 1.119650e+00
endloop
endfacet
facet normal 0 0 0
outer loop
vertex 2.808620e+01 2.121200e+00 3.967959e+00
vertex 2.875256e+01 1.208733e+00 4.052838e+00
vertex 2.907696e+01 2.085889e+00 3.831667e+00
endloop
endfacet
facet normal 0 0 0
outer loop
vertex 3.302015e+01 2.535519e+00 -9.843529e+00
vertex 3.123178e+01 2.540000e+00 -9.142227e+00
vertex 3.239032e+01 2.540000e+00 -8.258949e+00
endloop
endfacet
facet normal 0 0 0
outer loop
vertex 3.643939e+01 2.015267e+00 -3.314030e+01
vertex 3.627595e+01 1.178568e+00 -3.342090e+01
vertex 3.561023e+01 2.050578e+00 -3.362705e+01
endloop
endfacet
facet normal 0 0 0
outer loop
vertex 7.619668e+00 -2.540000e+00 -1.015710e+01
vertex 6.870396e+00 -2.540000e+00 -1.105845e+01
vertex 7.983677e+00 -2.540000e+00 -1.169339e+01
endloop
endfacet
facet normal 0 0 0
outer loop
vertex 7.983677e+00 -2.540000e+00 -1.169339e+01
vertex 9.349375e+00 -2.540000e+00 -1.079830e+01
vertex 7.619668e+00 -2.540000e+00 -1.015710e+01
endloop
endfacet
facet normal 0 0 0
outer loop
vertex 3.385903e+01 2.540000e+00 -1.754454e+01
vertex 3.388358e+01 2.540000e+00 -1.611345e+01
vertex 3.513863e+01 2.540000e+00 -1.728828e+01
endloop
endfacet
facet normal 0 0 0
outer loop
vertex 3.513863e+01 2.540000e+00 -1.728828e+01
vertex 3.467174e+01 2.540000e+00 -1.881156e+01
vertex 3.385903e+01 2.540000e+00 -1.754454e+01
endloop
endfacet
facet normal 0 0 0
outer loop
vertex 4.459087e+01 1.148817e+00 -2.269384e+01
vertex 4.428348e+01 1.086274e+00 -2.358404e+01
vertex 4.429494e+01 2.015267e+00 -2.303639e+01
endloop
endfacet
facet normal 0 0 0
outer loop
vertex 4.420310e+01 2.237113e+00 -2.277510e+01
vertex 4.463237e+01 2.015267e+00 -2.209334e+01
vertex 4.429494e+01 2.015267e+00 -2.303639e+01
endloop
endfacet
facet normal 0 0 0
outer loop
vertex 1.796540e+01 -2.540000e+00 -3.335039e+01
vertex 1.863421e+01 -2.540000e+00 -3.238860e+01
vertex 1.732297e+01 -2.540000e+00 -3.182689e+01
endloop
endfacet
facet normal 0 0 0
outer loop
vertex 1.793057e+01 -2.391438e+00 2.690603e+00
vertex 1.866240e+01 -2.391438e+00 2.943987e+00
vertex 1.814100e+01 -2.015267e+00 2.996284e+00
endloop
endfacet
facet normal 0 0 0
outer loop
vertex 3.773195e+01 2.540000e+00 -4.757977e+00
vertex 3.808213e+01 2.540000e+00 -5.868857e+00
vertex 3.627340e+01 2.540000e+00 -5.219239e+00
endloop
endfacet
facet normal 0 0 0
outer loop
vertex 7.225935e+00 -2.540000e+00 -1.799232e+01
vertex 6.368298e+00 -2.540000e+00 -1.938966e+01
vertex 7.722681e+00 -2.540000e+00 -1.976568e+01
endloop
endfacet
facet normal 0 0 0
outer loop
vertex 8.662971e+00 -2.540000e+00 -1.864552e+01
vertex 7.225935e+00 -2.540000e+00 -1.799232e+01
vertex 7.722681e+00 -2.540000e+00 -1.976568e+01
endloop
endfacet
facet normal 0 0 0
outer loop
vertex 4.749487e+00 1.023090e+00 -1.320297e+01
vertex 4.916916e+00 1.062979e+00 -1.214605e+01
vertex 4.941900e+00 2.050578e+00 -1.317843e+01
endloop
endfacet
facet normal 0 0 0
outer loop
vertex 7.962312e+00 2.540000e+00 -1.261968e+01
vertex 6.373851e+00 2.540000e+00 -1.296021e+01
vertex 6.712577e+00 2.537860e+00 -1.212797e+01
endloop
endfacet
facet normal 0 0 0
outer loop
vertex 3.439851e+01 -1.225195e+00 -3.448617e+01
vertex 3.357535e+01 -1.085408e+00 -3.490441e+01
vertex 3.430294e+01 0.000000e+00 -3.478478e+01
endloop
endfacet
facet normal 0 0 0
outer loop
vertex 3.711984e+01 2.522883e+00 -3.203788e+01
vertex 3.632780e+01 2.522883e+00 -3.263783e+01
vertex 3.600395e+01 2.540000e+00 -3.139827e+01
endloop
endfacet
facet normal 0 0 0
outer loop
vertex 3.546210e+01 -1.097082e+00 1.590686e+00
vertex 3.478107e+01 -2.085889e+00 1.778011e+00
vertex 3.561023e+01 -2.050578e+00 1.291253e+00
endloop
endfacet
facet normal 0 0 0
outer loop
vertex 3.561023e+01 2.050578e+00 -3.362705e+01
vertex 3.541014e+01 1.223716e+00 -3.392999e+01
vertex 3.472514e+01 2.019909e+00 -3.416644e+01
endloop
endfacet
facet normal 0 0 0
outer loop
vertex 1.474289e+01 -2.531442e+00 -3.311459e+01
vertex 1.601056e+01 -2.540000e+00 -3.226349e+01
vertex 1.469529e+01 -2.540000e+00 -3.185670e+01
endloop
endfacet
facet normal 0 0 0
outer loop
vertex 2.571821e+01 1.008049e+00 -3.673396e+01
vertex 2.611291e+01 2.085889e+00 -3.650867e+01
vertex 2.670073e+01 1.088004e+00 -3.667413e+01
endloop
endfacet
facet normal 0 0 0
outer loop
vertex 1.735138e+01 -2.540000e+00 -2.420808e+01
vertex 1.626024e+01 -2.540000e+00 -2.269044e+01
vertex 1.563759e+01 -2.540000e+00 -2.399269e+01
endloop
endfacet
facet normal 0 0 0
outer loop
vertex 5.099234e+00 -2.085889e+00 -2.014606e+01
vertex 4.727770e+00 0.000000e+00 -2.019828e+01
vertex 5.113317e+00 -1.008868e+00 -2.102608e+01
endloop
endfacet
facet normal 0 0 0
outer loop
vertex 3.467174e+01 2.540000e+00 -1.881156e+01
vertex 3.643466e+01 2.540000e+00 -1.874144e+01
vertex 3.618054e+01 2.540000e+00 -2.045613e+01
endloop
endfacet
facet normal 0 0 0
outer loop
vertex 2.322593e+01 2.540000e+00 -2.176885e+01
vertex 2.368306e+01 2.540000e+00 -1.982187e+01
vertex 2.442990e+01 2.540000e+00 -2.098286e+01
endloop
endfacet
facet normal 0 0 0
outer loop
vertex 2.442990e+01 2.540000e+00 -2.098286e+01
vertex 2.540445e+01 2.540000e+00 -2.227676e+01
vertex 2.322593e+01 2.540000e+00 -2.176885e+01
endloop
endfacet
facet normal 0 0 0
outer loop
vertex 3.620732e+01 2.540000e+00 -2.294788e+01
vertex 3.470473e+01 2.540000e+00 -2.245036e+01
vertex 3.586102e+01 2.540000e+00 -2.182319e+01
endloop
endfacet
facet normal 0 0 0
outer loop
vertex 3.733564e+01 2.540000e+00 -2.176061e+01
vertex 3.586102e+01 2.540000e+00 -2.182319e+01
vertex 3.618054e+01 2.540000e+00 -2.045613e+01
endloop
endfacet
facet normal 0 0 0
outer loop
vertex 3.315640e+01 -2.540000e+00 -5.171854e+00
vertex 3.242083e+01 -2.540000e+00 -7.086906e+00
vertex 3.398736e+01 -2.540000e+00 -6.431384e+00
endloop
endfacet
facet normal 0 0 0
outer loop
vertex 2.722769e+01 -2.540000e+00 -1.265665e+01
vertex 2.673642e+01 -2.540000e+00 -1.050883e+01
vertex 2.593008e+01 -2.540000e+00 -1.207128e+01
endloop
endfacet
facet normal 0 0 0
outer loop
vertex 3.632780e+01 2.522883e+00 -3.263783e+01
vertex 3.726181e+01 2.203352e+00 -3.240054e+01
vertex 3.647524e+01 2.391438e+00 -3.285407e+01
endloop
endfacet
facet normal 0 0 0
outer loop
vertex 4.283716e+01 -2.522883e+00 -7.073974e+00
vertex 4.222839e+01 -2.531442e+00 -7.934940e+00
vertex 4.324582e+01 -2.522883e+00 -7.979654e+00
endloop
endfacet
facet normal 0 0 0
outer loop
vertex 2.598520e+01 -2.540000e+00 -2.440416e+01
vertex 2.588004e+01 -2.540000e+00 -2.581326e+01
vertex 2.712820e+01 -2.532461e+00 -2.433622e+01
endloop
endfacet
facet normal 0 0 0
outer loop
vertex 4.150222e+01 -2.540000e+00 -6.418261e+00
vertex 4.184355e+01 -2.522883e+00 -5.352993e+00
vertex 4.049375e+01 -2.540000e+00 -5.626239e+00
endloop
endfacet
facet normal 0 0 0
outer loop
vertex 1.469529e+01 -2.540000e+00 -3.185670e+01
vertex 1.467540e+01 -2.540000e+00 -3.036214e+01
vertex 1.392568e+01 -2.535721e+00 -3.117254e+01
endloop
endfacet
facet normal 0 0 0
outer loop
vertex 2.462513e+01 -2.540000e+00 -2.241553e+01
vertex 2.481579e+01 -2.540000e+00 -2.423630e+01
vertex 2.603863e+01 -2.540000e+00 -2.330596e+01
endloop
endfacet
facet normal 0 0 0
outer loop
vertex 2.598520e+01 -2.540000e+00 -2.440416e+01
vertex 2.712820e+01 -2.532461e+00 -2.433622e+01
vertex 2.603863e+01 -2.540000e+00 -2.330596e+01
endloop
endfacet
facet normal 0 0 0
outer loop
vertex 3.357866e+01 -1.031250e+00 2.577809e+00
vertex 3.296082e+01 -2.085889e+00 2.646803e+00
vertex 3.387095e+01 -2.085889e+00 2.212407e+00
endloop
endfacet
facet normal 0 0 0
outer loop
vertex 1.361991e+01 -1.104455e+00 -3.323655e+01
vertex 1.333521e+01 -7.955571e-02 -3.326467e+01
vertex 1.439563e+01 -1.046825e+00 -3.372908e+01
endloop
endfacet
facet normal 0 0 0
outer loop
vertex 1.917949e+01 2.085889e+00 3.345436e+00
vertex 2.013137e+01 1.933975e+00 3.621102e+00
vertex 1.972877e+01 2.391438e+00 3.295127e+00
endloop
endfacet
facet normal 0 0 0
outer loop
vertex 2.013137e+01 1.933975e+00 3.621102e+00
vertex 1.917949e+01 2.085889e+00 3.345436e+00
vertex 1.998695e+01 1.166113e+00 3.730976e+00
endloop
endfacet
facet normal 0 0 0
outer loop
vertex 1.998695e+01 1.166113e+00 3.730976e+00
vertex 2.090588e+01 1.109259e+00 3.970875e+00
vertex 2.112064e+01 2.085889e+00 3.831667e+00
endloop
endfacet
facet normal 0 0 0
outer loop
vertex 2.013137e+01 1.933975e+00 3.621102e+00
vertex 1.998695e+01 1.166113e+00 3.730976e+00
vertex 2.112064e+01 2.085889e+00 3.831667e+00
endloop
endfacet
facet normal 0 0 0
outer loop
vertex 3.179952e+01 -1.064953e+00 -3.561250e+01
vertex 3.108798e+01 -2.007989e+00 -3.568011e+01
vertex 3.070558e+01 -1.266108e+00 -3.592524e+01
endloop
endfacet
facet normal 0 0 0
outer loop
vertex 3.955598e+01 -2.391438e+00 -2.066769e+00
vertex 4.020527e+01 -2.015267e+00 -2.476198e+00
vertex 3.953263e+01 -2.015267e+00 -1.734065e+00
endloop
endfacet
facet normal 0 0 0
outer loop
vertex 1.926643e+01 2.540000e+00 -3.507598e+01
vertex 1.835785e+01 2.540000e+00 -3.477427e+01
vertex 1.889600e+01 2.540000e+00 -3.394552e+01
endloop
endfacet
facet normal 0 0 0
outer loop
vertex 5.366305e+00 -1.098453e+00 -1.036385e+01
vertex 5.753191e+00 -1.072206e+00 -9.216119e+00
vertex 5.199514e+00 1.430643e-03 -1.022608e+01
endloop
endfacet
facet normal 0 0 0
outer loop
vertex 1.111119e+01 2.409698e+00 -1.656200e+00
vertex 1.136755e+01 2.015267e+00 -1.097284e+00
vertex 1.191031e+01 2.399387e+00 -9.064872e-01
endloop
endfacet
facet normal 0 0 0
outer loop
vertex 2.120472e+01 2.540000e+00 2.393504e+00
vertex 2.159179e+01 2.540000e+00 1.256637e+00
vertex 2.012249e+01 2.540000e+00 2.076847e+00
endloop
endfacet
facet normal 0 0 0
outer loop
vertex 6.676467e+00 2.540000e+00 -1.728278e+01
vertex 8.029237e+00 2.540000e+00 -1.681523e+01
vertex 6.765206e+00 2.540000e+00 -1.826014e+01
endloop
endfacet
facet normal 0 0 0
outer loop
vertex 6.041879e+00 2.540000e+00 -1.789112e+01
vertex 6.676467e+00 2.540000e+00 -1.728278e+01
vertex 6.765206e+00 2.540000e+00 -1.826014e+01
endloop
endfacet
facet normal 0 0 0
outer loop
vertex 8.260965e+00 2.540000e+00 -7.644338e+00
vertex 7.899196e+00 2.531442e+00 -6.237704e+00
vertex 9.451264e+00 2.540000e+00 -7.032623e+00
endloop
endfacet
facet normal 0 0 0
outer loop
vertex 3.354947e+01 1.072135e+00 2.577988e+00
vertex 3.419669e+01 5.838054e-02 2.484695e+00
vertex 3.470126e+01 2.156511e+00 1.797047e+00
endloop
endfacet
facet normal 0 0 0
outer loop
vertex 4.261059e+01 -2.540000e+00 -8.957909e+00
vertex 4.140054e+01 -2.540000e+00 -8.859741e+00
vertex 4.272003e+01 -2.540000e+00 -1.028134e+01
endloop
endfacet
facet normal 0 0 0
outer loop
vertex 1.471553e+01 -2.540000e+00 -6.433325e-02
vertex 1.405548e+01 -2.540000e+00 -8.310168e-01
vertex 1.523788e+01 -2.540000e+00 -1.132627e+00
endloop
endfacet
facet normal 0 0 0
outer loop
vertex 4.273196e+01 2.540000e+00 -2.072088e+01
vertex 4.360568e+01 2.540000e+00 -2.025402e+01
vertex 4.350395e+01 2.540000e+00 -2.108135e+01
endloop
endfacet
facet normal 0 0 0
outer loop
vertex 4.387359e+01 1.084749e+00 -2.456666e+01
vertex 4.352928e+01 2.015267e+00 -2.488487e+01
vertex 4.393053e+01 1.985445e+00 -2.404962e+01
endloop
endfacet
facet normal 0 0 0
outer loop
vertex 2.967748e+01 2.510621e+00 -3.557130e+01
vertex 2.892459e+01 2.539538e+00 -3.558105e+01
vertex 2.918200e+01 2.525310e+00 -3.466916e+01
endloop
endfacet
facet normal 0 0 0
outer loop
vertex 9.102581e+00 1.269731e+00 -2.905110e+01
vertex 9.754761e+00 1.224683e+00 -2.981112e+01
vertex 8.940089e+00 -4.075333e-03 -2.920915e+01
endloop
endfacet
facet normal 0 0 0
outer loop
vertex 2.015213e+01 2.121200e+00 -3.591398e+01
vertex 1.930660e+01 2.391438e+00 -3.551122e+01
vertex 2.034910e+01 2.391438e+00 -3.577235e+01
endloop
endfacet
facet normal 0 0 0
outer loop
vertex 3.471135e+01 2.540000e+00 -3.165792e+01
vertex 3.353215e+01 2.540000e+00 -3.278502e+01
vertex 3.351477e+01 2.540000e+00 -3.096588e+01
endloop
endfacet
facet normal 0 0 0
outer loop
vertex 5.827765e+00 -2.391438e+00 -2.220146e+01
vertex 6.139386e+00 -2.381217e+00 -2.310733e+01
vertex 6.272592e+00 -2.531442e+00 -2.249317e+01
endloop
endfacet
facet normal 0 0 0
outer loop
vertex 9.699224e+00 -2.540000e+00 -2.475006e+01
vertex 9.078528e+00 -2.540000e+00 -2.599778e+01
vertex 1.087743e+01 -2.540000e+00 -2.610518e+01
endloop
endfacet
facet normal 0 0 0
outer loop
vertex 2.571821e+01 1.008049e+00 -3.673396e+01
vertex 2.465326e+01 7.556091e-02 -3.691570e+01
vertex 2.481006e+01 1.033582e+00 -3.674839e+01
endloop
endfacet
facet normal 0 0 0
outer loop
vertex 4.511910e+01 -2.015267e+00 -1.218561e+01
vertex 4.487574e+01 -2.015267e+00 -1.121404e+01
vertex 4.478629e+01 -2.231203e+00 -1.133178e+01
endloop
endfacet
facet normal 0 0 0
outer loop
vertex 4.491101e+01 -1.066310e+00 -2.168847e+01
vertex 4.485525e+01 -2.085889e+00 -2.111663e+01
vertex 4.461214e+01 -2.085889e+00 -2.208721e+01
endloop
endfacet
facet normal 0 0 0
outer loop
vertex 4.466286e+01 -1.056781e+00 -2.252556e+01
vertex 4.491101e+01 -1.066310e+00 -2.168847e+01
vertex 4.461214e+01 -2.085889e+00 -2.208721e+01
endloop
endfacet
facet normal 0 0 0
outer loop
vertex 4.748707e+00 -1.028584e+00 -1.321498e+01
vertex 4.931532e+00 -2.015267e+00 -1.317637e+01
vertex 4.899420e+00 -1.102365e+00 -1.228792e+01
endloop
endfacet
facet normal 0 0 0
outer loop
vertex 2.941592e+01 -2.540000e+00 -8.590227e+00
vertex 2.984358e+01 -2.540000e+00 -6.951658e+00
vertex 2.810368e+01 -2.540000e+00 -7.674302e+00
endloop
endfacet
facet normal 0 0 0
outer loop
vertex 4.414641e+01 -2.540000e+00 -1.080873e+01
vertex 4.343911e+01 -2.540000e+00 -1.142842e+01
vertex 4.436589e+01 -2.540000e+00 -1.177031e+01
endloop
endfacet
facet normal 0 0 0
outer loop
vertex 3.756110e+01 -1.511450e+00 9.016800e-02
vertex 3.804837e+01 -2.015267e+00 -3.888044e-01
vertex 3.799586e+01 -9.593360e-01 -1.162301e-01
endloop
endfacet
facet normal 0 0 0
outer loop
vertex 5.342349e+00 -2.085889e+00 -2.111663e+01
vertex 5.585464e+00 -2.085889e+00 -2.208721e+01
vertex 5.546886e+00 -2.391438e+00 -2.117823e+01
endloop
endfacet
facet normal 0 0 0
outer loop
vertex 9.628567e+00 2.540000e+00 -2.850500e+01
vertex 9.052814e+00 2.540000e+00 -2.770418e+01
vertex 1.019638e+01 2.540000e+00 -2.734838e+01
endloop
endfacet
facet normal 0 0 0
outer loop
vertex 2.660136e+01 -6.371675e-02 4.533658e+00
vertex 2.780087e+01 -1.048232e+00 4.219222e+00
vertex 2.753300e+01 1.030555e-01 4.415183e+00
endloop
endfacet
facet normal 0 0 0
outer loop
vertex 2.678482e+01 1.097629e+00 4.332411e+00
vertex 2.660136e+01 -6.371675e-02 4.533658e+00
vertex 2.753300e+01 1.030555e-01 4.415183e+00
endloop
endfacet
facet normal 0 0 0
outer loop
vertex 3.201223e+01 2.085889e+00 -3.532495e+01
vertex 3.221120e+01 2.376665e+00 -3.504860e+01
vertex 3.296082e+01 2.085889e+00 -3.498260e+01
endloop
endfacet
facet normal 0 0 0
outer loop
vertex 3.430294e+01 0.000000e+00 -3.478478e+01
vertex 3.278801e+01 1.187976e-02 -3.544255e+01
vertex 3.365203e+01 1.141753e+00 -3.485649e+01
endloop
endfacet
facet normal 0 0 0
outer loop
vertex 3.430294e+01 0.000000e+00 -3.478478e+01
vertex 3.357535e+01 -1.085408e+00 -3.490441e+01
vertex 3.278801e+01 1.187976e-02 -3.544255e+01
endloop
endfacet
facet normal 0 0 0
outer loop
vertex 2.907696e+01 -2.085889e+00 -3.616747e+01
vertex 2.808620e+01 -2.121200e+00 -3.630376e+01
vertex 2.883242e+01 -1.018387e+00 -3.639932e+01
endloop
endfacet
facet normal 0 0 0
outer loop
vertex 3.855750e+01 2.540000e+00 -1.662876e+00
vertex 3.910988e+01 2.540000e+00 -2.332732e+00
vertex 3.854910e+01 2.540000e+00 -2.564437e+00
endloop
endfacet
facet normal 0 0 0
outer loop
vertex 4.537500e+01 1.087380e+00 -1.961713e+01
vertex 4.545712e+01 1.756569e-02 -2.013240e+01
vertex 4.515473e+01 1.018227e+00 -2.078125e+01
endloop
endfacet
facet normal 0 0 0
outer loop
vertex 1.333521e+01 -7.955571e-02 -3.326467e+01
vertex 1.419233e+01 2.870102e-02 -3.380468e+01
vertex 1.439563e+01 -1.046825e+00 -3.372908e+01
endloop
endfacet
facet normal 0 0 0
outer loop
vertex 8.822879e+00 -2.540000e+00 -9.366172e+00
vertex 7.619668e+00 -2.540000e+00 -1.015710e+01
vertex 9.349375e+00 -2.540000e+00 -1.079830e+01
endloop
endfacet
facet normal 0 0 0
outer loop
vertex 2.611291e+01 2.085889e+00 -3.650867e+01
vertex 2.712702e+01 2.156511e+00 -3.643692e+01
vertex 2.670073e+01 1.088004e+00 -3.667413e+01
endloop
endfacet
facet normal 0 0 0
outer loop
vertex 4.058864e+01 -2.531442e+00 -4.682867e+00
vertex 4.130650e+01 -2.529368e+00 -4.700930e+00
vertex 4.068353e+01 -2.522883e+00 -3.739495e+00
endloop
endfacet
facet normal 0 0 0
outer loop
vertex 3.419669e+01 5.838054e-02 2.484695e+00
vertex 3.354947e+01 1.072135e+00 2.577988e+00
vertex 3.257598e+01 -5.251212e-03 3.200313e+00
endloop
endfacet
facet normal 0 0 0
outer loop
vertex 4.897559e+00 1.094291e+00 -2.004510e+01
vertex 5.078497e+00 2.015267e+00 -2.015019e+01
vertex 5.111013e+00 9.912209e-01 -2.102962e+01
endloop
endfacet
facet normal 0 0 0
outer loop
vertex 1.190536e+01 -1.076830e+00 -3.792834e-01
vertex 1.280479e+01 -1.039894e+00 3.191019e-01
vertex 1.198158e+01 -8.796361e-03 -8.660843e-02
endloop
endfacet
facet normal 0 0 0
outer loop
vertex 3.937497e+01 2.397415e+00 -1.908287e+00
vertex 3.854317e+01 2.392230e+00 -1.110927e+00
vertex 3.951768e+01 2.085889e+00 -1.749015e+00
endloop
endfacet
facet normal 0 0 0
outer loop
vertex 1.636127e+01 2.540000e+00 -3.323386e+01
vertex 1.548431e+01 2.540000e+00 -3.266809e+01
vertex 1.695299e+01 2.540000e+00 -3.237394e+01
endloop
endfacet
facet normal 0 0 0
outer loop
vertex 1.566883e+01 2.531442e+00 -3.364660e+01
vertex 1.481056e+01 2.535721e+00 -3.308171e+01
vertex 1.548431e+01 2.540000e+00 -3.266809e+01
endloop
endfacet
facet normal 0 0 0
outer loop
vertex 5.342349e+00 2.085889e+00 -1.121917e+01
vertex 5.101972e+00 1.574088e+00 -1.176833e+01
vertex 5.135141e+00 1.037472e+00 -1.124206e+01
endloop
endfacet
facet normal 0 0 0
outer loop
vertex 5.135141e+00 1.037472e+00 -1.124206e+01
vertex 5.101972e+00 1.574088e+00 -1.176833e+01
vertex 4.916916e+00 1.062979e+00 -1.214605e+01
endloop
endfacet
facet normal 0 0 0
outer loop
vertex 6.091276e+00 -1.084987e+00 -8.293927e+00
vertex 6.444118e+00 -9.090876e-01 -7.462237e+00
vertex 5.864124e+00 0.000000e+00 -8.336443e+00
endloop
endfacet
facet normal 0 0 0
outer loop
vertex 6.444118e+00 -9.090876e-01 -7.462237e+00
vertex 6.332569e+00 -6.738596e-03 -7.331103e+00
vertex 5.864124e+00 0.000000e+00 -8.336443e+00
endloop
endfacet
facet normal 0 0 0
outer loop
vertex 6.712122e+00 -2.540000e+00 -2.053281e+01
vertex 7.722681e+00 -2.540000e+00 -1.976568e+01
vertex 6.368298e+00 -2.540000e+00 -1.938966e+01
endloop
endfacet
facet normal 0 0 0
outer loop
vertex 1.245737e+01 -1.617383e+00 -8.518791e-02
vertex 1.280479e+01 -1.039894e+00 3.191019e-01
vertex 1.190536e+01 -1.076830e+00 -3.792834e-01
endloop
endfacet
facet normal 0 0 0
outer loop
vertex 3.860730e+01 -2.531442e+00 -3.072660e+01
vertex 3.943821e+01 -2.403117e+00 -3.035127e+01
vertex 3.932597e+01 -2.527163e+00 -3.004214e+01
endloop
endfacet
facet normal 0 0 0
outer loop
vertex 3.943821e+01 -2.403117e+00 -3.035127e+01
vertex 3.860730e+01 -2.531442e+00 -3.072660e+01
vertex 3.851858e+01 -2.374313e+00 -3.126534e+01
endloop
endfacet
facet normal 0 0 0
outer loop
vertex 3.864158e+01 -1.056527e+00 -3.165218e+01
vertex 3.918893e+01 -2.793678e-02 -3.141434e+01
vertex 3.937239e+01 -1.078255e+00 -3.097370e+01
endloop
endfacet
facet normal 0 0 0
outer loop
vertex 2.968332e+01 2.364630e+00 3.513782e+00
vertex 2.899086e+01 2.395465e+00 3.639619e+00
vertex 2.907696e+01 2.085889e+00 3.831667e+00
endloop
endfacet
facet normal 0 0 0
outer loop
vertex 1.636051e+01 1.876792e+00 2.280612e+00
vertex 1.729536e+01 2.085889e+00 2.671281e+00
vertex 1.652045e+01 2.366266e+00 2.130368e+00
endloop
endfacet
facet normal 0 0 0
outer loop
vertex 4.308239e+01 -2.085889e+00 -2.578033e+01
vertex 4.256800e+01 -2.085889e+00 -2.663854e+01
vertex 4.305554e+01 -1.123139e+00 -2.619275e+01
endloop
endfacet
facet normal 0 0 0
outer loop
vertex 2.062004e+01 2.397383e+00 3.505159e+00
vertex 2.019810e+01 2.531442e+00 3.078355e+00
vertex 1.972877e+01 2.391438e+00 3.295127e+00
endloop
endfacet
facet normal 0 0 0
outer loop
vertex 1.566883e+01 2.531442e+00 -3.364660e+01
vertex 1.548431e+01 2.540000e+00 -3.266809e+01
vertex 1.481056e+01 2.535721e+00 -3.308171e+01
endloop
endfacet
facet normal 0 0 0
outer loop
vertex 4.147455e+01 -2.015267e+00 -4.022820e+00
vertex 4.087790e+01 -2.015267e+00 -3.218331e+00
vertex 4.088815e+01 -2.391438e+00 -3.576310e+00
endloop
endfacet
facet normal 0 0 0
outer loop
vertex 7.636844e+00 1.942268e+00 -5.618497e+00
vertex 7.958055e+00 2.391438e+00 -5.509099e+00
vertex 7.115208e+00 2.085889e+00 -6.555469e+00
endloop
endfacet
facet normal 0 0 0
outer loop
vertex 2.261174e+01 -7.331181e-02 -3.677305e+01
vertex 2.300304e+01 1.125952e+00 -3.662470e+01
vertex 2.381569e+01 1.095868e+00 -3.668798e+01
endloop
endfacet
facet normal 0 0 0
outer loop
vertex 2.381569e+01 1.095868e+00 -3.668798e+01
vertex 2.366842e+01 3.778045e-02 -3.685323e+01
vertex 2.261174e+01 -7.331181e-02 -3.677305e+01
endloop
endfacet
facet normal 0 0 0
outer loop
vertex 2.322213e+01 2.391438e+00 -3.627105e+01
vertex 2.313680e+01 2.531442e+00 -3.593114e+01
vertex 2.387357e+01 2.532511e+00 -3.593398e+01
endloop
endfacet
facet normal 0 0 0
outer loop
vertex 3.550785e+01 2.540000e+00 -2.429846e+01
vertex 3.620732e+01 2.540000e+00 -2.294788e+01
vertex 3.766570e+01 2.540000e+00 -2.406599e+01
endloop
endfacet
facet normal 0 0 0
outer loop
vertex 3.539260e+01 2.540000e+00 -3.233924e+01
vertex 3.600395e+01 2.540000e+00 -3.139827e+01
vertex 3.632780e+01 2.522883e+00 -3.263783e+01
endloop
endfacet
facet normal 0 0 0
outer loop
vertex 4.192182e+01 2.540000e+00 -2.380487e+01
vertex 4.079478e+01 2.540000e+00 -2.245236e+01
vertex 4.227509e+01 2.540000e+00 -2.222802e+01
endloop
endfacet
facet normal 0 0 0
outer loop
vertex 4.192182e+01 2.540000e+00 -2.380487e+01
vertex 4.227509e+01 2.540000e+00 -2.222802e+01
vertex 4.299413e+01 2.540000e+00 -2.291560e+01
endloop
endfacet
facet normal 0 0 0
outer loop
vertex 3.180469e+01 2.538550e+00 -3.477124e+01
vertex 3.097434e+01 2.522883e+00 -3.521592e+01
vertex 3.158802e+01 2.540000e+00 -3.407404e+01
endloop
endfacet
facet normal 0 0 0
outer loop
vertex 3.158802e+01 2.540000e+00 -3.407404e+01
vertex 3.097434e+01 2.522883e+00 -3.521592e+01
vertex 3.045648e+01 2.531442e+00 -3.474934e+01
endloop
endfacet
facet normal 0 0 0
outer loop
vertex 4.175988e+01 2.540000e+00 -2.496847e+01
vertex 4.094223e+01 2.540000e+00 -2.413136e+01
vertex 4.192182e+01 2.540000e+00 -2.380487e+01
endloop
endfacet
facet normal 0 0 0
outer loop
vertex 4.405023e+01 -1.003780e+00 -8.142895e+00
vertex 4.396542e+01 9.431498e-02 -7.537919e+00
vertex 4.358663e+01 -1.089596e+00 -7.164537e+00
endloop
endfacet
facet normal 0 0 0
outer loop
vertex 5.646629e+00 2.540000e+00 -1.267851e+01
vertex 5.736349e+00 2.531442e+00 -1.174855e+01
vertex 6.373851e+00 2.540000e+00 -1.296021e+01
endloop
endfacet
facet normal 0 0 0
outer loop
vertex 1.004078e+01 2.540000e+00 -4.709649e+00
vertex 8.973392e+00 2.531442e+00 -4.574522e+00
vertex 9.590622e+00 2.531442e+00 -3.800540e+00
endloop
endfacet
facet normal 0 0 0
outer loop
vertex 2.661282e+01 2.537860e+00 -3.516589e+01
vertex 2.608388e+01 2.535721e+00 -3.594252e+01
vertex 2.537553e+01 2.540000e+00 -3.461067e+01
endloop
endfacet
facet normal 0 0 0
outer loop
vertex 2.608388e+01 2.535721e+00 -3.594252e+01
vertex 2.661282e+01 2.537860e+00 -3.516589e+01
vertex 2.707497e+01 2.529302e+00 -3.589844e+01
endloop
endfacet
facet normal 0 0 0
outer loop
vertex 6.214625e+00 -2.540000e+00 -1.437642e+01
vertex 7.285965e+00 -2.540000e+00 -1.441077e+01
vertex 6.774713e+00 -2.540000e+00 -1.344074e+01
endloop
endfacet
facet normal 0 0 0
outer loop
vertex 4.227155e+01 -2.540000e+00 -2.198744e+01
vertex 4.327158e+01 -2.540000e+00 -2.148635e+01
vertex 4.221472e+01 -2.540000e+00 -2.080633e+01
endloop
endfacet
facet normal 0 0 0
outer loop
vertex 4.292015e+01 -2.540000e+00 -2.304502e+01
vertex 4.327158e+01 -2.540000e+00 -2.148635e+01
vertex 4.227155e+01 -2.540000e+00 -2.198744e+01
endloop
endfacet
facet normal 0 0 0
outer loop
vertex 5.948706e+00 2.540000e+00 -1.702508e+01
vertex 5.384313e+00 2.540000e+00 -1.758931e+01
vertex 5.342367e+00 2.540000e+00 -1.666059e+01
endloop
endfacet
facet normal 0 0 0
outer loop
vertex 5.384313e+00 2.540000e+00 -1.758931e+01
vertex 5.948706e+00 2.540000e+00 -1.702508e+01
vertex 6.041879e+00 2.540000e+00 -1.789112e+01
endloop
endfacet
facet normal 0 0 0
outer loop
vertex 4.299413e+01 2.540000e+00 -2.291560e+01
vertex 4.227509e+01 2.540000e+00 -2.222802e+01
vertex 4.323165e+01 2.540000e+00 -2.191807e+01
endloop
endfacet
facet normal 0 0 0
outer loop
vertex 4.283716e+01 2.522883e+00 -2.526183e+01
vertex 4.234279e+01 2.525200e+00 -2.607852e+01
vertex 4.175988e+01 2.540000e+00 -2.496847e+01
endloop
endfacet
facet normal 0 0 0
outer loop
vertex 2.673642e+01 -2.540000e+00 -1.050883e+01
vertex 2.790623e+01 -2.540000e+00 -9.327357e+00
vertex 2.617211e+01 -2.540000e+00 -9.457453e+00
endloop
endfacet
facet normal 0 0 0
outer loop
vertex 2.652225e+01 -7.767856e-02 -3.687018e+01
vertex 2.465326e+01 7.556091e-02 -3.691570e+01
vertex 2.571821e+01 1.008049e+00 -3.673396e+01
endloop
endfacet
facet normal 0 0 0
outer loop
vertex 2.841997e+01 -2.387427e+00 -3.608633e+01
vertex 2.805884e+01 -2.531442e+00 -3.580647e+01
vertex 2.762477e+01 -2.396328e+00 -3.618814e+01
endloop
endfacet
facet normal 0 0 0
outer loop
vertex 2.841997e+01 -2.387427e+00 -3.608633e+01
vertex 2.808620e+01 -2.121200e+00 -3.630376e+01
vertex 2.907696e+01 -2.085889e+00 -3.616747e+01
endloop
endfacet
facet normal 0 0 0
outer loop
vertex 3.470126e+01 -2.156511e+00 -3.413285e+01
vertex 3.382839e+01 -1.858095e+00 -3.462492e+01
vertex 3.439851e+01 -1.225195e+00 -3.448617e+01
endloop
endfacet
facet normal 0 0 0
outer loop
vertex 2.958945e+01 2.391438e+00 -3.583830e+01
vertex 2.910809e+01 2.085889e+00 -3.616122e+01
vertex 2.830630e+01 2.391438e+00 -3.608252e+01
endloop
endfacet
facet normal 0 0 0
outer loop
vertex 2.958945e+01 2.391438e+00 -3.583830e+01
vertex 2.830630e+01 2.391438e+00 -3.608252e+01
vertex 2.892459e+01 2.539538e+00 -3.558105e+01
endloop
endfacet
facet normal 0 0 0
outer loop
vertex 3.774413e+01 -1.161434e+00 -3.237192e+01
vertex 3.718292e+01 -2.015267e+00 -3.258886e+01
vertex 3.671231e+01 -1.136712e+00 -3.312853e+01
endloop
endfacet
facet normal 0 0 0
outer loop
vertex 3.804837e+01 -2.015267e+00 -3.194699e+01
vertex 3.774413e+01 -1.161434e+00 -3.237192e+01
vertex 3.864158e+01 -1.056527e+00 -3.165218e+01
endloop
endfacet
facet normal 0 0 0
outer loop
vertex 3.196018e+01 2.085889e+00 3.008358e+00
vertex 3.290224e+01 2.085889e+00 2.671281e+00
vertex 3.236026e+01 2.395114e+00 2.663908e+00
endloop
endfacet
facet normal 0 0 0
outer loop
vertex 2.958945e+01 2.391438e+00 -3.583830e+01
vertex 3.008586e+01 2.085889e+00 -3.591427e+01
vertex 2.910809e+01 2.085889e+00 -3.616122e+01
endloop
endfacet
facet normal 0 0 0
outer loop
vertex 3.519896e+01 -2.540000e+00 9.853539e-02
vertex 3.585239e+01 -2.540000e+00 -6.975029e-01
vertex 3.632780e+01 -2.522883e+00 3.020248e-01
endloop
endfacet
facet normal 0 0 0
outer loop
vertex 3.548905e+01 -2.527994e+00 7.634022e-01
vertex 3.519896e+01 -2.540000e+00 9.853539e-02
vertex 3.632780e+01 -2.522883e+00 3.020248e-01
endloop
endfacet
facet normal 0 0 0
outer loop
vertex 1.928940e+01 -2.531442e+00 2.823781e+00
vertex 1.831224e+01 -2.540000e+00 2.358223e+00
vertex 1.926431e+01 -2.540000e+00 1.592164e+00
endloop
endfacet
facet normal 0 0 0
outer loop
vertex 3.578387e+01 2.540000e+00 -9.135401e+00
vertex 3.616512e+01 2.540000e+00 -7.374132e+00
vertex 3.700999e+01 2.540000e+00 -9.247950e+00
endloop
endfacet
facet normal 0 0 0
outer loop
vertex 2.098284e+01 2.540000e+00 -9.308903e+00
vertex 1.924554e+01 2.540000e+00 -9.768998e+00
vertex 1.951715e+01 2.540000e+00 -7.995726e+00
endloop
endfacet
facet normal 0 0 0
outer loop
vertex 3.950082e+01 1.152410e+00 -1.497614e+00
vertex 4.024601e+01 9.794841e-01 -2.231390e+00
vertex 3.951768e+01 2.085889e+00 -1.749015e+00
endloop
endfacet
facet normal 0 0 0
outer loop
vertex 4.145758e+01 2.085889e+00 -4.035399e+00
vertex 4.114227e+01 2.391438e+00 -3.918536e+00
vertex 4.086155e+01 2.085889e+00 -3.231744e+00
endloop
endfacet
facet normal 0 0 0
outer loop
vertex 3.684559e+01 -2.540000e+00 -7.552958e+00
vertex 3.715034e+01 -2.540000e+00 -9.400777e+00
vertex 3.826954e+01 -2.540000e+00 -7.881556e+00
endloop
endfacet
facet normal 0 0 0
outer loop
vertex 7.396765e+00 -2.540000e+00 -1.253808e+01
vertex 7.983677e+00 -2.540000e+00 -1.169339e+01
vertex 6.671755e+00 -2.540000e+00 -1.214677e+01
endloop
endfacet
facet normal 0 0 0
outer loop
vertex 6.671755e+00 -2.540000e+00 -1.214677e+01
vertex 7.983677e+00 -2.540000e+00 -1.169339e+01
vertex 6.870396e+00 -2.540000e+00 -1.105845e+01
endloop
endfacet
facet normal 0 0 0
outer loop
vertex 3.539315e+01 2.540000e+00 -1.116367e+01
vertex 3.441218e+01 2.540000e+00 -1.002490e+01
vertex 3.578387e+01 2.540000e+00 -9.135401e+00
endloop
endfacet
facet normal 0 0 0
outer loop
vertex 6.494459e+00 1.078255e+00 -7.444568e+00
vertex 7.115208e+00 2.085889e+00 -6.555469e+00
vertex 6.637579e+00 1.979516e+00 -7.500916e+00
endloop
endfacet
facet normal 0 0 0
outer loop
vertex 6.097195e+00 -1.127797e+00 -2.403700e+01
vertex 6.494459e+00 -1.078255e+00 -2.489123e+01
vertex 6.386806e+00 -1.617383e+00 -2.442724e+01
endloop
endfacet
facet normal 0 0 0
outer loop
vertex 4.002607e+01 -2.522883e+00 -2.994506e+00
vertex 4.087790e+01 -2.015267e+00 -3.218331e+00
vertex 4.021693e+01 -2.203352e+00 -2.642550e+00
endloop
endfacet
facet normal 0 0 0
outer loop
vertex 4.068353e+01 -2.522883e+00 -3.739495e+00
vertex 4.087790e+01 -2.015267e+00 -3.218331e+00
vertex 4.002607e+01 -2.522883e+00 -2.994506e+00
endloop
endfacet
facet normal 0 0 0
outer loop
vertex 4.021693e+01 2.203352e+00 -2.969325e+01
vertex 3.936861e+01 2.522883e+00 -3.008628e+01
vertex 4.001695e+01 2.534881e+00 -2.932581e+01
endloop
endfacet
facet normal 0 0 0
outer loop
vertex 1.999220e+01 -2.540000e+00 -5.938884e+00
vertex 1.915950e+01 -2.540000e+00 -7.019181e+00
vertex 2.058761e+01 -2.540000e+00 -6.901855e+00
endloop
endfacet
facet normal 0 0 0
outer loop
vertex 2.790623e+01 -2.540000e+00 -9.327357e+00
vertex 2.673642e+01 -2.540000e+00 -1.050883e+01
vertex 2.844932e+01 -2.540000e+00 -1.115667e+01
endloop
endfacet
facet normal 0 0 0
outer loop
vertex 2.844932e+01 -2.540000e+00 -1.115667e+01
vertex 2.673642e+01 -2.540000e+00 -1.050883e+01
vertex 2.722769e+01 -2.540000e+00 -1.265665e+01
endloop
endfacet
facet normal 0 0 0
outer loop
vertex 1.917949e+01 2.085889e+00 -3.568124e+01
vertex 1.891853e+01 1.016071e+00 -3.579080e+01
vertex 1.855760e+01 1.600450e+00 -3.556224e+01
endloop
endfacet
facet normal 0 0 0
outer loop
vertex 6.589204e+00 2.403395e+00 -8.156231e+00
vertex 7.223840e+00 2.391438e+00 -6.778443e+00
vertex 6.995936e+00 2.531442e+00 -7.999577e+00
endloop
endfacet
facet normal 0 0 0
outer loop
vertex 1.639491e+01 -2.121200e+00 2.233720e+00
vertex 1.605458e+01 -1.018695e+00 2.308502e+00
vertex 1.548637e+01 -2.085889e+00 1.815693e+00
endloop
endfacet
facet normal 0 0 0
outer loop
vertex 4.415275e+01 4.938828e-01 -8.172294e+00
vertex 4.433680e+01 -1.201539e-02 -8.414165e+00
vertex 4.428251e+01 1.064201e+00 -8.739764e+00
endloop
endfacet
facet normal 0 0 0
outer loop
vertex 7.983908e+00 -2.540000e+00 -6.286613e+00
vertex 8.732349e+00 -2.540000e+00 -6.245471e+00
vertex 8.430971e+00 -2.540000e+00 -5.527026e+00
endloop
endfacet
facet normal 0 0 0
outer loop
vertex 4.480506e+01 -2.531442e+00 -1.863741e+01
vertex 4.380628e+01 -2.540000e+00 -1.762297e+01
vertex 4.319994e+01 -2.540000e+00 -1.929422e+01
endloop
endfacet
facet normal 0 0 0
outer loop
vertex 7.085097e+00 2.540000e+00 -2.429599e+01
vertex 8.198380e+00 2.540000e+00 -2.449153e+01
vertex 7.490753e+00 2.540000e+00 -2.519502e+01
endloop
endfacet
facet normal 0 0 0
outer loop
vertex 5.199514e+00 1.430643e-03 -1.022608e+01
vertex 5.121102e+00 -9.225193e-01 -1.121510e+01
vertex 5.366305e+00 -1.098453e+00 -1.036385e+01
endloop
endfacet
facet normal 0 0 0
outer loop
vertex 2.043423e+01 -2.540000e+00 -1.785343e+01
vertex 2.267883e+01 -2.540000e+00 -1.816540e+01
vertex 2.142963e+01 -2.540000e+00 -1.711274e+01
endloop
endfacet
facet normal 0 0 0
outer loop
vertex 1.927413e+01 -2.540000e+00 -1.855482e+01
vertex 2.043423e+01 -2.540000e+00 -1.785343e+01
vertex 1.898487e+01 -2.540000e+00 -1.684427e+01
endloop
endfacet
facet normal 0 0 0
outer loop
vertex 4.511910e+01 -2.015267e+00 -1.218561e+01
vertex 4.526607e+01 -2.015267e+00 -1.317637e+01
vertex 4.541485e+01 -8.853203e-01 -1.272974e+01
endloop
endfacet
facet normal 0 0 0
outer loop
vertex 3.334683e+01 -2.391438e+00 -3.459346e+01
vertex 3.272799e+01 -2.540000e+00 -3.428703e+01
vertex 3.241662e+01 -2.391438e+00 -3.498564e+01
endloop
endfacet
facet normal 0 0 0
outer loop
vertex 3.805641e+01 2.540000e+00 -1.586703e+01
vertex 3.951344e+01 2.540000e+00 -1.526486e+01
vertex 3.897106e+01 2.540000e+00 -1.692346e+01
endloop
endfacet
facet normal 0 0 0
outer loop
vertex 2.034910e+01 2.391438e+00 -3.577235e+01
vertex 2.139236e+01 2.401763e+00 -3.598907e+01
vertex 2.112476e+01 2.156511e+00 -3.614673e+01
endloop
endfacet
facet normal 0 0 0
outer loop
vertex 4.205362e+01 2.085889e+00 -4.839055e+00
vertex 4.246967e+01 2.340914e+00 -5.807974e+00
vertex 4.177059e+01 2.399380e+00 -4.802589e+00
endloop
endfacet
facet normal 0 0 0
outer loop
vertex 4.177059e+01 2.399380e+00 -4.802589e+00
vertex 4.246967e+01 2.340914e+00 -5.807974e+00
vertex 4.229840e+01 2.531442e+00 -6.237704e+00
endloop
endfacet
facet normal 0 0 0
outer loop
vertex 1.490929e+01 2.540000e+00 -2.246538e+01
vertex 1.639839e+01 2.540000e+00 -2.298698e+01
vertex 1.545836e+01 2.540000e+00 -2.410337e+01
endloop
endfacet
facet normal 0 0 0
outer loop
vertex 1.645887e+01 -2.540000e+00 -7.129734e-01
vertex 1.787480e+01 -2.540000e+00 -1.989278e-01
vertex 1.665622e+01 -2.540000e+00 5.058960e-01
endloop
endfacet
facet normal 0 0 0
outer loop
vertex 3.086502e+01 2.540000e+00 -2.692674e+01
vertex 3.131194e+01 2.540000e+00 -2.549473e+01
vertex 3.224374e+01 2.540000e+00 -2.654276e+01
endloop
endfacet
facet normal 0 0 0
outer loop
vertex 3.726181e+01 2.203352e+00 -3.240054e+01
vertex 3.724388e+01 2.015267e+00 -3.254365e+01
vertex 3.647524e+01 2.391438e+00 -3.285407e+01
endloop
endfacet
facet normal 0 0 0
outer loop
vertex 1.917949e+01 2.085889e+00 3.345436e+00
vertex 1.865455e+01 2.391438e+00 2.963859e+00
vertex 1.821115e+01 1.867224e+00 3.050326e+00
endloop
endfacet
facet normal 0 0 0
outer loop
vertex 3.640416e+01 2.540000e+00 -1.196407e+01
vertex 3.521787e+01 2.540000e+00 -1.261537e+01
vertex 3.539315e+01 2.540000e+00 -1.116367e+01
endloop
endfacet
facet normal 0 0 0
outer loop
vertex 1.548343e+01 2.391438e+00 -3.392145e+01
vertex 1.548637e+01 2.085889e+00 -3.415149e+01
vertex 1.463404e+01 2.121200e+00 -3.362831e+01
endloop
endfacet
facet normal 0 0 0
outer loop
vertex 2.034910e+01 2.391438e+00 -3.577235e+01
vertex 2.119400e+01 2.531442e+00 -3.564062e+01
vertex 2.139236e+01 2.401763e+00 -3.598907e+01
endloop
endfacet
facet normal 0 0 0
outer loop
vertex 2.112476e+01 -2.156511e+00 3.810930e+00
vertex 2.015213e+01 -2.121200e+00 3.578183e+00
vertex 2.033083e+01 -2.391438e+00 3.426433e+00
endloop
endfacet
facet normal 0 0 0
outer loop
vertex 2.015213e+01 -2.121200e+00 3.578183e+00
vertex 1.917949e+01 -2.085889e+00 3.345436e+00
vertex 1.939423e+01 -2.391438e+00 3.197372e+00
endloop
endfacet
facet normal 0 0 0
outer loop
vertex 3.909268e+01 -2.540000e+00 -5.946422e+00
vertex 3.808983e+01 -2.540000e+00 -4.912393e+00
vertex 3.761844e+01 -2.540000e+00 -6.133956e+00
endloop
endfacet
facet normal 0 0 0
outer loop
vertex 1.866240e+01 -2.391438e+00 2.943987e+00
vertex 1.939423e+01 -2.391438e+00 3.197372e+00
vertex 1.917949e+01 -2.085889e+00 3.345436e+00
endloop
endfacet
facet normal 0 0 0
outer loop
vertex 3.711984e+01 2.522883e+00 -3.203788e+01
vertex 3.600395e+01 2.540000e+00 -3.139827e+01
vertex 3.676410e+01 2.531442e+00 -3.083661e+01
endloop
endfacet
facet normal 0 0 0
outer loop
vertex 3.703578e+01 2.540000e+00 -1.732565e+01
vertex 3.546392e+01 2.540000e+00 -1.604043e+01
vertex 3.680703e+01 2.540000e+00 -1.609003e+01
endloop
endfacet
facet normal 0 0 0
outer loop
vertex 2.003438e+01 -2.540000e+00 -9.952259e+00
vertex 2.165940e+01 -2.540000e+00 -9.868911e+00
vertex 2.061689e+01 -2.540000e+00 -8.487546e+00
endloop
endfacet
facet normal 0 0 0
outer loop
vertex 1.496865e+01 -2.540000e+00 -6.264733e+00
vertex 1.377403e+01 -2.540000e+00 -5.823251e+00
vertex 1.418314e+01 -2.540000e+00 -7.104839e+00
endloop
endfacet
facet normal 0 0 0
outer loop
vertex 1.377403e+01 -2.540000e+00 -5.823251e+00
vertex 1.496865e+01 -2.540000e+00 -6.264733e+00
vertex 1.512100e+01 -2.540000e+00 -5.056072e+00
endloop
endfacet
facet normal 0 0 0
outer loop
vertex 1.377403e+01 -2.540000e+00 -5.823251e+00
vertex 1.226706e+01 -2.540000e+00 -5.150274e+00
vertex 1.283751e+01 -2.540000e+00 -7.180521e+00
endloop
endfacet
facet normal 0 0 0
outer loop
vertex 1.249725e+01 -2.540000e+00 -4.053169e+00
vertex 1.281662e+01 -2.540000e+00 -2.987640e+00
vertex 1.186624e+01 -2.540000e+00 -3.472208e+00
endloop
endfacet
facet normal 0 0 0
outer loop
vertex 2.033083e+01 -2.391438e+00 3.426433e+00
vertex 2.015213e+01 -2.121200e+00 3.578183e+00
vertex 1.939423e+01 -2.391438e+00 3.197372e+00
endloop
endfacet
facet normal 0 0 0
outer loop
vertex 4.304478e+01 1.973894e+00 -2.589931e+01
vertex 4.348312e+01 9.939981e-01 -2.542398e+01
vertex 4.307500e+01 1.058967e+00 -2.617858e+01
endloop
endfacet
facet normal 0 0 0
outer loop
vertex 2.617129e+01 -2.516993e+00 3.728372e+00
vertex 2.730799e+01 -2.522883e+00 3.632829e+00
vertex 2.706541e+01 -2.325737e+00 3.978724e+00
endloop
endfacet
facet normal 0 0 0
outer loop
vertex 4.365448e+01 2.522883e+00 -2.345047e+01
vertex 4.299413e+01 2.540000e+00 -2.291560e+01
vertex 4.397093e+01 2.522883e+00 -2.250860e+01
endloop
endfacet
facet normal 0 0 0
outer loop
vertex 4.285411e+01 2.540000e+00 -2.370735e+01
vertex 4.299413e+01 2.540000e+00 -2.291560e+01
vertex 4.365448e+01 2.522883e+00 -2.345047e+01
endloop
endfacet
facet normal 0 0 0
outer loop
vertex 2.622416e+01 -2.533409e+00 -3.230210e+01
vertex 2.544613e+01 -2.533676e+00 -3.102727e+01
vertex 2.454082e+01 -2.540000e+00 -3.246986e+01
endloop
endfacet
facet normal 0 0 0
outer loop
vertex 2.177248e+01 -1.041186e+00 4.130490e+00
vertex 2.084577e+01 -1.258251e+00 3.928575e+00
vertex 2.112476e+01 -2.156511e+00 3.810930e+00
endloop
endfacet
facet normal 0 0 0
outer loop
vertex 2.211139e+01 -2.085889e+00 3.978632e+00
vertex 2.177248e+01 -1.041186e+00 4.130490e+00
vertex 2.112476e+01 -2.156511e+00 3.810930e+00
endloop
endfacet
facet normal 0 0 0
outer loop
vertex 4.544643e+00 -9.190102e-01 -1.723608e+01
vertex 4.397544e+00 1.070161e-01 -1.715499e+01
vertex 4.447380e+00 8.099021e-02 -1.820751e+01
endloop
endfacet
facet normal 0 0 0
outer loop
vertex 4.557078e+00 1.007633e+00 -1.717009e+01
vertex 4.447380e+00 8.099021e-02 -1.820751e+01
vertex 4.397544e+00 1.070161e-01 -1.715499e+01
endloop
endfacet
facet normal 0 0 0
outer loop
vertex 4.333736e+00 0.000000e+00 -1.610987e+01
vertex 4.574154e+00 -1.077657e+00 -1.507053e+01
vertex 4.422189e+00 0.000000e+00 -1.428118e+01
endloop
endfacet
facet normal 0 0 0
outer loop
vertex 4.422189e+00 0.000000e+00 -1.428118e+01
vertex 4.563233e+00 1.077931e+00 -1.529472e+01
vertex 4.333736e+00 0.000000e+00 -1.610987e+01
endloop
endfacet
facet normal 0 0 0
outer loop
vertex 4.111631e+01 -2.540000e+00 -2.642356e+01
vertex 4.122421e+01 -2.531442e+00 -2.776128e+01
vertex 4.165955e+01 -2.540000e+00 -2.684514e+01
endloop
endfacet
facet normal 0 0 0
outer loop
vertex 1.372112e+01 -2.540000e+00 -2.583432e+01
vertex 1.376605e+01 -2.540000e+00 -2.479878e+01
vertex 1.253981e+01 -2.540000e+00 -2.481862e+01
endloop
endfacet
facet normal 0 0 0
outer loop
vertex 1.249264e+01 -2.540000e+00 -2.631157e+01
vertex 1.372112e+01 -2.540000e+00 -2.583432e+01
vertex 1.253981e+01 -2.540000e+00 -2.481862e+01
endloop
endfacet
facet normal 0 0 0
outer loop
vertex 4.258612e+01 -2.015267e+00 -5.686406e+00
vertex 4.308316e+01 -9.571065e-01 -6.136687e+00
vertex 4.254109e+01 -9.892120e-01 -5.236151e+00
endloop
endfacet
facet normal 0 0 0
outer loop
vertex 4.207120e+01 -2.015267e+00 -4.827309e+00
vertex 4.258612e+01 -2.015267e+00 -5.686406e+00
vertex 4.254109e+01 -9.892120e-01 -5.236151e+00
endloop
endfacet
facet normal 0 0 0
outer loop
vertex 2.712702e+01 2.156511e+00 -3.643692e+01
vertex 2.683118e+01 2.416567e+00 -3.623197e+01
vertex 2.830630e+01 2.391438e+00 -3.608252e+01
endloop
endfacet
facet normal 0 0 0
outer loop
vertex 2.830630e+01 2.391438e+00 -3.608252e+01
vertex 2.683118e+01 2.416567e+00 -3.623197e+01
vertex 2.806606e+01 2.522883e+00 -3.585437e+01
endloop
endfacet
facet normal 0 0 0
outer loop
vertex 2.165940e+01 -2.540000e+00 -9.868911e+00
vertex 2.120517e+01 -2.540000e+00 -1.128777e+01
vertex 2.260434e+01 -2.540000e+00 -1.144901e+01
endloop
endfacet
facet normal 0 0 0
outer loop
vertex 2.165940e+01 -2.540000e+00 -9.868911e+00
vertex 2.260434e+01 -2.540000e+00 -1.144901e+01
vertex 2.340064e+01 -2.540000e+00 -1.044930e+01
endloop
endfacet
facet normal 0 0 0
outer loop
vertex 3.398736e+01 -2.540000e+00 -6.431384e+00
vertex 3.540304e+01 -2.540000e+00 -7.132046e+00
vertex 3.528472e+01 -2.540000e+00 -5.653843e+00
endloop
endfacet
facet normal 0 0 0
outer loop
vertex 1.548343e+01 2.391438e+00 -3.392145e+01
vertex 1.463404e+01 2.121200e+00 -3.362831e+01
vertex 1.474895e+01 2.391438e+00 -3.348122e+01
endloop
endfacet
facet normal 0 0 0
outer loop
vertex 3.095019e+01 2.540000e+00 -7.376389e+00
vertex 3.239032e+01 2.540000e+00 -8.258949e+00
vertex 3.123178e+01 2.540000e+00 -9.142227e+00
endloop
endfacet
facet normal 0 0 0
outer loop
vertex 3.369394e+01 -2.540000e+00 -1.725633e+01
vertex 3.408734e+01 -2.540000e+00 -1.885453e+01
vertex 3.522779e+01 -2.540000e+00 -1.801314e+01
endloop
endfacet
facet normal 0 0 0
outer loop
vertex 8.467160e+00 2.540000e+00 -2.542669e+01
vertex 9.464489e+00 2.540000e+00 -2.527681e+01
vertex 8.818475e+00 2.540000e+00 -2.603894e+01
endloop
endfacet
facet normal 0 0 0
outer loop
vertex 1.037002e+01 -2.540000e+00 -3.192148e+00
vertex 1.093382e+01 -2.540000e+00 -2.351768e+00
vertex 1.021070e+01 -2.465719e+00 -2.853939e+00
endloop
endfacet
facet normal 0 0 0
outer loop
vertex 2.230890e+01 -2.362523e+00 3.831720e+00
vertex 2.211139e+01 -2.085889e+00 3.978632e+00
vertex 2.138137e+01 -2.399930e+00 3.655324e+00
endloop
endfacet
facet normal 0 0 0
outer loop
vertex 1.021070e+01 2.465719e+00 -2.948186e+01
vertex 1.028119e+01 2.540000e+00 -2.924452e+01
vertex 1.093382e+01 2.540000e+00 -2.998403e+01
endloop
endfacet
facet normal 0 0 0
outer loop
vertex 1.239881e+01 -2.540000e+00 -3.017020e+01
vertex 1.159030e+01 -2.531442e+00 -3.072660e+01
vertex 1.234866e+01 -2.531442e+00 -3.136293e+01
endloop
endfacet
facet normal 0 0 0
outer loop
vertex 4.487574e+01 -2.015267e+00 -1.121404e+01
vertex 4.511910e+01 -2.015267e+00 -1.218561e+01
vertex 4.503344e+01 -1.511450e+00 -1.145288e+01
endloop
endfacet
facet normal 0 0 0
outer loop
vertex 4.503344e+01 -1.511450e+00 -1.145288e+01
vertex 4.511910e+01 -2.015267e+00 -1.218561e+01
vertex 4.519512e+01 -9.567353e-01 -1.166847e+01
endloop
endfacet
facet normal 0 0 0
outer loop
vertex 2.609712e+01 2.121200e+00 4.163867e+00
vertex 2.678482e+01 1.097629e+00 4.332411e+00
vertex 2.709543e+01 2.156511e+00 4.104252e+00
endloop
endfacet
facet normal 0 0 0
outer loop
vertex 2.363875e+01 -1.880118e-03 4.500191e+00
vertex 2.248553e+01 -5.685829e-02 4.420073e+00
vertex 2.279178e+01 -1.036062e+00 4.283203e+00
endloop
endfacet
facet normal 0 0 0
outer loop
vertex 4.748707e+00 -1.028584e+00 -1.321498e+01
vertex 4.758633e+00 0.000000e+00 -1.201230e+01
vertex 4.568942e+00 0.000000e+00 -1.319749e+01
endloop
endfacet
facet normal 0 0 0
outer loop
vertex 4.350752e+01 1.042944e+00 -6.985883e+00
vertex 4.309495e+01 1.053559e+00 -6.193312e+00
vertex 4.349215e+01 -1.201539e-02 -6.596437e+00
endloop
endfacet
facet normal 0 0 0
outer loop
vertex 6.679441e+00 2.540000e+00 -2.339697e+01
vertex 6.461711e+00 2.540000e+00 -2.229134e+01
vertex 7.294114e+00 2.540000e+00 -2.255401e+01
endloop
endfacet
facet normal 0 0 0
outer loop
vertex 4.749487e+00 1.023090e+00 -1.320297e+01
vertex 4.568942e+00 0.000000e+00 -1.319749e+01
vertex 4.758633e+00 0.000000e+00 -1.201230e+01
endloop
endfacet
facet normal 0 0 0
outer loop
vertex 4.758633e+00 0.000000e+00 -1.201230e+01
vertex 4.916916e+00 1.062979e+00 -1.214605e+01
vertex 4.749487e+00 1.023090e+00 -1.320297e+01
endloop
endfacet
facet normal 0 0 0
outer loop
vertex 7.252426e+00 -2.540000e+00 -2.206650e+01
vertex 7.117931e+00 -2.535721e+00 -2.269906e+01
vertex 8.153905e+00 -2.540000e+00 -2.271882e+01
endloop
endfacet
facet normal 0 0 0
outer loop
vertex 8.153905e+00 -2.540000e+00 -2.271882e+01
vertex 7.117931e+00 -2.535721e+00 -2.269906e+01
vertex 7.551622e+00 -2.540000e+00 -2.357233e+01
endloop
endfacet
facet normal 0 0 0
outer loop
vertex 2.825987e+01 -2.358484e+00 3.773203e+00
vertex 2.934166e+01 -2.391438e+00 3.565596e+00
vertex 2.910809e+01 -2.085889e+00 3.825426e+00
endloop
endfacet
facet normal 0 0 0
outer loop
vertex 4.144850e+01 -2.228595e+00 -4.256507e+00
vertex 4.088815e+01 -2.391438e+00 -3.576310e+00
vertex 4.068353e+01 -2.522883e+00 -3.739495e+00
endloop
endfacet
facet normal 0 0 0
outer loop
vertex 4.130650e+01 -2.529368e+00 -4.700930e+00
vertex 4.144850e+01 -2.228595e+00 -4.256507e+00
vertex 4.068353e+01 -2.522883e+00 -3.739495e+00
endloop
endfacet
facet normal 0 0 0
outer loop
vertex 3.281327e+01 -2.531442e+00 2.132979e+00
vertex 3.203518e+01 -2.540000e+00 1.786492e+00
vertex 3.228160e+01 -2.540000e+00 1.129566e+00
endloop
endfacet
facet normal 0 0 0
outer loop
vertex 3.879050e+01 2.015267e+00 -3.127436e+01
vertex 3.860162e+01 9.147564e-01 -3.171813e+01
vertex 3.804837e+01 2.015267e+00 -3.194699e+01
endloop
endfacet
facet normal 0 0 0
outer loop
vertex 3.799586e+01 -9.593360e-01 -1.162301e-01
vertex 3.878637e+01 -1.032878e+00 -8.088559e-01
vertex 3.855856e+01 -6.717303e-03 -4.002461e-01
endloop
endfacet
facet normal 0 0 0
outer loop
vertex 1.648170e+01 2.531442e+00 1.725696e+00
vertex 1.551722e+01 2.400697e+00 1.586344e+00
vertex 1.652045e+01 2.366266e+00 2.130368e+00
endloop
endfacet
facet normal 0 0 0
outer loop
vertex 4.428251e+01 1.064201e+00 -8.739764e+00
vertex 4.461896e+01 1.217102e+00 -9.758654e+00
vertex 4.432815e+01 1.848244e+00 -9.298826e+00
endloop
endfacet
facet normal 0 0 0
outer loop
vertex 2.582964e+01 2.540000e+00 1.263955e-01
vertex 2.596540e+01 2.540000e+00 -1.547246e+00
vertex 2.436116e+01 2.540000e+00 -6.235510e-01
endloop
endfacet
facet normal 0 0 0
outer loop
vertex 2.425251e+01 2.540000e+00 1.229789e+00
vertex 2.436116e+01 2.540000e+00 -6.235510e-01
vertex 2.304665e+01 2.540000e+00 5.372167e-01
endloop
endfacet
facet normal 0 0 0
outer loop
vertex 2.165940e+01 -2.540000e+00 -9.868911e+00
vertex 2.340064e+01 -2.540000e+00 -1.044930e+01
vertex 2.279263e+01 -2.540000e+00 -8.854370e+00
endloop
endfacet
facet normal 0 0 0
outer loop
vertex 2.610605e+01 -2.085889e+00 4.173604e+00
vertex 2.711330e+01 -2.085889e+00 4.123725e+00
vertex 2.684970e+01 -1.249330e+00 4.301018e+00
endloop
endfacet
facet normal 0 0 0
outer loop
vertex 8.143986e+00 2.085889e+00 -4.839055e+00
vertex 7.958055e+00 2.391438e+00 -5.509099e+00
vertex 7.636844e+00 1.942268e+00 -5.618497e+00
endloop
endfacet
facet normal 0 0 0
outer loop
vertex 3.957238e+01 -2.540000e+00 -2.127756e+01
vertex 4.089832e+01 -2.540000e+00 -2.194892e+01
vertex 4.053448e+01 -2.540000e+00 -1.992958e+01
endloop
endfacet
facet normal 0 0 0
outer loop
vertex 4.221472e+01 -2.540000e+00 -2.080633e+01
vertex 4.191109e+01 -2.540000e+00 -1.938532e+01
vertex 4.053448e+01 -2.540000e+00 -1.992958e+01
endloop
endfacet
facet normal 0 0 0
outer loop
vertex 3.281327e+01 2.531442e+00 -3.446878e+01
vertex 3.275545e+01 2.540000e+00 -3.347209e+01
vertex 3.372270e+01 2.527163e+00 -3.407140e+01
endloop
endfacet
facet normal 0 0 0
outer loop
vertex 1.665622e+01 -2.540000e+00 5.058960e-01
vertex 1.655720e+01 -2.533641e+00 1.728682e+00
vertex 1.566883e+01 -2.531442e+00 1.310800e+00
endloop
endfacet
facet normal 0 0 0
outer loop
vertex 2.444238e+01 2.540000e+00 -3.119840e+01
vertex 2.398167e+01 2.540000e+00 -3.250708e+01
vertex 2.314005e+01 2.540000e+00 -3.096425e+01
endloop
endfacet
facet normal 0 0 0
outer loop
vertex 9.352392e+00 2.156511e+00 -2.909064e+01
vertex 9.754761e+00 1.224683e+00 -2.981112e+01
vertex 9.102581e+00 1.269731e+00 -2.905110e+01
endloop
endfacet
facet normal 0 0 0
outer loop
vertex 5.366957e+00 -2.540000e+00 -1.468920e+01
vertex 6.214625e+00 -2.540000e+00 -1.437642e+01
vertex 5.489598e+00 -2.540000e+00 -1.371055e+01
endloop
endfacet
facet normal 0 0 0
outer loop
vertex 4.205362e+01 -2.085889e+00 -2.749675e+01
vertex 4.232339e+01 -2.403200e+00 -2.664753e+01
vertex 4.169898e+01 -2.380942e+00 -2.767797e+01
endloop
endfacet
facet normal 0 0 0
outer loop
vertex 4.107767e+01 2.540000e+00 -1.209936e+01
vertex 4.110205e+01 2.540000e+00 -1.415718e+01
vertex 3.993430e+01 2.540000e+00 -1.325722e+01
endloop
endfacet
facet normal 0 0 0
outer loop
vertex 3.365203e+01 1.141753e+00 -3.485649e+01
vertex 3.419629e+01 1.607052e+00 -3.450284e+01
vertex 3.463284e+01 1.054471e+00 -3.440142e+01
endloop
endfacet
facet normal 0 0 0
outer loop
vertex 3.818419e+01 2.540000e+00 -2.986838e+01
vertex 3.900599e+01 2.540000e+00 -2.931107e+01
vertex 3.936861e+01 2.522883e+00 -3.008628e+01
endloop
endfacet
facet normal 0 0 0
outer loop
vertex 1.636982e+01 -2.540000e+00 -4.365974e+00
vertex 1.487643e+01 -2.540000e+00 -2.981004e+00
vertex 1.512100e+01 -2.540000e+00 -5.056072e+00
endloop
endfacet
facet normal 0 0 0
outer loop
vertex 2.811069e+01 -2.085889e+00 3.974576e+00
vertex 2.825987e+01 -2.358484e+00 3.773203e+00
vertex 2.910809e+01 -2.085889e+00 3.825426e+00
endloop
endfacet
facet normal 0 0 0
outer loop
vertex 8.306988e+00 2.391438e+00 -2.738783e+01
vertex 8.967777e+00 2.465719e+00 -2.794642e+01
vertex 8.161566e+00 2.156511e+00 -2.748500e+01
endloop
endfacet
facet normal 0 0 0
outer loop
vertex 8.967777e+00 2.465719e+00 -2.794642e+01
vertex 8.756979e+00 2.156511e+00 -2.828782e+01
vertex 8.161566e+00 2.156511e+00 -2.748500e+01
endloop
endfacet
facet normal 0 0 0
outer loop
vertex 1.271978e+01 2.501716e+00 -3.180130e+01
vertex 1.295382e+01 2.306012e+00 -3.221247e+01
vertex 1.228701e+01 2.391438e+00 -3.177911e+01
endloop
endfacet
facet normal 0 0 0
outer loop
vertex 4.931532e+00 2.015267e+00 -1.915943e+01
vertex 4.751200e+00 1.007633e+00 -1.916332e+01
vertex 4.784567e+00 2.015267e+00 -1.816868e+01
endloop
endfacet
facet normal 0 0 0
outer loop
vertex 4.784567e+00 2.015267e+00 -1.816868e+01
vertex 4.751200e+00 1.007633e+00 -1.916332e+01
vertex 4.615973e+00 1.048128e+00 -1.818809e+01
endloop
endfacet
facet normal 0 0 0
outer loop
vertex 4.257496e+01 1.864065e+00 -5.612447e+00
vertex 4.308239e+01 2.085889e+00 -6.555469e+00
vertex 4.246967e+01 2.340914e+00 -5.807974e+00
endloop
endfacet
facet normal 0 0 0
outer loop
vertex 3.803496e+01 2.085889e+00 -4.051480e-01
vertex 3.854317e+01 2.392230e+00 -1.110927e+00
vertex 3.735548e+01 2.386999e+00 -1.147242e-01
endloop
endfacet
facet normal 0 0 0
outer loop
vertex 7.597640e+00 2.540000e+00 -9.904349e+00
vertex 9.104387e+00 2.540000e+00 -1.069790e+01
vertex 6.999605e+00 2.540000e+00 -1.104842e+01
endloop
endfacet
facet normal 0 0 0
outer loop
vertex 3.879050e+01 2.015267e+00 -3.127436e+01
vertex 3.808012e+01 2.391438e+00 -3.163843e+01
vertex 3.870930e+01 2.253420e+00 -3.109844e+01
endloop
endfacet
facet normal 0 0 0
outer loop
vertex 3.879050e+01 -2.015267e+00 -1.061435e+00
vertex 3.808012e+01 -2.391438e+00 -6.973705e-01
vertex 3.869711e+01 -2.254941e+00 -1.222694e+00
endloop
endfacet
facet normal 0 0 0
outer loop
vertex 3.557736e+01 2.522883e+00 -3.309641e+01
vertex 3.539260e+01 2.540000e+00 -3.233924e+01
vertex 3.632780e+01 2.522883e+00 -3.263783e+01
endloop
endfacet
facet normal 0 0 0
outer loop
vertex 2.811069e+01 -2.085889e+00 3.974576e+00
vertex 2.910809e+01 -2.085889e+00 3.825426e+00
vertex 2.887394e+01 -1.135904e+00 4.048180e+00
endloop
endfacet
facet normal 0 0 0
outer loop
vertex 7.644072e+00 -2.015267e+00 -2.670377e+01
vertex 7.482643e+00 -1.077633e+00 -2.676323e+01
vertex 8.143986e+00 -2.085889e+00 -2.749675e+01
endloop
endfacet
facet normal 0 0 0
outer loop
vertex 4.541485e+01 -8.853203e-01 -1.272974e+01
vertex 4.526607e+01 -2.015267e+00 -1.317637e+01
vertex 4.541303e+01 -2.015267e+00 -1.416712e+01
endloop
endfacet
facet normal 0 0 0
outer loop
vertex 3.855856e+01 -6.717303e-03 -4.002461e-01
vertex 3.872190e+01 1.036227e+00 -7.697130e-01
vertex 3.804756e+01 8.660421e-01 -1.396857e-01
endloop
endfacet
facet normal 0 0 0
outer loop
vertex 5.864124e+00 0.000000e+00 -8.336443e+00
vertex 6.076766e+00 1.206071e+00 -8.382908e+00
vertex 5.672783e+00 9.595355e-01 -9.383302e+00
endloop
endfacet
facet normal 0 0 0
outer loop
vertex 4.463237e+01 2.015267e+00 -2.209334e+01
vertex 4.459087e+01 1.148817e+00 -2.269384e+01
vertex 4.429494e+01 2.015267e+00 -2.303639e+01
endloop
endfacet
facet normal 0 0 0
outer loop
vertex 5.317778e+00 2.540000e+00 -1.567459e+01
vertex 5.458479e+00 2.540000e+00 -1.483327e+01
vertex 6.098327e+00 2.540000e+00 -1.511217e+01
endloop
endfacet
facet normal 0 0 0
outer loop
vertex 5.827765e+00 -2.391438e+00 -2.220146e+01
vertex 5.585464e+00 -2.085889e+00 -2.208721e+01
vertex 5.855939e+00 -1.900783e+00 -2.296664e+01
endloop
endfacet
facet normal 0 0 0
outer loop
vertex 1.092871e+01 2.540000e+00 -3.709334e+00
vertex 9.590622e+00 2.531442e+00 -3.800540e+00
vertex 1.020785e+01 2.531442e+00 -3.026559e+00
endloop
endfacet
facet normal 0 0 0
outer loop
vertex 1.912602e+01 -2.540000e+00 -2.026657e+01
vertex 1.927413e+01 -2.540000e+00 -1.855482e+01
vertex 1.776432e+01 -2.540000e+00 -1.966374e+01
endloop
endfacet
facet normal 0 0 0
outer loop
vertex 1.797292e+01 -2.540000e+00 -1.798015e+01
vertex 1.776432e+01 -2.540000e+00 -1.966374e+01
vertex 1.927413e+01 -2.540000e+00 -1.855482e+01
endloop
endfacet
facet normal 0 0 0
outer loop
vertex 1.912602e+01 -2.540000e+00 -2.026657e+01
vertex 2.039345e+01 -2.536381e+00 -2.053900e+01
vertex 2.050172e+01 -2.540000e+00 -1.926406e+01
endloop
endfacet
facet normal 0 0 0
outer loop
vertex 6.263875e+00 2.540000e+00 -1.906734e+01
vertex 7.308739e+00 2.540000e+00 -1.966123e+01
vertex 6.346598e+00 2.540000e+00 -1.982658e+01
endloop
endfacet
facet normal 0 0 0
outer loop
vertex 6.263875e+00 2.540000e+00 -1.906734e+01
vertex 5.612240e+00 2.540000e+00 -1.960391e+01
vertex 5.489598e+00 2.540000e+00 -1.862525e+01
endloop
endfacet
facet normal 0 0 0
outer loop
vertex 1.912602e+01 -2.540000e+00 -2.026657e+01
vertex 2.050172e+01 -2.540000e+00 -1.926406e+01
vertex 1.927413e+01 -2.540000e+00 -1.855482e+01
endloop
endfacet
facet normal 0 0 0
outer loop
vertex 2.210477e+01 -2.540000e+00 -2.077794e+01
vertex 2.304683e+01 -2.540000e+00 -1.950376e+01
vertex 2.050172e+01 -2.540000e+00 -1.926406e+01
endloop
endfacet
facet normal 0 0 0
outer loop
vertex 4.309495e+01 1.053559e+00 -6.193312e+00
vertex 4.350752e+01 1.042944e+00 -6.985883e+00
vertex 4.308239e+01 2.085889e+00 -6.555469e+00
endloop
endfacet
facet normal 0 0 0
outer loop
vertex 2.658888e+01 -2.540000e+00 2.325126e+00
vertex 2.730799e+01 -2.522883e+00 3.632829e+00
vertex 2.619991e+01 -2.540000e+00 2.819245e+00
endloop
endfacet
facet normal 0 0 0
outer loop
vertex 7.085097e+00 -2.540000e+00 -8.039808e+00
vertex 6.679441e+00 -2.540000e+00 -8.938834e+00
vertex 7.621570e+00 -2.540000e+00 -8.786391e+00
endloop
endfacet
facet normal 0 0 0
outer loop
vertex 4.784567e+00 -2.015267e+00 -1.416712e+01
vertex 4.931532e+00 -2.015267e+00 -1.317637e+01
vertex 4.748707e+00 -1.028584e+00 -1.321498e+01
endloop
endfacet
facet normal 0 0 0
outer loop
vertex 4.784567e+00 -2.015267e+00 -1.416712e+01
vertex 4.748707e+00 -1.028584e+00 -1.321498e+01
vertex 4.597475e+00 -9.581978e-01 -1.416523e+01
endloop
endfacet
facet normal 0 0 0
outer loop
vertex 1.555122e+01 -2.540000e+00 2.299221e-01
vertex 1.665622e+01 -2.540000e+00 5.058960e-01
vertex 1.566883e+01 -2.531442e+00 1.310800e+00
endloop
endfacet
facet normal 0 0 0
outer loop
vertex 2.670073e+01 1.088004e+00 -3.667413e+01
vertex 2.780852e+01 1.047911e+00 -3.655868e+01
vertex 2.652225e+01 -7.767856e-02 -3.687018e+01
endloop
endfacet
facet normal 0 0 0
outer loop
vertex 3.312295e+01 -2.540000e+00 -1.297118e+00
vertex 3.203010e+01 -2.531592e+00 -3.096364e+00
vertex 3.367775e+01 -2.540000e+00 -2.984055e+00
endloop
endfacet
facet normal 0 0 0
outer loop
vertex 2.003438e+01 -2.540000e+00 -9.952259e+00
vertex 2.120517e+01 -2.540000e+00 -1.128777e+01
vertex 2.165940e+01 -2.540000e+00 -9.868911e+00
endloop
endfacet
facet normal 0 0 0
outer loop
vertex 2.112064e+01 2.085889e+00 3.831667e+00
vertex 2.090588e+01 1.109259e+00 3.970875e+00
vertex 2.180308e+01 1.014515e+00 4.125870e+00
endloop
endfacet
facet normal 0 0 0
outer loop
vertex 2.590552e+01 -2.540000e+00 -1.534884e+01
vertex 2.530939e+01 -2.540000e+00 -1.407422e+01
vertex 2.442658e+01 -2.540000e+00 -1.550562e+01
endloop
endfacet
facet normal 0 0 0
outer loop
vertex 3.390819e+01 -2.540000e+00 -1.299838e+01
vertex 3.537252e+01 -2.540000e+00 -1.185501e+01
vertex 3.416699e+01 -2.540000e+00 -1.111747e+01
endloop
endfacet
facet normal 0 0 0
outer loop
vertex 3.407163e+01 -2.540000e+00 -7.792029e+00
vertex 3.557308e+01 -2.540000e+00 -8.723906e+00
vertex 3.540304e+01 -2.540000e+00 -7.132046e+00
endloop
endfacet
facet normal 0 0 0
outer loop
vertex 2.756461e+01 2.418605e+00 3.815145e+00
vertex 2.819200e+01 2.391438e+00 3.787334e+00
vertex 2.805884e+01 2.531442e+00 3.470669e+00
endloop
endfacet
facet normal 0 0 0
outer loop
vertex 7.263693e+00 -2.540000e+00 -2.111717e+01
vertex 6.005261e+00 -2.532826e+00 -2.153829e+01
vertex 7.252426e+00 -2.540000e+00 -2.206650e+01
endloop
endfacet
facet normal 0 0 0
outer loop
vertex 2.506613e+01 -2.540000e+00 -1.666359e+01
vertex 2.702083e+01 -2.540000e+00 -1.605360e+01
vertex 2.590552e+01 -2.540000e+00 -1.534884e+01
endloop
endfacet
facet normal 0 0 0
outer loop
vertex 2.988221e+01 -2.540000e+00 -1.563277e+01
vertex 3.010513e+01 -2.540000e+00 -1.707940e+01
vertex 3.116159e+01 -2.540000e+00 -1.601876e+01
endloop
endfacet
facet normal 0 0 0
outer loop
vertex 1.704753e+01 -1.048245e+00 2.773817e+00
vertex 1.605458e+01 -1.018695e+00 2.308502e+00
vertex 1.639491e+01 -2.121200e+00 2.233720e+00
endloop
endfacet
facet normal 0 0 0
outer loop
vertex 8.540651e+00 -2.540000e+00 -2.130654e+01
vertex 8.153905e+00 -2.540000e+00 -2.271882e+01
vertex 9.658831e+00 -2.540000e+00 -2.208995e+01
endloop
endfacet
facet normal 0 0 0
outer loop
vertex 1.654849e+01 2.540000e+00 -3.394158e+01
vertex 1.636127e+01 2.540000e+00 -3.323386e+01
vertex 1.708793e+01 2.540000e+00 -3.353803e+01
endloop
endfacet
facet normal 0 0 0
outer loop
vertex 1.566883e+01 2.531442e+00 -3.364660e+01
vertex 1.548431e+01 2.540000e+00 -3.266809e+01
vertex 1.636127e+01 2.540000e+00 -3.323386e+01
endloop
endfacet
facet normal 0 0 0
outer loop
vertex 1.787480e+01 -2.540000e+00 -1.989278e-01
vertex 1.742470e+01 -2.540000e+00 1.153649e+00
vertex 1.665622e+01 -2.540000e+00 5.058960e-01
endloop
endfacet
facet normal 0 0 0
outer loop
vertex 1.253981e+01 -2.540000e+00 -2.481862e+01
vertex 1.404059e+01 -2.540000e+00 -2.374238e+01
vertex 1.278685e+01 -2.540000e+00 -2.323842e+01
endloop
endfacet
facet normal 0 0 0
outer loop
vertex 2.589998e+01 -2.540000e+00 -2.782058e+01
vertex 2.585298e+01 -2.540000e+00 -2.977607e+01
vertex 2.709934e+01 -2.540000e+00 -2.907810e+01
endloop
endfacet
facet normal 0 0 0
outer loop
vertex 4.207120e+01 -2.015267e+00 -4.827309e+00
vertex 4.147455e+01 -2.015267e+00 -4.022820e+00
vertex 4.144850e+01 -2.228595e+00 -4.256507e+00
endloop
endfacet
facet normal 0 0 0
outer loop
vertex 3.057257e+01 -2.540000e+00 -2.697051e+01
vertex 3.009949e+01 -2.540000e+00 -2.850387e+01
vertex 3.152130e+01 -2.540000e+00 -2.875783e+01
endloop
endfacet
facet normal 0 0 0
outer loop
vertex 3.007967e+01 -2.540000e+00 -2.984796e+01
vertex 3.152130e+01 -2.540000e+00 -2.875783e+01
vertex 3.009949e+01 -2.540000e+00 -2.850387e+01
endloop
endfacet
facet normal 0 0 0
outer loop
vertex 2.830630e+01 2.391438e+00 -3.608252e+01
vertex 2.910809e+01 2.085889e+00 -3.616122e+01
vertex 2.811755e+01 2.121200e+00 -3.629907e+01
endloop
endfacet
facet normal 0 0 0
outer loop
vertex 4.348020e+01 -1.267447e+00 -2.531796e+01
vertex 4.308239e+01 -2.085889e+00 -2.578033e+01
vertex 4.305554e+01 -1.123139e+00 -2.619275e+01
endloop
endfacet
facet normal 0 0 0
outer loop
vertex 3.880424e+01 -1.900679e+00 -3.129093e+01
vertex 3.864158e+01 -1.056527e+00 -3.165218e+01
vertex 3.937239e+01 -1.078255e+00 -3.097370e+01
endloop
endfacet
facet normal 0 0 0
outer loop
vertex 4.537500e+01 1.087380e+00 -1.961713e+01
vertex 4.509960e+01 1.999060e+00 -2.024061e+01
vertex 4.558487e+01 1.013718e+00 -1.810155e+01
endloop
endfacet
facet normal 0 0 0
outer loop
vertex 4.926890e+00 2.189805e+00 -1.694890e+01
vertex 5.132099e+00 2.464723e+00 -1.689733e+01
vertex 5.384313e+00 2.540000e+00 -1.758931e+01
endloop
endfacet
facet normal 0 0 0
outer loop
vertex 1.003326e+01 -2.367077e+00 -2.963882e+01
vertex 1.096291e+01 -2.540000e+00 -2.994497e+01
vertex 1.020785e+01 -2.531442e+00 -2.930924e+01
endloop
endfacet
facet normal 0 0 0
outer loop
vertex 1.378170e+01 2.156511e+00 7.693348e-01
vertex 1.548637e+01 2.085889e+00 1.815693e+00
vertex 1.427868e+01 2.411766e+00 8.314683e-01
endloop
endfacet
facet normal 0 0 0
outer loop
vertex 4.686275e+00 -2.015267e+00 -1.616790e+01
vertex 4.510600e+00 -1.007161e+00 -1.612488e+01
vertex 4.544643e+00 -9.190102e-01 -1.723608e+01
endloop
endfacet
facet normal 0 0 0
outer loop
vertex 4.544643e+00 -9.190102e-01 -1.723608e+01
vertex 4.735421e+00 -2.015267e+00 -1.716829e+01
vertex 4.686275e+00 -2.015267e+00 -1.616790e+01
endloop
endfacet
facet normal 0 0 0
outer loop
vertex 4.488795e+01 1.022419e+00 -2.180765e+01
vertex 4.488356e+01 1.853698e+00 -2.121585e+01
vertex 4.515473e+01 1.018227e+00 -2.078125e+01
endloop
endfacet
facet normal 0 0 0
outer loop
vertex 6.618660e+00 -2.540000e+00 -1.693319e+01
vertex 6.101388e+00 -2.540000e+00 -1.607664e+01
vertex 5.317778e+00 -2.540000e+00 -1.666121e+01
endloop
endfacet
facet normal 0 0 0
outer loop
vertex 4.000347e+01 -2.540000e+00 -1.020020e+01
vertex 3.875174e+01 -2.540000e+00 -9.486845e+00
vertex 3.816478e+01 -2.540000e+00 -1.084481e+01
endloop
endfacet
facet normal 0 0 0
outer loop
vertex 2.448774e+01 1.547996e+00 -3.663441e+01
vertex 2.411191e+01 2.171943e+00 -3.646946e+01
vertex 2.508841e+01 1.743041e+00 -3.662622e+01
endloop
endfacet
facet normal 0 0 0
outer loop
vertex 2.481006e+01 1.033582e+00 -3.674839e+01
vertex 2.448774e+01 1.547996e+00 -3.663441e+01
vertex 2.508841e+01 1.743041e+00 -3.662622e+01
endloop
endfacet
facet normal 0 0 0
outer loop
vertex 4.897559e+00 1.094291e+00 -2.004510e+01
vertex 4.751200e+00 1.007633e+00 -1.916332e+01
vertex 4.931532e+00 2.015267e+00 -1.915943e+01
endloop
endfacet
facet normal 0 0 0
outer loop
vertex 2.931571e+01 -2.540000e+00 2.217838e+00
vertex 2.999429e+01 -2.537290e+00 3.038410e+00
vertex 2.903406e+01 -2.531442e+00 3.298711e+00
endloop
endfacet
facet normal 0 0 0
outer loop
vertex 8.438641e+00 -2.533643e+00 -2.692791e+01
vertex 8.978086e+00 -2.535844e+00 -2.775772e+01
vertex 9.754381e+00 -2.540000e+00 -2.704444e+01
endloop
endfacet
facet normal 0 0 0
outer loop
vertex 3.357866e+01 -1.031250e+00 2.577809e+00
vertex 3.387095e+01 -2.085889e+00 2.212407e+00
vertex 3.448888e+01 -1.013754e+00 2.131353e+00
endloop
endfacet
facet normal 0 0 0
outer loop
vertex 2.409945e+01 2.085889e+00 4.174387e+00
vertex 2.384853e+01 1.042944e+00 4.359600e+00
vertex 2.509880e+01 2.085889e+00 4.223482e+00
endloop
endfacet
facet normal 0 0 0
outer loop
vertex 2.384853e+01 1.042944e+00 4.359600e+00
vertex 2.484933e+01 1.110049e+00 4.400333e+00
vertex 2.509880e+01 2.085889e+00 4.223482e+00
endloop
endfacet
facet normal 0 0 0
outer loop
vertex 3.709059e+01 2.531442e+00 -3.365355e-01
vertex 3.735548e+01 2.386999e+00 -1.147242e-01
vertex 3.782404e+01 2.535721e+00 -9.997058e-01
endloop
endfacet
facet normal 0 0 0
outer loop
vertex 2.551570e+01 2.540000e+00 -1.130147e+01
vertex 2.328288e+01 2.540000e+00 -1.145908e+01
vertex 2.413561e+01 2.540000e+00 -9.917382e+00
endloop
endfacet
facet normal 0 0 0
outer loop
vertex 3.804837e+01 -2.015267e+00 -3.888044e-01
vertex 3.808012e+01 -2.391438e+00 -6.973705e-01
vertex 3.879050e+01 -2.015267e+00 -1.061435e+00
endloop
endfacet
facet normal 0 0 0
outer loop
vertex 4.735421e+00 2.015267e+00 -1.716829e+01
vertex 4.784567e+00 2.015267e+00 -1.816868e+01
vertex 4.557078e+00 1.007633e+00 -1.717009e+01
endloop
endfacet
facet normal 0 0 0
outer loop
vertex 4.557078e+00 1.007633e+00 -1.717009e+01
vertex 4.784567e+00 2.015267e+00 -1.816868e+01
vertex 4.615973e+00 1.048128e+00 -1.818809e+01
endloop
endfacet
facet normal 0 0 0
outer loop
vertex 4.245246e+01 -2.540000e+00 -1.811808e+01
vertex 4.097544e+01 -2.540000e+00 -1.791066e+01
vertex 4.191109e+01 -2.540000e+00 -1.938532e+01
endloop
endfacet
facet normal 0 0 0
outer loop
vertex 4.491101e+01 -1.066310e+00 -2.168847e+01
vertex 4.521015e+01 -9.919656e-01 -2.056041e+01
vertex 4.485525e+01 -2.085889e+00 -2.111663e+01
endloop
endfacet
facet normal 0 0 0
outer loop
vertex 2.910809e+01 2.085889e+00 -3.616122e+01
vertex 2.870838e+01 1.147094e+00 -3.640678e+01
vertex 2.811755e+01 2.121200e+00 -3.629907e+01
endloop
endfacet
facet normal 0 0 0
outer loop
vertex 1.499702e+01 -1.606460e+00 1.634272e+00
vertex 1.463404e+01 -2.121200e+00 1.292514e+00
vertex 1.548637e+01 -2.085889e+00 1.815693e+00
endloop
endfacet
facet normal 0 0 0
outer loop
vertex 4.735421e+00 -2.015267e+00 -1.516751e+01
vertex 4.784567e+00 -2.015267e+00 -1.416712e+01
vertex 4.574154e+00 -1.077657e+00 -1.507053e+01
endloop
endfacet
facet normal 0 0 0
outer loop
vertex 4.574154e+00 -1.077657e+00 -1.507053e+01
vertex 4.784567e+00 -2.015267e+00 -1.416712e+01
vertex 4.597475e+00 -9.581978e-01 -1.416523e+01
endloop
endfacet
facet normal 0 0 0
outer loop
vertex 2.123695e+01 2.540000e+00 -3.454369e+01
vertex 2.249821e+01 2.540000e+00 -3.496276e+01
vertex 2.119400e+01 2.531442e+00 -3.564062e+01
endloop
endfacet
facet normal 0 0 0
outer loop
vertex 4.487574e+01 -2.015267e+00 -1.121404e+01
vertex 4.503344e+01 -1.511450e+00 -1.145288e+01
vertex 4.494157e+01 -1.012096e+00 -1.070188e+01
endloop
endfacet
facet normal 0 0 0
outer loop
vertex 4.478698e+01 -2.391438e+00 -2.066490e+01
vertex 4.444401e+01 -2.415117e+00 -2.177328e+01
vertex 4.485525e+01 -2.085889e+00 -2.111663e+01
endloop
endfacet
facet normal 0 0 0
outer loop
vertex 7.940227e+00 -1.100420e+00 -4.817131e+00
vertex 7.758673e+00 -8.407941e-02 -4.768004e+00
vertex 7.461979e+00 -9.821516e-01 -5.573568e+00
endloop
endfacet
facet normal 0 0 0
outer loop
vertex 2.572227e+01 -2.540000e+00 3.253259e+00
vertex 2.460626e+01 -2.540000e+00 3.545527e+00
vertex 2.528677e+01 -2.499180e+00 3.821458e+00
endloop
endfacet
facet normal 0 0 0
outer loop
vertex 2.138137e+01 -2.399930e+00 3.655324e+00
vertex 2.112476e+01 -2.156511e+00 3.810930e+00
vertex 2.033083e+01 -2.391438e+00 3.426433e+00
endloop
endfacet
facet normal 0 0 0
outer loop
vertex 2.409803e+01 -2.509133e+00 3.754327e+00
vertex 2.470817e+01 -2.488450e+00 3.826396e+00
vertex 2.490139e+01 -2.325167e+00 4.080268e+00
endloop
endfacet
facet normal 0 0 0
outer loop
vertex 1.652586e+01 -2.530504e+00 -2.637829e+01
vertex 1.594578e+01 -2.540000e+00 -2.785939e+01
vertex 1.783767e+01 -2.540000e+00 -2.725055e+01
endloop
endfacet
facet normal 0 0 0
outer loop
vertex 9.804966e+00 -2.540000e+00 -1.655046e+01
vertex 9.214545e+00 -2.540000e+00 -1.747757e+01
vertex 1.061756e+01 -2.540000e+00 -1.790233e+01
endloop
endfacet
facet normal 0 0 0
outer loop
vertex 9.804966e+00 -2.540000e+00 -1.655046e+01
vertex 9.573296e+00 -2.540475e+00 -1.534929e+01
vertex 8.158564e+00 -2.540000e+00 -1.665302e+01
endloop
endfacet
facet normal 0 0 0
outer loop
vertex 1.069487e+01 -2.156511e+00 -1.763966e+00
vertex 1.151906e+01 -2.426387e+00 -1.466438e+00
vertex 1.143546e+01 -2.156511e+00 -1.092729e+00
endloop
endfacet
facet normal 0 0 0
outer loop
vertex 1.151906e+01 -2.426387e+00 -1.466438e+00
vertex 1.069487e+01 -2.156511e+00 -1.763966e+00
vertex 1.081854e+01 -2.391438e+00 -1.887636e+00
endloop
endfacet
facet normal 0 0 0
outer loop
vertex 2.112476e+01 2.156511e+00 -3.614673e+01
vertex 2.139236e+01 2.401763e+00 -3.598907e+01
vertex 2.211243e+01 2.121200e+00 -3.630391e+01
endloop
endfacet
facet normal 0 0 0
outer loop
vertex 4.394542e+01 1.059652e+00 -7.909947e+00
vertex 4.393798e+01 2.085889e+00 -8.364456e+00
vertex 4.367689e+01 1.489828e+00 -7.531636e+00
endloop
endfacet
facet normal 0 0 0
outer loop
vertex 3.855750e+01 2.540000e+00 -1.662876e+00
vertex 3.762709e+01 2.540000e+00 -2.651666e+00
vertex 3.728370e+01 2.540000e+00 -1.654313e+00
endloop
endfacet
facet normal 0 0 0
outer loop
vertex 3.782404e+01 2.535721e+00 -9.997058e-01
vertex 3.855750e+01 2.540000e+00 -1.662876e+00
vertex 3.728370e+01 2.540000e+00 -1.654313e+00
endloop
endfacet
facet normal 0 0 0
outer loop
vertex 4.499512e+01 -1.172936e-01 -1.036691e+01
vertex 4.464149e+01 -9.929546e-01 -9.696284e+00
vertex 4.494157e+01 -1.012096e+00 -1.070188e+01
endloop
endfacet
facet normal 0 0 0
outer loop
vertex 3.407163e+01 -2.540000e+00 -7.792029e+00
vertex 3.540304e+01 -2.540000e+00 -7.132046e+00
vertex 3.398736e+01 -2.540000e+00 -6.431384e+00
endloop
endfacet
facet normal 0 0 0
outer loop
vertex 3.582068e+01 -2.540000e+00 -2.728823e+01
vertex 3.483101e+01 -2.540000e+00 -2.808566e+01
vertex 3.658572e+01 -2.540000e+00 -2.821644e+01
endloop
endfacet
facet normal 0 0 0
outer loop
vertex 3.483101e+01 -2.540000e+00 -2.808566e+01
vertex 3.329567e+01 -2.540000e+00 -2.767302e+01
vertex 3.319260e+01 -2.540000e+00 -2.944239e+01
endloop
endfacet
facet normal 0 0 0
outer loop
vertex 2.387357e+01 2.532511e+00 -3.593398e+01
vertex 2.461034e+01 2.533581e+00 -3.593682e+01
vertex 2.447982e+01 2.408057e+00 -3.630757e+01
endloop
endfacet
facet normal 0 0 0
outer loop
vertex 3.131194e+01 2.540000e+00 -2.549473e+01
vertex 3.304255e+01 2.533221e+00 -2.515690e+01
vertex 3.224374e+01 2.540000e+00 -2.654276e+01
endloop
endfacet
facet normal 0 0 0
outer loop
vertex 3.224374e+01 2.540000e+00 -2.654276e+01
vertex 3.304255e+01 2.533221e+00 -2.515690e+01
vertex 3.375775e+01 2.540000e+00 -2.628507e+01
endloop
endfacet
facet normal 0 0 0
outer loop
vertex 2.217119e+01 -2.537228e+00 3.479147e+00
vertex 2.230890e+01 -2.362523e+00 3.831720e+00
vertex 2.138137e+01 -2.399930e+00 3.655324e+00
endloop
endfacet
facet normal 0 0 0
outer loop
vertex 4.300008e+01 0.000000e+00 -5.639423e+00
vertex 4.349215e+01 -1.201539e-02 -6.596437e+00
vertex 4.309495e+01 1.053559e+00 -6.193312e+00
endloop
endfacet
facet normal 0 0 0
outer loop
vertex 4.351379e+01 -2.203352e+00 -7.655468e+00
vertex 4.307007e+01 -2.391438e+00 -6.954570e+00
vertex 4.283716e+01 -2.522883e+00 -7.073974e+00
endloop
endfacet
facet normal 0 0 0
outer loop
vertex 3.864759e+01 2.540000e+00 -3.357413e+00
vertex 3.688057e+01 2.536178e+00 -3.814952e+00
vertex 3.762709e+01 2.540000e+00 -2.651666e+00
endloop
endfacet
facet normal 0 0 0
outer loop
vertex 4.415275e+01 4.938828e-01 -8.172294e+00
vertex 4.428251e+01 1.064201e+00 -8.739764e+00
vertex 4.394542e+01 1.059652e+00 -7.909947e+00
endloop
endfacet
facet normal 0 0 0
outer loop
vertex 4.396542e+01 9.431498e-02 -7.537919e+00
vertex 4.394542e+01 1.059652e+00 -7.909947e+00
vertex 4.350752e+01 1.042944e+00 -6.985883e+00
endloop
endfacet
facet normal 0 0 0
outer loop
vertex 2.413561e+01 2.540000e+00 -9.917382e+00
vertex 2.241420e+01 2.540000e+00 -9.449480e+00
vertex 2.334042e+01 2.540000e+00 -8.072992e+00
endloop
endfacet
facet normal 0 0 0
outer loop
vertex 4.065277e+01 -4.929775e-02 -2.420436e+00
vertex 4.074030e+01 -1.008250e+00 -2.786401e+00
vertex 4.126450e+01 -1.041249e+00 -3.443259e+00
endloop
endfacet
facet normal 0 0 0
outer loop
vertex 2.061742e+01 0.000000e+00 -3.644650e+01
vertex 1.865757e+01 -5.374718e-02 -3.590037e+01
vertex 1.982708e+01 9.771079e-01 -3.606071e+01
endloop
endfacet
facet normal 0 0 0
outer loop
vertex 4.784567e+00 2.015267e+00 -1.416712e+01
vertex 4.941900e+00 2.050578e+00 -1.317843e+01
vertex 5.120098e+00 2.352599e+00 -1.310590e+01
endloop
endfacet
facet normal 0 0 0
outer loop
vertex 2.460626e+01 -2.540000e+00 3.545527e+00
vertex 2.572227e+01 -2.540000e+00 3.253259e+00
vertex 2.528677e+01 -2.499180e+00 3.821458e+00
endloop
endfacet
facet normal 0 0 0
outer loop
vertex 1.796186e+01 -1.114463e+00 -3.544408e+01
vertex 1.917949e+01 -2.085889e+00 -3.568124e+01
vertex 1.730345e+01 -2.156511e+00 -3.498755e+01
endloop
endfacet
facet normal 0 0 0
outer loop
vertex 3.627265e+01 -2.531442e+00 -3.255693e+01
vertex 3.493895e+01 -2.540000e+00 -3.193489e+01
vertex 3.545471e+01 -2.531442e+00 -3.311459e+01
endloop
endfacet
facet normal 0 0 0
outer loop
vertex 2.216540e+01 2.531442e+00 -3.578588e+01
vertex 2.229596e+01 2.391438e+00 -3.613877e+01
vertex 2.139236e+01 2.401763e+00 -3.598907e+01
endloop
endfacet
facet normal 0 0 0
outer loop
vertex 1.216265e+01 2.085889e+00 -4.051480e-01
vertex 1.330130e+01 0.000000e+00 9.237232e-01
vertex 1.378170e+01 2.156511e+00 7.693348e-01
endloop
endfacet
facet normal 0 0 0
outer loop
vertex 1.198158e+01 -8.796361e-03 -8.660843e-02
vertex 1.330130e+01 0.000000e+00 9.237232e-01
vertex 1.216265e+01 2.085889e+00 -4.051480e-01
endloop
endfacet
facet normal 0 0 0
outer loop
vertex 2.830071e+01 2.540000e+00 -1.507470e+01
vertex 2.685111e+01 2.540000e+00 -1.539797e+01
vertex 2.743678e+01 2.540000e+00 -1.393440e+01
endloop
endfacet
facet normal 0 0 0
outer loop
vertex 4.429494e+01 -2.015267e+00 -9.299411e+00
vertex 4.464149e+01 -9.929546e-01 -9.696284e+00
vertex 4.431356e+01 -1.176581e+00 -8.882460e+00
endloop
endfacet
facet normal 0 0 0
outer loop
vertex 4.292015e+01 -2.540000e+00 -2.304502e+01
vertex 4.218494e+01 -2.540000e+00 -2.301669e+01
vertex 4.189346e+01 -2.540000e+00 -2.388915e+01
endloop
endfacet
facet normal 0 0 0
outer loop
vertex 8.322253e+00 -2.540000e+00 -2.371059e+01
vertex 8.153905e+00 -2.540000e+00 -2.271882e+01
vertex 7.551622e+00 -2.540000e+00 -2.357233e+01
endloop
endfacet
facet normal 0 0 0
outer loop
vertex 1.197375e+01 2.540000e+00 -1.449778e+01
vertex 1.191251e+01 2.540000e+00 -1.315752e+01
vertex 1.347047e+01 2.540000e+00 -1.352282e+01
endloop
endfacet
facet normal 0 0 0
outer loop
vertex 4.285411e+01 2.540000e+00 -2.370735e+01
vertex 4.365448e+01 2.522883e+00 -2.345047e+01
vertex 4.324582e+01 2.522883e+00 -2.435615e+01
endloop
endfacet
facet normal 0 0 0
outer loop
vertex 3.038965e+01 -2.540000e+00 -6.666016e-02
vertex 3.196264e+01 -2.540000e+00 1.524994e-01
vertex 3.112049e+01 -2.540000e+00 1.472955e+00
endloop
endfacet
facet normal 0 0 0
outer loop
vertex 8.194669e+00 -2.540000e+00 -8.019595e+00
vertex 7.085097e+00 -2.540000e+00 -8.039808e+00
vertex 7.621570e+00 -2.540000e+00 -8.786391e+00
endloop
endfacet
facet normal 0 0 0
outer loop
vertex 4.458536e+01 -2.540000e+00 -1.273189e+01
vertex 4.511910e+01 -2.015267e+00 -1.218561e+01
vertex 4.436589e+01 -2.540000e+00 -1.177031e+01
endloop
endfacet
facet normal 0 0 0
outer loop
vertex 4.436589e+01 -2.540000e+00 -1.177031e+01
vertex 4.511910e+01 -2.015267e+00 -1.218561e+01
vertex 4.446920e+01 -2.386394e+00 -1.137851e+01
endloop
endfacet
facet normal 0 0 0
outer loop
vertex 1.555122e+01 -2.540000e+00 2.299221e-01
vertex 1.566883e+01 -2.531442e+00 1.310800e+00
vertex 1.473448e+01 -2.540000e+00 6.048030e-01
endloop
endfacet
facet normal 0 0 0
outer loop
vertex 6.679441e+00 -2.540000e+00 -8.938834e+00
vertex 6.440737e+00 -2.391438e+00 -8.439477e+00
vertex 6.279154e+00 -2.156511e+00 -8.372547e+00
endloop
endfacet
facet normal 0 0 0
outer loop
vertex 5.912716e+00 -2.096913e+00 -9.343773e+00
vertex 6.679441e+00 -2.540000e+00 -8.938834e+00
vertex 6.279154e+00 -2.156511e+00 -8.372547e+00
endloop
endfacet
facet normal 0 0 0
outer loop
vertex 6.226253e+00 -2.465719e+00 -9.622168e+00
vertex 6.679441e+00 -2.540000e+00 -8.938834e+00
vertex 5.912716e+00 -2.096913e+00 -9.343773e+00
endloop
endfacet
facet normal 0 0 0
outer loop
vertex 3.020125e+01 -2.391438e+00 -3.568880e+01
vertex 3.004447e+01 -2.121200e+00 -3.591423e+01
vertex 3.096120e+01 -2.391438e+00 -3.549364e+01
endloop
endfacet
facet normal 0 0 0
outer loop
vertex 3.996350e+01 3.485020e-02 -3.062274e+01
vertex 3.930440e+01 1.164512e+00 -3.102408e+01
vertex 4.007664e+01 9.770124e-01 -3.028972e+01
endloop
endfacet
facet normal 0 0 0
outer loop
vertex 4.519512e+01 -9.567353e-01 -1.166847e+01
vertex 4.541485e+01 -8.853203e-01 -1.272974e+01
vertex 4.530677e+01 1.441254e-02 -1.143274e+01
endloop
endfacet
facet normal 0 0 0
outer loop
vertex 7.744798e+00 2.540000e+00 -8.654122e+00
vertex 9.192727e+00 2.540000e+00 -8.720344e+00
vertex 7.597640e+00 2.540000e+00 -9.904349e+00
endloop
endfacet
facet normal 0 0 0
outer loop
vertex 6.279154e+00 -2.156511e+00 -8.372547e+00
vertex 6.440737e+00 -2.391438e+00 -8.439477e+00
vertex 6.891854e+00 -2.387632e+00 -7.796439e+00
endloop
endfacet
facet normal 0 0 0
outer loop
vertex 6.279154e+00 -2.156511e+00 -8.372547e+00
vertex 6.891854e+00 -2.387632e+00 -7.796439e+00
vertex 6.706504e+00 -2.156511e+00 -7.468991e+00
endloop
endfacet
facet normal 0 0 0
outer loop
vertex 6.139386e+00 -2.381217e+00 -2.310733e+01
vertex 5.827765e+00 -2.391438e+00 -2.220146e+01
vertex 5.855939e+00 -1.900783e+00 -2.296664e+01
endloop
endfacet
facet normal 0 0 0
outer loop
vertex 4.309495e+01 1.053559e+00 -6.193312e+00
vertex 4.257496e+01 1.864065e+00 -5.612447e+00
vertex 4.259565e+01 1.087355e+00 -5.362679e+00
endloop
endfacet
facet normal 0 0 0
outer loop
vertex 1.271978e+01 2.501716e+00 -3.180130e+01
vertex 1.228701e+01 2.391438e+00 -3.177911e+01
vertex 1.237985e+01 2.540000e+00 -3.132575e+01
endloop
endfacet
facet normal 0 0 0
outer loop
vertex 2.563751e+01 2.437366e+00 -3.626653e+01
vertex 2.519150e+01 2.179741e+00 -3.651835e+01
vertex 2.447982e+01 2.408057e+00 -3.630757e+01
endloop
endfacet
facet normal 0 0 0
outer loop
vertex 2.343059e+01 -2.330913e+00 3.993938e+00
vertex 2.314403e+01 -2.538989e+00 3.656052e+00
vertex 2.409803e+01 -2.509133e+00 3.754327e+00
endloop
endfacet
facet normal 0 0 0
outer loop
vertex 4.510600e+00 -1.007161e+00 -1.612488e+01
vertex 4.626306e+00 -1.536635e+00 -1.566336e+01
vertex 4.574154e+00 -1.077657e+00 -1.507053e+01
endloop
endfacet
facet normal 0 0 0
outer loop
vertex 4.626306e+00 -1.536635e+00 -1.566336e+01
vertex 4.735421e+00 -2.015267e+00 -1.516751e+01
vertex 4.574154e+00 -1.077657e+00 -1.507053e+01
endloop
endfacet
facet normal 0 0 0
outer loop
vertex 3.786175e+01 -2.540000e+00 -3.582016e+00
vertex 3.928339e+01 -2.540000e+00 -4.176592e+00
vertex 3.854066e+01 -2.540000e+00 -3.000464e+00
endloop
endfacet
facet normal 0 0 0
outer loop
vertex 1.003326e+01 -2.367077e+00 -2.963882e+01
vertex 1.065374e+01 -2.392410e+00 -3.026994e+01
vertex 1.096291e+01 -2.540000e+00 -2.994497e+01
endloop
endfacet
facet normal 0 0 0
outer loop
vertex 1.003326e+01 -2.367077e+00 -2.963882e+01
vertex 1.067992e+01 -2.085889e+00 -3.058678e+01
vertex 1.065374e+01 -2.392410e+00 -3.026994e+01
endloop
endfacet
facet normal 0 0 0
outer loop
vertex 4.414641e+01 -2.540000e+00 -1.080873e+01
vertex 4.446920e+01 -2.386394e+00 -1.137851e+01
vertex 4.428738e+01 -2.522883e+00 -1.076907e+01
endloop
endfacet
facet normal 0 0 0
outer loop
vertex 4.436589e+01 -2.540000e+00 -1.177031e+01
vertex 4.446920e+01 -2.386394e+00 -1.137851e+01
vertex 4.414641e+01 -2.540000e+00 -1.080873e+01
endloop
endfacet
facet normal 0 0 0
outer loop
vertex 4.538268e+00 1.122666e+00 -1.636187e+01
vertex 4.735421e+00 2.015267e+00 -1.716829e+01
vertex 4.557078e+00 1.007633e+00 -1.717009e+01
endloop
endfacet
facet normal 0 0 0
outer loop
vertex 9.296710e+00 -2.540000e+00 -2.336688e+01
vertex 8.322253e+00 -2.540000e+00 -2.371059e+01
vertex 8.450661e+00 -2.540000e+00 -2.465315e+01
endloop
endfacet
facet normal 0 0 0
outer loop
vertex 1.486384e+01 -2.355026e+00 -3.360075e+01
vertex 1.419980e+01 -2.397151e+00 -3.315137e+01
vertex 1.449312e+01 -1.919938e+00 -3.360113e+01
endloop
endfacet
facet normal 0 0 0
outer loop
vertex 4.144850e+01 -2.228595e+00 -4.256507e+00
vertex 4.147455e+01 -2.015267e+00 -4.022820e+00
vertex 4.088815e+01 -2.391438e+00 -3.576310e+00
endloop
endfacet
facet normal 0 0 0
outer loop
vertex 1.646484e+01 -2.540000e+00 -2.507237e+01
vertex 1.735138e+01 -2.540000e+00 -2.420808e+01
vertex 1.563759e+01 -2.540000e+00 -2.399269e+01
endloop
endfacet
facet normal 0 0 0
outer loop
vertex 4.057816e+01 -2.540000e+00 -1.190173e+01
vertex 4.054197e+01 -2.540000e+00 -1.327687e+01
vertex 4.171465e+01 -2.540000e+00 -1.299862e+01
endloop
endfacet
facet normal 0 0 0
outer loop
vertex 1.107043e+01 -2.540000e+00 -3.274335e+00
vertex 1.168568e+01 -2.540000e+00 -2.604854e+00
vertex 1.093382e+01 -2.540000e+00 -2.351768e+00
endloop
endfacet
facet normal 0 0 0
outer loop
vertex 3.592957e+01 -1.586690e+00 1.203624e+00
vertex 3.561023e+01 -2.050578e+00 1.291253e+00
vertex 3.643939e+01 -2.015267e+00 8.044949e-01
endloop
endfacet
facet normal 0 0 0
outer loop
vertex 1.889600e+01 2.540000e+00 -3.394552e+01
vertex 1.794520e+01 2.540000e+00 -3.339004e+01
vertex 1.882211e+01 2.540000e+00 -3.218213e+01
endloop
endfacet
facet normal 0 0 0
outer loop
vertex 4.541303e+01 -2.015267e+00 -1.416712e+01
vertex 4.546218e+01 -2.015267e+00 -1.516751e+01
vertex 4.566625e+01 -1.024643e+00 -1.551539e+01
endloop
endfacet
facet normal 0 0 0
outer loop
vertex 4.428251e+01 1.064201e+00 -8.739764e+00
vertex 4.432815e+01 1.848244e+00 -9.298826e+00
vertex 4.393798e+01 2.085889e+00 -8.364456e+00
endloop
endfacet
facet normal 0 0 0
outer loop
vertex 4.411282e+01 2.391438e+00 -9.389720e+00
vertex 4.393798e+01 2.085889e+00 -8.364456e+00
vertex 4.432815e+01 1.848244e+00 -9.298826e+00
endloop
endfacet
facet normal 0 0 0
outer loop
vertex 3.791188e+01 2.522883e+00 -3.143793e+01
vertex 3.711984e+01 2.522883e+00 -3.203788e+01
vertex 3.676410e+01 2.531442e+00 -3.083661e+01
endloop
endfacet
facet normal 0 0 0
outer loop
vertex 3.676410e+01 2.531442e+00 -3.083661e+01
vertex 3.745833e+01 2.540000e+00 -3.055659e+01
vertex 3.791188e+01 2.522883e+00 -3.143793e+01
endloop
endfacet
facet normal 0 0 0
outer loop
vertex 2.829270e+01 2.540000e+00 2.635688e+00
vertex 2.805884e+01 2.531442e+00 3.470669e+00
vertex 2.897970e+01 2.540000e+00 3.096409e+00
endloop
endfacet
facet normal 0 0 0
outer loop
vertex 2.811329e+01 -2.513696e+00 3.501556e+00
vertex 2.754154e+01 -2.540000e+00 2.705948e+00
vertex 2.855407e+01 -2.540000e+00 2.668276e+00
endloop
endfacet
facet normal 0 0 0
outer loop
vertex 2.314403e+01 -2.538989e+00 3.656052e+00
vertex 2.230890e+01 -2.362523e+00 3.831720e+00
vertex 2.217119e+01 -2.537228e+00 3.479147e+00
endloop
endfacet
facet normal 0 0 0
outer loop
vertex 2.314403e+01 -2.538989e+00 3.656052e+00
vertex 2.343059e+01 -2.330913e+00 3.993938e+00
vertex 2.230890e+01 -2.362523e+00 3.831720e+00
endloop
endfacet
facet normal 0 0 0
outer loop
vertex 5.344655e+00 -2.408424e+00 -2.019477e+01
vertex 5.565236e+00 -2.532826e+00 -1.961041e+01
vertex 5.060190e+00 -2.391438e+00 -1.867906e+01
endloop
endfacet
facet normal 0 0 0
outer loop
vertex 2.310010e+01 2.085889e+00 -3.646109e+01
vertex 2.381569e+01 1.095868e+00 -3.668798e+01
vertex 2.300304e+01 1.125952e+00 -3.662470e+01
endloop
endfacet
facet normal 0 0 0
outer loop
vertex 2.381569e+01 1.095868e+00 -3.668798e+01
vertex 2.310010e+01 2.085889e+00 -3.646109e+01
vertex 2.411191e+01 2.171943e+00 -3.646946e+01
endloop
endfacet
facet normal 0 0 0
outer loop
vertex 1.475496e+01 -2.540000e+00 -1.123170e+01
vertex 1.676410e+01 -2.540000e+00 -1.135211e+01
vertex 1.587827e+01 -2.540000e+00 -1.008851e+01
endloop
endfacet
facet normal 0 0 0
outer loop
vertex 2.261810e+01 1.122287e+00 4.242087e+00
vertex 2.248553e+01 -5.685829e-02 4.420073e+00
vertex 2.363875e+01 -1.880118e-03 4.500191e+00
endloop
endfacet
facet normal 0 0 0
outer loop
vertex 9.104939e+00 -1.214694e+00 -3.264814e+00
vertex 9.800260e+00 -1.170514e+00 -2.459847e+00
vertex 8.910858e+00 0.000000e+00 -3.158586e+00
endloop
endfacet
facet normal 0 0 0
outer loop
vertex 1.821115e+01 1.867224e+00 3.050326e+00
vertex 1.865455e+01 2.391438e+00 2.963859e+00
vertex 1.775076e+01 2.391438e+00 2.638089e+00
endloop
endfacet
facet normal 0 0 0
outer loop
vertex 2.899086e+01 2.395465e+00 3.639619e+00
vertex 2.968332e+01 2.364630e+00 3.513782e+00
vertex 2.999950e+01 2.531442e+00 3.078355e+00
endloop
endfacet
facet normal 0 0 0
outer loop
vertex 2.421566e+01 -2.540000e+00 -4.971299e+00
vertex 2.549391e+01 -2.540000e+00 -4.789322e+00
vertex 2.513423e+01 -2.540000e+00 -3.395635e+00
endloop
endfacet
facet normal 0 0 0
outer loop
vertex 2.309802e+01 -2.015267e+00 4.146334e+00
vertex 2.279178e+01 -1.036062e+00 4.283203e+00
vertex 2.211139e+01 -2.085889e+00 3.978632e+00
endloop
endfacet
facet normal 0 0 0
outer loop
vertex 4.348020e+01 -1.267447e+00 -2.531796e+01
vertex 4.355012e+01 -1.884647e+00 -2.489833e+01
vertex 4.308239e+01 -2.085889e+00 -2.578033e+01
endloop
endfacet
facet normal 0 0 0
outer loop
vertex 2.611291e+01 2.085889e+00 -3.650867e+01
vertex 2.683118e+01 2.416567e+00 -3.623197e+01
vertex 2.712702e+01 2.156511e+00 -3.643692e+01
endloop
endfacet
facet normal 0 0 0
outer loop
vertex 4.147455e+01 2.015267e+00 -2.831298e+01
vertex 4.079866e+01 1.994883e+00 -2.921059e+01
vertex 4.088815e+01 2.391438e+00 -2.875949e+01
endloop
endfacet
facet normal 0 0 0
outer loop
vertex 3.657060e+01 -2.540000e+00 -2.121132e+01
vertex 3.808109e+01 -2.540000e+00 -2.129415e+01
vertex 3.697217e+01 -2.540000e+00 -1.985401e+01
endloop
endfacet
facet normal 0 0 0
outer loop
vertex 4.278931e+01 1.469199e+00 -2.651026e+01
vertex 4.307500e+01 1.058967e+00 -2.617858e+01
vertex 4.252799e+01 1.076312e+00 -2.709006e+01
endloop
endfacet
facet normal 0 0 0
outer loop
vertex 4.278931e+01 1.469199e+00 -2.651026e+01
vertex 4.252799e+01 1.076312e+00 -2.709006e+01
vertex 4.258612e+01 2.015267e+00 -2.664939e+01
endloop
endfacet
facet normal 0 0 0
outer loop
vertex 7.461979e+00 -9.821516e-01 -5.573568e+00
vertex 6.900218e+00 -1.038256e+00 -6.550140e+00
vertex 7.269184e+00 -1.586009e+00 -6.106977e+00
endloop
endfacet
facet normal 0 0 0
outer loop
vertex 4.006767e+01 -1.008250e+00 -2.044268e+00
vertex 4.020527e+01 -2.015267e+00 -2.476198e+00
vertex 4.074030e+01 -1.008250e+00 -2.786401e+00
endloop
endfacet
facet normal 0 0 0
outer loop
vertex 3.365203e+01 1.141753e+00 -3.485649e+01
vertex 3.296082e+01 2.085889e+00 -3.498260e+01
vertex 3.387095e+01 2.085889e+00 -3.454821e+01
endloop
endfacet
facet normal 0 0 0
outer loop
vertex 2.712702e+01 2.156511e+00 -3.643692e+01
vertex 2.780852e+01 1.047911e+00 -3.655868e+01
vertex 2.670073e+01 1.088004e+00 -3.667413e+01
endloop
endfacet
facet normal 0 0 0
outer loop
vertex 2.712702e+01 2.156511e+00 -3.643692e+01
vertex 2.811755e+01 2.121200e+00 -3.629907e+01
vertex 2.780852e+01 1.047911e+00 -3.655868e+01
endloop
endfacet
facet normal 0 0 0
outer loop
vertex 2.581006e+01 -1.110201e+00 -3.671376e+01
vertex 2.609712e+01 -2.121200e+00 -3.649967e+01
vertex 2.509880e+01 -2.085889e+00 -3.655928e+01
endloop
endfacet
facet normal 0 0 0
outer loop
vertex 4.509960e+01 1.999060e+00 -2.024061e+01
vertex 4.488356e+01 1.853698e+00 -2.121585e+01
vertex 4.480725e+01 2.217602e+00 -2.095025e+01
endloop
endfacet
facet normal 0 0 0
outer loop
vertex 4.054197e+01 -2.540000e+00 -1.327687e+01
vertex 4.135941e+01 -2.540000e+00 -1.412345e+01
vertex 4.171465e+01 -2.540000e+00 -1.299862e+01
endloop
endfacet
facet normal 0 0 0
outer loop
vertex 4.509960e+01 1.999060e+00 -2.024061e+01
vertex 4.515473e+01 1.018227e+00 -2.078125e+01
vertex 4.488356e+01 1.853698e+00 -2.121585e+01
endloop
endfacet
facet normal 0 0 0
outer loop
vertex 4.433604e+01 -1.879668e+00 -2.299734e+01
vertex 4.432365e+01 -1.049877e+00 -2.349598e+01
vertex 4.466286e+01 -1.056781e+00 -2.252556e+01
endloop
endfacet
facet normal 0 0 0
outer loop
vertex 1.050349e+01 -1.026080e+00 -3.066843e+01
vertex 1.067992e+01 -2.085889e+00 -3.058678e+01
vertex 9.798169e+00 -8.589538e-01 -2.995662e+01
endloop
endfacet
facet normal 0 0 0
outer loop
vertex 2.639750e+01 -2.540000e+00 -2.035319e+01
vertex 2.718053e+01 -2.540000e+00 -2.213980e+01
vertex 2.811134e+01 -2.540000e+00 -2.032737e+01
endloop
endfacet
facet normal 0 0 0
outer loop
vertex 1.050349e+01 -1.026080e+00 -3.066843e+01
vertex 1.117819e+01 -9.052367e-01 -3.133817e+01
vertex 1.067992e+01 -2.085889e+00 -3.058678e+01
endloop
endfacet
facet normal 0 0 0
outer loop
vertex 4.327158e+01 -2.540000e+00 -2.148635e+01
vertex 4.399442e+01 -2.522883e+00 -2.251649e+01
vertex 4.395003e+01 -2.540000e+00 -2.153722e+01
endloop
endfacet
facet normal 0 0 0
outer loop
vertex 2.916973e+01 -2.531754e+00 -2.596671e+01
vertex 3.050525e+01 -2.540000e+00 -2.540175e+01
vertex 2.916973e+01 -2.532766e+00 -2.433622e+01
endloop
endfacet
facet normal 0 0 0
outer loop
vertex 2.916973e+01 -2.532766e+00 -2.433622e+01
vertex 3.050525e+01 -2.540000e+00 -2.540175e+01
vertex 3.095146e+01 -2.540000e+00 -2.413200e+01
endloop
endfacet
facet normal 0 0 0
outer loop
vertex 3.598325e+01 -2.540000e+00 -2.431077e+01
vertex 3.433353e+01 -2.540000e+00 -2.405349e+01
vertex 3.509161e+01 -2.540000e+00 -2.611252e+01
endloop
endfacet
facet normal 0 0 0
outer loop
vertex 6.226253e+00 -2.465719e+00 -9.622168e+00
vertex 5.605698e+00 -2.156511e+00 -1.025473e+01
vertex 5.816430e+00 -2.398546e+00 -1.024011e+01
endloop
endfacet
facet normal 0 0 0
outer loop
vertex 5.605698e+00 -2.156511e+00 -1.025473e+01
vertex 6.226253e+00 -2.465719e+00 -9.622168e+00
vertex 5.912716e+00 -2.096913e+00 -9.343773e+00
endloop
endfacet
facet normal 0 0 0
outer loop
vertex 3.152130e+01 -2.540000e+00 -2.875783e+01
vertex 3.007967e+01 -2.540000e+00 -2.984796e+01
vertex 3.139929e+01 -2.540000e+00 -3.043023e+01
endloop
endfacet
facet normal 0 0 0
outer loop
vertex 4.348020e+01 -1.267447e+00 -2.531796e+01
vertex 4.390538e+01 -1.181028e+00 -2.445704e+01
vertex 4.355012e+01 -1.884647e+00 -2.489833e+01
endloop
endfacet
facet normal 0 0 0
outer loop
vertex 7.117931e+00 -2.535721e+00 -2.269906e+01
vertex 6.272592e+00 -2.531442e+00 -2.249317e+01
vertex 6.634264e+00 -2.531442e+00 -2.341470e+01
endloop
endfacet
facet normal 0 0 0
outer loop
vertex 7.252426e+00 -2.540000e+00 -2.206650e+01
vertex 6.272592e+00 -2.531442e+00 -2.249317e+01
vertex 7.117931e+00 -2.535721e+00 -2.269906e+01
endloop
endfacet
facet normal 0 0 0
outer loop
vertex 2.237306e+01 2.391438e+00 3.837270e+00
vertex 2.348568e+01 2.391438e+00 3.957365e+00
vertex 2.309012e+01 2.540000e+00 3.483338e+00
endloop
endfacet
facet normal 0 0 0
outer loop
vertex 1.739434e+01 2.532525e+00 2.107464e+00
vertex 1.825100e+01 2.540000e+00 1.427234e+00
vertex 1.731449e+01 2.535721e+00 1.005448e+00
endloop
endfacet
facet normal 0 0 0
outer loop
vertex 1.143970e+01 -1.869046e+00 -3.133984e+01
vertex 1.217606e+01 -2.156511e+00 -3.191431e+01
vertex 1.189610e+01 -2.391438e+00 -3.143790e+01
endloop
endfacet
facet normal 0 0 0
outer loop
vertex 5.362834e+00 2.156511e+00 -2.111150e+01
vertex 6.051189e+00 2.540000e+00 -2.152707e+01
vertex 5.605698e+00 2.156511e+00 -2.208107e+01
endloop
endfacet
facet normal 0 0 0
outer loop
vertex 5.605698e+00 2.156511e+00 -2.208107e+01
vertex 6.051189e+00 2.540000e+00 -2.152707e+01
vertex 5.773064e+00 2.391438e+00 -2.203030e+01
endloop
endfacet
facet normal 0 0 0
outer loop
vertex 5.671348e+00 2.465719e+00 -2.081744e+01
vertex 6.051189e+00 2.540000e+00 -2.152707e+01
vertex 5.362834e+00 2.156511e+00 -2.111150e+01
endloop
endfacet
facet normal 0 0 0
outer loop
vertex 1.971073e+01 2.540000e+00 -5.885060e-01
vertex 1.849032e+01 2.540000e+00 -8.986346e-01
vertex 1.833358e+01 2.540000e+00 1.897214e-01
endloop
endfacet
facet normal 0 0 0
outer loop
vertex 9.052814e+00 -2.540000e+00 -4.631622e+00
vertex 8.967777e+00 -2.465719e+00 -4.389384e+00
vertex 8.306988e+00 -2.391438e+00 -4.947968e+00
endloop
endfacet
facet normal 0 0 0
outer loop
vertex 8.306988e+00 2.391438e+00 -2.738783e+01
vertex 9.052814e+00 2.540000e+00 -2.770418e+01
vertex 8.967777e+00 2.465719e+00 -2.794642e+01
endloop
endfacet
facet normal 0 0 0
outer loop
vertex 9.569803e+00 2.410740e+00 -2.899042e+01
vertex 9.628567e+00 2.540000e+00 -2.850500e+01
vertex 1.028119e+01 2.540000e+00 -2.924452e+01
endloop
endfacet
facet normal 0 0 0
outer loop
vertex 4.126450e+01 -1.041249e+00 -3.443259e+00
vertex 4.147455e+01 -2.015267e+00 -4.022820e+00
vertex 4.198578e+01 -1.007633e+00 -4.394080e+00
endloop
endfacet
facet normal 0 0 0
outer loop
vertex 8.818475e+00 2.540000e+00 -2.603894e+01
vertex 9.591806e+00 2.540000e+00 -2.648696e+01
vertex 8.477062e+00 2.540000e+00 -2.690336e+01
endloop
endfacet
facet normal 0 0 0
outer loop
vertex 7.983908e+00 2.540000e+00 -2.604919e+01
vertex 8.818475e+00 2.540000e+00 -2.603894e+01
vertex 8.477062e+00 2.540000e+00 -2.690336e+01
endloop
endfacet
facet normal 0 0 0
outer loop
vertex 3.463284e+01 1.054471e+00 -3.440142e+01
vertex 3.541014e+01 1.223716e+00 -3.392999e+01
vertex 3.517986e+01 0.000000e+00 -3.429716e+01
endloop
endfacet
facet normal 0 0 0
outer loop
vertex 2.275761e+01 2.540000e+00 -4.741373e+00
vertex 2.150994e+01 2.540000e+00 -3.902917e+00
vertex 2.324755e+01 2.540000e+00 -3.208807e+00
endloop
endfacet
facet normal 0 0 0
outer loop
vertex 7.446600e+00 -2.538437e+00 -7.227814e+00
vertex 8.358095e+00 -2.540000e+00 -7.138228e+00
vertex 7.983908e+00 -2.540000e+00 -6.286613e+00
endloop
endfacet
facet normal 0 0 0
outer loop
vertex 2.324755e+01 2.540000e+00 -3.208807e+00
vertex 2.419589e+01 2.540000e+00 -4.466941e+00
vertex 2.275761e+01 2.540000e+00 -4.741373e+00
endloop
endfacet
facet normal 0 0 0
outer loop
vertex 2.199768e+01 2.540000e+00 -2.640137e+00
vertex 2.133593e+01 2.540000e+00 -1.497509e+00
vertex 2.319222e+01 2.540000e+00 -1.290171e+00
endloop
endfacet
facet normal 0 0 0
outer loop
vertex 3.463213e+01 -2.522883e+00 1.338230e+00
vertex 3.453808e+01 -2.540000e+00 5.247930e-01
vertex 3.548905e+01 -2.527994e+00 7.634022e-01
endloop
endfacet
facet normal 0 0 0
outer loop
vertex 2.410884e+01 2.531442e+00 3.667805e+00
vertex 2.499147e+01 2.391438e+00 4.024766e+00
vertex 2.509880e+01 2.531442e+00 3.667805e+00
endloop
endfacet
facet normal 0 0 0
outer loop
vertex 2.981085e+01 -1.078771e+00 3.849549e+00
vertex 2.951142e+01 2.398679e-02 4.089531e+00
vertex 2.887394e+01 -1.135904e+00 4.048180e+00
endloop
endfacet
facet normal 0 0 0
outer loop
vertex 1.957920e+01 -2.540000e+00 1.357352e-01
vertex 1.828566e+01 -2.535780e+00 1.310890e+00
vertex 1.787480e+01 -2.540000e+00 -1.989278e-01
endloop
endfacet
facet normal 0 0 0
outer loop
vertex 2.899086e+01 2.395465e+00 3.639619e+00
vertex 2.808620e+01 2.121200e+00 3.967959e+00
vertex 2.907696e+01 2.085889e+00 3.831667e+00
endloop
endfacet
facet normal 0 0 0
outer loop
vertex 4.258612e+01 2.015267e+00 -2.664939e+01
vertex 4.206341e+01 2.391438e+00 -2.712481e+01
vertex 4.252109e+01 2.238190e+00 -2.643212e+01
endloop
endfacet
facet normal 0 0 0
outer loop
vertex 2.310010e+01 2.085889e+00 -3.646109e+01
vertex 2.229596e+01 2.391438e+00 -3.613877e+01
vertex 2.322213e+01 2.391438e+00 -3.627105e+01
endloop
endfacet
facet normal 0 0 0
outer loop
vertex 4.292015e+01 -2.540000e+00 -2.304502e+01
vertex 4.227155e+01 -2.540000e+00 -2.198744e+01
vertex 4.218494e+01 -2.540000e+00 -2.301669e+01
endloop
endfacet
facet normal 0 0 0
outer loop
vertex 4.089832e+01 -2.540000e+00 -2.194892e+01
vertex 4.227155e+01 -2.540000e+00 -2.198744e+01
vertex 4.221472e+01 -2.540000e+00 -2.080633e+01
endloop
endfacet
facet normal 0 0 0
outer loop
vertex 1.314533e+01 -2.540000e+00 -3.063432e+01
vertex 1.234866e+01 -2.531442e+00 -3.136293e+01
vertex 1.310701e+01 -2.531442e+00 -3.199927e+01
endloop
endfacet
facet normal 0 0 0
outer loop
vertex 1.392568e+01 -2.535721e+00 -3.117254e+01
vertex 1.314533e+01 -2.540000e+00 -3.063432e+01
vertex 1.310701e+01 -2.531442e+00 -3.199927e+01
endloop
endfacet
facet normal 0 0 0
outer loop
vertex 9.699224e+00 -2.540000e+00 -2.475006e+01
vertex 8.450661e+00 -2.540000e+00 -2.465315e+01
vertex 9.078528e+00 -2.540000e+00 -2.599778e+01
endloop
endfacet
facet normal 0 0 0
outer loop
vertex 7.551622e+00 -2.540000e+00 -2.357233e+01
vertex 6.634264e+00 -2.531442e+00 -2.341470e+01
vertex 6.995936e+00 -2.531442e+00 -2.433622e+01
endloop
endfacet
facet normal 0 0 0
outer loop
vertex 7.223840e+00 2.391438e+00 -6.778443e+00
vertex 7.899196e+00 2.531442e+00 -6.237704e+00
vertex 7.617335e+00 2.540000e+00 -7.259975e+00
endloop
endfacet
facet normal 0 0 0
outer loop
vertex 4.349971e+01 -2.540000e+00 -2.329105e+01
vertex 4.399162e+01 -2.385772e+00 -2.328167e+01
vertex 4.399442e+01 -2.522883e+00 -2.251649e+01
endloop
endfacet
facet normal 0 0 0
outer loop
vertex 4.260077e+01 2.540000e+00 -7.142545e+00
vertex 4.322300e+01 2.391438e+00 -7.284840e+00
vertex 4.320167e+01 2.531442e+00 -7.999577e+00
endloop
endfacet
facet normal 0 0 0
outer loop
vertex 1.926431e+01 -2.540000e+00 1.592164e+00
vertex 1.828566e+01 -2.535780e+00 1.310890e+00
vertex 1.957920e+01 -2.540000e+00 1.357352e-01
endloop
endfacet
facet normal 0 0 0
outer loop
vertex 3.064246e+01 2.412112e+00 3.203988e+00
vertex 3.098123e+01 2.540000e+00 2.585191e+00
vertex 2.999950e+01 2.531442e+00 3.078355e+00
endloop
endfacet
facet normal 0 0 0
outer loop
vertex 1.280598e+01 2.540000e+00 -2.806108e+01
vertex 1.335967e+01 2.540000e+00 -2.941082e+01
vertex 1.195058e+01 2.540000e+00 -2.959798e+01
endloop
endfacet
facet normal 0 0 0
outer loop
vertex 1.149666e+01 2.540000e+00 -2.789227e+01
vertex 1.280598e+01 2.540000e+00 -2.806108e+01
vertex 1.195058e+01 2.540000e+00 -2.959798e+01
endloop
endfacet
facet normal 0 0 0
outer loop
vertex 3.854317e+01 2.392230e+00 -1.110927e+00
vertex 3.782404e+01 2.535721e+00 -9.997058e-01
vertex 3.735548e+01 2.386999e+00 -1.147242e-01
endloop
endfacet
facet normal 0 0 0
outer loop
vertex 1.364366e+01 2.540000e+00 -3.159678e+01
vertex 1.427281e+01 2.540000e+00 -3.144313e+01
vertex 1.395229e+01 2.540000e+00 -3.251683e+01
endloop
endfacet
facet normal 0 0 0
outer loop
vertex 7.263693e+00 -2.540000e+00 -2.111717e+01
vertex 7.722681e+00 -2.540000e+00 -1.976568e+01
vertex 6.712122e+00 -2.540000e+00 -2.053281e+01
endloop
endfacet
facet normal 0 0 0
outer loop
vertex 1.823743e+01 2.085889e+00 -3.534416e+01
vertex 1.836943e+01 2.391438e+00 -3.518343e+01
vertex 1.930660e+01 2.391438e+00 -3.551122e+01
endloop
endfacet
facet normal 0 0 0
outer loop
vertex 1.823743e+01 2.085889e+00 -3.534416e+01
vertex 1.930660e+01 2.391438e+00 -3.551122e+01
vertex 1.917949e+01 2.085889e+00 -3.568124e+01
endloop
endfacet
facet normal 0 0 0
outer loop
vertex 3.083457e+01 -1.000957e+00 3.604601e+00
vertex 2.981085e+01 -1.078771e+00 3.849549e+00
vertex 3.008586e+01 -2.085889e+00 3.578467e+00
endloop
endfacet
facet normal 0 0 0
outer loop
vertex 1.876961e+01 1.245395e+00 3.371704e+00
vertex 1.885445e+01 1.398198e-02 3.628255e+00
vertex 1.998695e+01 1.166113e+00 3.730976e+00
endloop
endfacet
facet normal 0 0 0
outer loop
vertex 3.301123e+01 -2.391438e+00 2.408951e+00
vertex 3.296082e+01 -2.085889e+00 2.646803e+00
vertex 3.204444e+01 -2.397857e+00 2.755231e+00
endloop
endfacet
facet normal 0 0 0
outer loop
vertex 2.668019e+01 2.540000e+00 -3.189778e+01
vertex 2.564544e+01 2.540000e+00 -3.077109e+01
vertex 2.710697e+01 2.540000e+00 -3.047142e+01
endloop
endfacet
facet normal 0 0 0
outer loop
vertex 3.070558e+01 -1.266108e+00 -3.592524e+01
vertex 3.004447e+01 -2.121200e+00 -3.591423e+01
vertex 2.980120e+01 -9.559433e-01 -3.620976e+01
endloop
endfacet
facet normal 0 0 0
outer loop
vertex 1.395229e+01 -2.540000e+00 1.810284e-01
vertex 1.316607e+01 -2.540000e+00 -4.145093e-01
vertex 1.405548e+01 -2.540000e+00 -8.310168e-01
endloop
endfacet
facet normal 0 0 0
outer loop
vertex 5.585464e+00 2.085889e+00 -1.024859e+01
vertex 5.672783e+00 9.595355e-01 -9.383302e+00
vertex 5.932309e+00 2.121200e+00 -9.310571e+00
endloop
endfacet
facet normal 0 0 0
outer loop
vertex 3.026093e+01 -2.540000e+00 2.075480e+00
vertex 2.999429e+01 -2.537290e+00 3.038410e+00
vertex 2.931571e+01 -2.540000e+00 2.217838e+00
endloop
endfacet
facet normal 0 0 0
outer loop
vertex 3.640416e+01 2.540000e+00 -1.196407e+01
vertex 3.539315e+01 2.540000e+00 -1.116367e+01
vertex 3.663261e+01 2.540000e+00 -1.074669e+01
endloop
endfacet
facet normal 0 0 0
outer loop
vertex 2.811069e+01 -2.085889e+00 3.974576e+00
vertex 2.887394e+01 -1.135904e+00 4.048180e+00
vertex 2.780087e+01 -1.048232e+00 4.219222e+00
endloop
endfacet
facet normal 0 0 0
outer loop
vertex 2.540445e+01 2.540000e+00 -2.227676e+01
vertex 2.705963e+01 2.540000e+00 -2.358034e+01
vertex 2.535691e+01 2.540000e+00 -2.403472e+01
endloop
endfacet
facet normal 0 0 0
outer loop
vertex 1.828566e+01 -2.535780e+00 1.310890e+00
vertex 1.831224e+01 -2.540000e+00 2.358223e+00
vertex 1.744557e+01 -2.535840e+00 2.146565e+00
endloop
endfacet
facet normal 0 0 0
outer loop
vertex 1.917350e+01 2.540000e+00 6.809502e-01
vertex 1.833358e+01 2.540000e+00 1.897214e-01
vertex 1.825100e+01 2.540000e+00 1.427234e+00
endloop
endfacet
facet normal 0 0 0
outer loop
vertex 2.420560e+01 -2.540000e+00 -3.021855e+01
vertex 2.544613e+01 -2.533676e+00 -3.102727e+01
vertex 2.585298e+01 -2.540000e+00 -2.977607e+01
endloop
endfacet
facet normal 0 0 0
outer loop
vertex 1.376996e+01 -2.085889e+00 -3.312271e+01
vertex 1.449312e+01 -1.919938e+00 -3.360113e+01
vertex 1.419980e+01 -2.397151e+00 -3.315137e+01
endloop
endfacet
facet normal 0 0 0
outer loop
vertex 2.585008e+01 1.011086e+00 4.378570e+00
vertex 2.678482e+01 1.097629e+00 4.332411e+00
vertex 2.609712e+01 2.121200e+00 4.163867e+00
endloop
endfacet
facet normal 0 0 0
outer loop
vertex 3.189146e+01 -2.531442e+00 -3.483057e+01
vertex 3.272799e+01 -2.540000e+00 -3.428703e+01
vertex 3.244233e+01 -2.540000e+00 -3.354910e+01
endloop
endfacet
facet normal 0 0 0
outer loop
vertex 3.296082e+01 2.085889e+00 -3.498260e+01
vertex 3.268916e+01 1.061604e+00 -3.529485e+01
vertex 3.201223e+01 2.085889e+00 -3.532495e+01
endloop
endfacet
facet normal 0 0 0
outer loop
vertex 3.179436e+01 -1.159517e+00 3.259799e+00
vertex 3.201223e+01 -2.085889e+00 2.989155e+00
vertex 3.271201e+01 -1.042944e+00 2.948600e+00
endloop
endfacet
facet normal 0 0 0
outer loop
vertex 2.944804e+01 -2.540000e+00 -1.020242e+01
vertex 2.790623e+01 -2.540000e+00 -9.327357e+00
vertex 2.844932e+01 -2.540000e+00 -1.115667e+01
endloop
endfacet
facet normal 0 0 0
outer loop
vertex 1.732297e+01 -2.540000e+00 -3.182689e+01
vertex 1.636803e+01 -2.540000e+00 -3.093007e+01
vertex 1.601056e+01 -2.540000e+00 -3.226349e+01
endloop
endfacet
facet normal 0 0 0
outer loop
vertex 1.802752e+01 -2.540000e+00 -3.014545e+01
vertex 1.691038e+01 -2.540000e+00 -2.913117e+01
vertex 1.636803e+01 -2.540000e+00 -3.093007e+01
endloop
endfacet
facet normal 0 0 0
outer loop
vertex 2.598173e+01 -2.339786e+00 4.032109e+00
vertex 2.706541e+01 -2.325737e+00 3.978724e+00
vertex 2.610605e+01 -2.085889e+00 4.173604e+00
endloop
endfacet
facet normal 0 0 0
outer loop
vertex 2.819200e+01 2.391438e+00 3.787334e+00
vertex 2.756461e+01 2.418605e+00 3.815145e+00
vertex 2.808620e+01 2.121200e+00 3.967959e+00
endloop
endfacet
facet normal 0 0 0
outer loop
vertex 3.854066e+01 -2.540000e+00 -3.000464e+00
vertex 4.002607e+01 -2.522883e+00 -2.994506e+00
vertex 3.936861e+01 -2.522883e+00 -2.249517e+00
endloop
endfacet
facet normal 0 0 0
outer loop
vertex 1.040001e+01 1.205445e+00 -3.052824e+01
vertex 1.093633e+01 1.573828e+00 -3.095614e+01
vertex 1.120936e+01 1.074316e+00 -3.132632e+01
endloop
endfacet
facet normal 0 0 0
outer loop
vertex 4.411282e+01 2.391438e+00 -9.389720e+00
vertex 4.392501e+01 2.531442e+00 -9.842630e+00
vertex 4.338749e+01 2.540000e+00 -8.992544e+00
endloop
endfacet
facet normal 0 0 0
outer loop
vertex 2.013137e+01 1.933975e+00 3.621102e+00
vertex 2.112064e+01 2.085889e+00 3.831667e+00
vertex 2.062004e+01 2.397383e+00 3.505159e+00
endloop
endfacet
facet normal 0 0 0
outer loop
vertex 2.684970e+01 -1.249330e+00 4.301018e+00
vertex 2.711330e+01 -2.085889e+00 4.123725e+00
vertex 2.780087e+01 -1.048232e+00 4.219222e+00
endloop
endfacet
facet normal 0 0 0
outer loop
vertex 2.711330e+01 -2.085889e+00 4.123725e+00
vertex 2.811069e+01 -2.085889e+00 3.974576e+00
vertex 2.780087e+01 -1.048232e+00 4.219222e+00
endloop
endfacet
facet normal 0 0 0
outer loop
vertex 3.953263e+01 2.015267e+00 -3.060173e+01
vertex 3.930440e+01 1.164512e+00 -3.102408e+01
vertex 3.879050e+01 2.015267e+00 -3.127436e+01
endloop
endfacet
facet normal 0 0 0
outer loop
vertex 4.508773e+01 -2.346113e+00 -1.545911e+01
vertex 4.523767e+01 -2.391438e+00 -1.465870e+01
vertex 4.483064e+01 -2.540000e+00 -1.468920e+01
endloop
endfacet
facet normal 0 0 0
outer loop
vertex 4.483064e+01 -2.540000e+00 -1.468920e+01
vertex 4.485523e+01 -2.540000e+00 -1.567521e+01
vertex 4.508773e+01 -2.346113e+00 -1.545911e+01
endloop
endfacet
facet normal 0 0 0
outer loop
vertex 4.903458e+00 -2.391438e+00 -1.616790e+01
vertex 4.927964e+00 -2.196953e+00 -1.553367e+01
vertex 4.686275e+00 -2.015267e+00 -1.616790e+01
endloop
endfacet
facet normal 0 0 0
outer loop
vertex 4.686275e+00 -2.015267e+00 -1.616790e+01
vertex 4.927964e+00 -2.196953e+00 -1.553367e+01
vertex 4.735421e+00 -2.015267e+00 -1.516751e+01
endloop
endfacet
facet normal 0 0 0
outer loop
vertex 4.686275e+00 2.015267e+00 -1.616790e+01
vertex 4.903458e+00 2.391438e+00 -1.616790e+01
vertex 4.926890e+00 2.189805e+00 -1.694890e+01
endloop
endfacet
facet normal 0 0 0
outer loop
vertex 4.735421e+00 2.015267e+00 -1.716829e+01
vertex 4.686275e+00 2.015267e+00 -1.616790e+01
vertex 4.926890e+00 2.189805e+00 -1.694890e+01
endloop
endfacet
facet normal 0 0 0
outer loop
vertex 4.428107e+01 -2.195242e+00 -9.547406e+00
vertex 4.392978e+01 -2.375218e+00 -8.852355e+00
vertex 4.365448e+01 -2.522883e+00 -8.885334e+00
endloop
endfacet
facet normal 0 0 0
outer loop
vertex 4.397093e+01 -2.522883e+00 -9.827203e+00
vertex 4.428107e+01 -2.195242e+00 -9.547406e+00
vertex 4.365448e+01 -2.522883e+00 -8.885334e+00
endloop
endfacet
facet normal 0 0 0
outer loop
vertex 3.698662e+01 -2.540000e+00 -3.021087e+01
vertex 3.784895e+01 -2.531442e+00 -3.136293e+01
vertex 3.860730e+01 -2.531442e+00 -3.072660e+01
endloop
endfacet
facet normal 0 0 0
outer loop
vertex 2.310010e+01 2.085889e+00 4.125293e+00
vertex 2.261810e+01 1.122287e+00 4.242087e+00
vertex 2.384853e+01 1.042944e+00 4.359600e+00
endloop
endfacet
facet normal 0 0 0
outer loop
vertex 2.310010e+01 2.085889e+00 4.125293e+00
vertex 2.384853e+01 1.042944e+00 4.359600e+00
vertex 2.409945e+01 2.085889e+00 4.174387e+00
endloop
endfacet
facet normal 0 0 0
outer loop
vertex 3.064246e+01 2.412112e+00 3.203988e+00
vertex 3.101811e+01 2.085889e+00 3.345436e+00
vertex 3.147778e+01 2.388207e+00 2.988152e+00
endloop
endfacet
facet normal 0 0 0
outer loop
vertex 2.112064e+01 -2.085889e+00 -3.616747e+01
vertex 1.917949e+01 -2.085889e+00 -3.568124e+01
vertex 2.061742e+01 0.000000e+00 -3.644650e+01
endloop
endfacet
facet normal 0 0 0
outer loop
vertex 2.811755e+01 2.121200e+00 -3.629907e+01
vertex 2.712702e+01 2.156511e+00 -3.643692e+01
vertex 2.830630e+01 2.391438e+00 -3.608252e+01
endloop
endfacet
facet normal 0 0 0
outer loop
vertex 7.288099e+00 -2.391438e+00 -6.647882e+00
vertex 7.983908e+00 -2.540000e+00 -6.286613e+00
vertex 7.822299e+00 -2.408042e+00 -6.045951e+00
endloop
endfacet
facet normal 0 0 0
outer loop
vertex 7.288099e+00 2.391438e+00 -2.568792e+01
vertex 7.983908e+00 2.540000e+00 -2.604919e+01
vertex 7.882581e+00 2.465719e+00 -2.629564e+01
endloop
endfacet
facet normal 0 0 0
outer loop
vertex 5.060190e+00 -2.391438e+00 -1.867906e+01
vertex 5.099234e+00 -2.085889e+00 -2.014606e+01
vertex 5.344655e+00 -2.408424e+00 -2.019477e+01
endloop
endfacet
facet normal 0 0 0
outer loop
vertex 2.225950e+01 -2.540000e+00 2.698915e+00
vertex 2.217119e+01 -2.537228e+00 3.479147e+00
vertex 2.119836e+01 -2.535468e+00 3.302242e+00
endloop
endfacet
facet normal 0 0 0
outer loop
vertex 2.408184e+01 -2.540000e+00 2.818014e+00
vertex 2.552324e+01 -2.540000e+00 2.153054e+00
vertex 2.460626e+01 -2.540000e+00 3.545527e+00
endloop
endfacet
facet normal 0 0 0
outer loop
vertex 2.436697e+01 -2.540000e+00 1.856053e+00
vertex 2.552324e+01 -2.540000e+00 2.153054e+00
vertex 2.408184e+01 -2.540000e+00 2.818014e+00
endloop
endfacet
facet normal 0 0 0
outer loop
vertex 4.444401e+01 -2.415117e+00 -2.177328e+01
vertex 4.399442e+01 -2.522883e+00 -2.251649e+01
vertex 4.423386e+01 -2.391438e+00 -2.256058e+01
endloop
endfacet
facet normal 0 0 0
outer loop
vertex 2.015213e+01 2.121200e+00 -3.591398e+01
vertex 2.034910e+01 2.391438e+00 -3.577235e+01
vertex 2.112476e+01 2.156511e+00 -3.614673e+01
endloop
endfacet
facet normal 0 0 0
outer loop
vertex 3.273019e+01 -1.169030e+00 -3.525827e+01
vertex 3.289415e+01 -2.156511e+00 -3.498755e+01
vertex 3.209432e+01 -1.912113e+00 -3.533904e+01
endloop
endfacet
facet normal 0 0 0
outer loop
vertex 3.664744e+01 -2.397493e+00 -3.271092e+01
vertex 3.596972e+01 -2.349832e+00 -3.321959e+01
vertex 3.642765e+01 -2.085889e+00 -3.312271e+01
endloop
endfacet
facet normal 0 0 0
outer loop
vertex 3.117622e+01 -6.724191e-01 -3.588682e+01
vertex 3.070558e+01 -1.266108e+00 -3.592524e+01
vertex 3.058331e+01 -2.592584e-02 -3.619248e+01
endloop
endfacet
facet normal 0 0 0
outer loop
vertex 3.156119e+01 -7.705766e-02 -3.586580e+01
vertex 3.117622e+01 -6.724191e-01 -3.588682e+01
vertex 3.058331e+01 -2.592584e-02 -3.619248e+01
endloop
endfacet
facet normal 0 0 0
outer loop
vertex 2.397214e+01 -1.157961e+00 4.348350e+00
vertex 2.279178e+01 -1.036062e+00 4.283203e+00
vertex 2.309802e+01 -2.015267e+00 4.146334e+00
endloop
endfacet
facet normal 0 0 0
outer loop
vertex 2.397214e+01 -1.157961e+00 4.348350e+00
vertex 2.309802e+01 -2.015267e+00 4.146334e+00
vertex 2.409841e+01 -2.050578e+00 4.184908e+00
endloop
endfacet
facet normal 0 0 0
outer loop
vertex 2.343059e+01 -2.330913e+00 3.993938e+00
vertex 2.409841e+01 -2.050578e+00 4.184908e+00
vertex 2.309802e+01 -2.015267e+00 4.146334e+00
endloop
endfacet
facet normal 0 0 0
outer loop
vertex 3.993430e+01 2.540000e+00 -1.325722e+01
vertex 3.839071e+01 2.538257e+00 -1.412582e+01
vertex 3.895644e+01 2.540000e+00 -1.264674e+01
endloop
endfacet
facet normal 0 0 0
outer loop
vertex 3.804696e+01 2.540000e+00 -1.285509e+01
vertex 3.792635e+01 2.540000e+00 -1.165436e+01
vertex 3.895644e+01 2.540000e+00 -1.264674e+01
endloop
endfacet
facet normal 0 0 0
outer loop
vertex 3.526273e+01 -2.540000e+00 -2.103527e+01
vertex 3.410465e+01 -2.540000e+00 -2.066432e+01
vertex 3.509268e+01 -2.540000e+00 -2.231364e+01
endloop
endfacet
facet normal 0 0 0
outer loop
vertex 3.526273e+01 -2.540000e+00 -2.103527e+01
vertex 3.509268e+01 -2.540000e+00 -2.231364e+01
vertex 3.657060e+01 -2.540000e+00 -2.121132e+01
endloop
endfacet
facet normal 0 0 0
outer loop
vertex 4.351379e+01 -2.203352e+00 -7.655468e+00
vertex 4.351526e+01 -1.854076e+00 -7.350311e+00
vertex 4.307007e+01 -2.391438e+00 -6.954570e+00
endloop
endfacet
facet normal 0 0 0
outer loop
vertex 4.341574e+01 2.254005e+00 -2.469982e+01
vertex 4.352928e+01 2.015267e+00 -2.488487e+01
vertex 4.307007e+01 2.391438e+00 -2.538123e+01
endloop
endfacet
facet normal 0 0 0
outer loop
vertex 4.089832e+01 -2.540000e+00 -2.194892e+01
vertex 4.218494e+01 -2.540000e+00 -2.301669e+01
vertex 4.227155e+01 -2.540000e+00 -2.198744e+01
endloop
endfacet
facet normal 0 0 0
outer loop
vertex 4.132500e+01 -2.540000e+00 -1.039051e+01
vertex 4.000347e+01 -2.540000e+00 -1.020020e+01
vertex 4.057816e+01 -2.540000e+00 -1.190173e+01
endloop
endfacet
facet normal 0 0 0
outer loop
vertex 4.205362e+01 -2.085889e+00 -2.749675e+01
vertex 4.256800e+01 -2.085889e+00 -2.663854e+01
vertex 4.232339e+01 -2.403200e+00 -2.664753e+01
endloop
endfacet
facet normal 0 0 0
outer loop
vertex 9.487590e+00 -2.391438e+00 -3.356111e+00
vertex 9.628567e+00 -2.540000e+00 -3.830800e+00
vertex 1.037002e+01 -2.540000e+00 -3.192148e+00
endloop
endfacet
facet normal 0 0 0
outer loop
vertex 1.419980e+01 -2.397151e+00 -3.315137e+01
vertex 1.335663e+01 -2.390346e+00 -3.258894e+01
vertex 1.376996e+01 -2.085889e+00 -3.312271e+01
endloop
endfacet
facet normal 0 0 0
outer loop
vertex 5.358641e+00 2.401417e+00 -1.200872e+01
vertex 5.561858e+00 2.391438e+00 -1.112825e+01
vertex 5.736349e+00 2.531442e+00 -1.174855e+01
endloop
endfacet
facet normal 0 0 0
outer loop
vertex 5.342349e+00 2.085889e+00 -1.121917e+01
vertex 5.561858e+00 2.391438e+00 -1.112825e+01
vertex 5.358641e+00 2.401417e+00 -1.200872e+01
endloop
endfacet
facet normal 0 0 0
outer loop
vertex 1.830614e+01 -2.531442e+00 -3.483057e+01
vertex 1.956566e+01 -2.540000e+00 -3.373845e+01
vertex 1.796540e+01 -2.540000e+00 -3.335039e+01
endloop
endfacet
facet normal 0 0 0
outer loop
vertex 3.075746e+01 1.167911e+00 -3.593111e+01
vertex 2.983138e+01 1.042944e+00 -3.618377e+01
vertex 3.008586e+01 2.085889e+00 -3.591427e+01
endloop
endfacet
facet normal 0 0 0
outer loop
vertex 3.788092e+01 1.010284e+00 -3.230552e+01
vertex 3.709071e+01 1.119646e+00 -3.286628e+01
vertex 3.724388e+01 2.015267e+00 -3.254365e+01
endloop
endfacet
facet normal 0 0 0
outer loop
vertex 3.724388e+01 -2.015267e+00 2.078452e-01
vertex 3.756110e+01 -1.511450e+00 9.016800e-02
vertex 3.705454e+01 -9.666810e-01 5.906926e-01
endloop
endfacet
facet normal 0 0 0
outer loop
vertex 3.705454e+01 -9.666810e-01 5.906926e-01
vertex 3.756110e+01 -1.511450e+00 9.016800e-02
vertex 3.799586e+01 -9.593360e-01 -1.162301e-01
endloop
endfacet
facet normal 0 0 0
outer loop
vertex 2.671598e+01 -1.317613e+00 -3.663069e+01
vertex 2.609712e+01 -2.121200e+00 -3.649967e+01
vertex 2.581006e+01 -1.110201e+00 -3.671376e+01
endloop
endfacet
facet normal 0 0 0
outer loop
vertex 4.259565e+01 1.087355e+00 -5.362679e+00
vertex 4.257496e+01 1.864065e+00 -5.612447e+00
vertex 4.205362e+01 2.085889e+00 -4.839055e+00
endloop
endfacet
facet normal 0 0 0
outer loop
vertex 4.205362e+01 2.085889e+00 -4.839055e+00
vertex 4.257496e+01 1.864065e+00 -5.612447e+00
vertex 4.246967e+01 2.340914e+00 -5.807974e+00
endloop
endfacet
facet normal 0 0 0
outer loop
vertex 3.106364e+01 2.085889e+00 -3.566731e+01
vertex 3.177154e+01 1.041861e+00 -3.562709e+01
vertex 3.075746e+01 1.167911e+00 -3.593111e+01
endloop
endfacet
facet normal 0 0 0
outer loop
vertex 1.093382e+01 2.540000e+00 -2.998403e+01
vertex 1.028119e+01 2.540000e+00 -2.924452e+01
vertex 1.106933e+01 2.540000e+00 -2.893937e+01
endloop
endfacet
facet normal 0 0 0
outer loop
vertex 7.183929e+00 2.540000e+00 -2.163071e+01
vertex 7.294114e+00 2.540000e+00 -2.255401e+01
vertex 6.461711e+00 2.540000e+00 -2.229134e+01
endloop
endfacet
facet normal 0 0 0
outer loop
vertex 4.089832e+01 -2.540000e+00 -2.194892e+01
vertex 4.221472e+01 -2.540000e+00 -2.080633e+01
vertex 4.053448e+01 -2.540000e+00 -1.992958e+01
endloop
endfacet
facet normal 0 0 0
outer loop
vertex 4.444401e+01 -2.415117e+00 -2.177328e+01
vertex 4.478698e+01 -2.391438e+00 -2.066490e+01
vertex 4.438987e+01 -2.540000e+00 -2.057096e+01
endloop
endfacet
facet normal 0 0 0
outer loop
vertex 3.966381e+01 2.540000e+00 -2.854528e+01
vertex 3.920293e+01 2.540000e+00 -2.773464e+01
vertex 4.017148e+01 2.540000e+00 -2.778049e+01
endloop
endfacet
facet normal 0 0 0
outer loop
vertex 1.395229e+01 -2.540000e+00 1.810284e-01
vertex 1.405548e+01 -2.540000e+00 -8.310168e-01
vertex 1.471553e+01 -2.540000e+00 -6.433325e-02
endloop
endfacet
facet normal 0 0 0
outer loop
vertex 1.668447e+01 2.540000e+00 -2.522149e+01
vertex 1.741412e+01 2.540000e+00 -2.369650e+01
vertex 1.840515e+01 2.540000e+00 -2.544350e+01
endloop
endfacet
facet normal 0 0 0
outer loop
vertex 4.423386e+01 -2.391438e+00 -2.256058e+01
vertex 4.461214e+01 -2.085889e+00 -2.208721e+01
vertex 4.444401e+01 -2.415117e+00 -2.177328e+01
endloop
endfacet
facet normal 0 0 0
outer loop
vertex 3.106364e+01 -2.085889e+00 3.331508e+00
vertex 3.179436e+01 -1.159517e+00 3.259799e+00
vertex 3.083457e+01 -1.000957e+00 3.604601e+00
endloop
endfacet
facet normal 0 0 0
outer loop
vertex 4.352928e+01 2.015267e+00 -2.488487e+01
vertex 4.304478e+01 1.973894e+00 -2.589931e+01
vertex 4.307007e+01 2.391438e+00 -2.538123e+01
endloop
endfacet
facet normal 0 0 0
outer loop
vertex 1.473448e+01 -2.540000e+00 6.048030e-01
vertex 1.387887e+01 -2.391438e+00 6.239128e-01
vertex 1.395229e+01 -2.540000e+00 1.810284e-01
endloop
endfacet
facet normal 0 0 0
outer loop
vertex 1.523788e+01 -2.540000e+00 -1.132627e+00
vertex 1.645887e+01 -2.540000e+00 -7.129734e-01
vertex 1.555122e+01 -2.540000e+00 2.299221e-01
endloop
endfacet
facet normal 0 0 0
outer loop
vertex 6.051189e+00 -2.540000e+00 -1.080873e+01
vertex 5.816430e+00 -2.398546e+00 -1.024011e+01
vertex 5.605698e+00 -2.156511e+00 -1.025473e+01
endloop
endfacet
facet normal 0 0 0
outer loop
vertex 5.362834e+00 -2.156511e+00 -1.122430e+01
vertex 6.051189e+00 -2.540000e+00 -1.080873e+01
vertex 5.605698e+00 -2.156511e+00 -1.025473e+01
endloop
endfacet
facet normal 0 0 0
outer loop
vertex 5.671348e+00 -2.465719e+00 -1.151836e+01
vertex 6.051189e+00 -2.540000e+00 -1.080873e+01
vertex 5.362834e+00 -2.156511e+00 -1.122430e+01
endloop
endfacet
facet normal 0 0 0
outer loop
vertex 3.375775e+01 2.540000e+00 -2.628507e+01
vertex 3.304255e+01 2.533221e+00 -2.515690e+01
vertex 3.427438e+01 2.540000e+00 -2.529191e+01
endloop
endfacet
facet normal 0 0 0
outer loop
vertex 6.341999e+00 2.540000e+00 -9.865950e+00
vertex 6.999605e+00 2.540000e+00 -1.104842e+01
vertex 6.039174e+00 2.535721e+00 -1.080725e+01
endloop
endfacet
facet normal 0 0 0
outer loop
vertex 3.955598e+01 -2.391438e+00 -2.066769e+00
vertex 4.021693e+01 -2.203352e+00 -2.642550e+00
vertex 4.020527e+01 -2.015267e+00 -2.476198e+00
endloop
endfacet
facet normal 0 0 0
outer loop
vertex 3.955598e+01 2.391438e+00 -3.026903e+01
vertex 4.021693e+01 2.203352e+00 -2.969325e+01
vertex 4.020527e+01 2.015267e+00 -2.985960e+01
endloop
endfacet
facet normal 0 0 0
outer loop
vertex 3.936861e+01 2.522883e+00 -3.008628e+01
vertex 4.021693e+01 2.203352e+00 -2.969325e+01
vertex 3.955598e+01 2.391438e+00 -3.026903e+01
endloop
endfacet
facet normal 0 0 0
outer loop
vertex 3.478107e+01 -2.085889e+00 1.778011e+00
vertex 3.483891e+01 -2.345643e+00 1.555441e+00
vertex 3.561023e+01 -2.050578e+00 1.291253e+00
endloop
endfacet
facet normal 0 0 0
outer loop
vertex 6.214625e+00 -2.540000e+00 -1.437642e+01
vertex 6.725151e+00 -2.540000e+00 -1.527834e+01
vertex 7.285965e+00 -2.540000e+00 -1.441077e+01
endloop
endfacet
facet normal 0 0 0
outer loop
vertex 1.234866e+01 -2.531442e+00 -3.136293e+01
vertex 1.261597e+01 -2.391438e+00 -3.203852e+01
vertex 1.310701e+01 -2.531442e+00 -3.199927e+01
endloop
endfacet
facet normal 0 0 0
outer loop
vertex 4.308425e+01 -2.380482e+00 -2.535132e+01
vertex 4.275003e+01 -2.531442e+00 -2.521716e+01
vertex 4.276669e+01 -2.403415e+00 -2.589582e+01
endloop
endfacet
facet normal 0 0 0
outer loop
vertex 2.013137e+01 1.933975e+00 3.621102e+00
vertex 2.062004e+01 2.397383e+00 3.505159e+00
vertex 1.972877e+01 2.391438e+00 3.295127e+00
endloop
endfacet
facet normal 0 0 0
outer loop
vertex 2.261810e+01 1.122287e+00 4.242087e+00
vertex 2.211037e+01 2.085889e+00 3.978480e+00
vertex 2.180308e+01 1.014515e+00 4.125870e+00
endloop
endfacet
facet normal 0 0 0
outer loop
vertex 3.290224e+01 2.085889e+00 2.671281e+00
vertex 3.196018e+01 2.085889e+00 3.008358e+00
vertex 3.263330e+01 1.233451e+00 2.944958e+00
endloop
endfacet
facet normal 0 0 0
outer loop
vertex 3.134236e+01 2.374789e+00 -3.537064e+01
vertex 3.106364e+01 2.085889e+00 -3.566731e+01
vertex 3.047164e+01 2.320185e+00 -3.565695e+01
endloop
endfacet
facet normal 0 0 0
outer loop
vertex 3.047164e+01 2.320185e+00 -3.565695e+01
vertex 3.097434e+01 2.522883e+00 -3.521592e+01
vertex 3.134236e+01 2.374789e+00 -3.537064e+01
endloop
endfacet
facet normal 0 0 0
outer loop
vertex 2.808620e+01 2.121200e+00 3.967959e+00
vertex 2.756461e+01 2.418605e+00 3.815145e+00
vertex 2.709543e+01 2.156511e+00 4.104252e+00
endloop
endfacet
facet normal 0 0 0
outer loop
vertex 1.217606e+01 -2.156511e+00 -3.191431e+01
vertex 1.283995e+01 -1.946671e+00 -3.247486e+01
vertex 1.261597e+01 -2.391438e+00 -3.203852e+01
endloop
endfacet
facet normal 0 0 0
outer loop
vertex 5.864775e+00 2.407233e+00 -1.012183e+01
vertex 6.341999e+00 2.540000e+00 -9.865950e+00
vertex 6.039174e+00 2.535721e+00 -1.080725e+01
endloop
endfacet
facet normal 0 0 0
outer loop
vertex 2.808620e+01 2.121200e+00 3.967959e+00
vertex 2.786696e+01 9.943343e-01 4.224533e+00
vertex 2.875256e+01 1.208733e+00 4.052838e+00
endloop
endfacet
facet normal 0 0 0
outer loop
vertex 2.211243e+01 2.121200e+00 -3.630391e+01
vertex 2.139236e+01 2.401763e+00 -3.598907e+01
vertex 2.229596e+01 2.391438e+00 -3.613877e+01
endloop
endfacet
facet normal 0 0 0
outer loop
vertex 9.574096e+00 0.000000e+00 -2.409946e+00
vertex 1.020824e+01 3.647228e-02 -1.703578e+00
vertex 9.786691e+00 1.042944e+00 -2.446525e+00
endloop
endfacet
facet normal 0 0 0
outer loop
vertex 2.296034e+01 -2.540000e+00 -1.439825e-01
vertex 2.431771e+01 -2.540000e+00 7.071755e-01
vertex 2.310489e+01 -2.535663e+00 1.467431e+00
endloop
endfacet
facet normal 0 0 0
outer loop
vertex 3.197805e+01 2.540000e+00 -1.957377e+00
vertex 3.104467e+01 2.540000e+00 -6.940215e-01
vertex 3.283566e+01 2.540000e+00 -9.709411e-01
endloop
endfacet
facet normal 0 0 0
outer loop
vertex 2.786696e+01 9.943343e-01 4.224533e+00
vertex 2.678482e+01 1.097629e+00 4.332411e+00
vertex 2.753300e+01 1.030555e-01 4.415183e+00
endloop
endfacet
facet normal 0 0 0
outer loop
vertex 3.561023e+01 2.050578e+00 -3.362705e+01
vertex 3.472514e+01 2.019909e+00 -3.416644e+01
vertex 3.488512e+01 2.325335e+00 -3.387910e+01
endloop
endfacet
facet normal 0 0 0
outer loop
vertex 2.039345e+01 -2.536381e+00 -2.053900e+01
vertex 2.159057e+01 -2.540000e+00 -2.190876e+01
vertex 2.210477e+01 -2.540000e+00 -2.077794e+01
endloop
endfacet
facet normal 0 0 0
outer loop
vertex 6.440737e+00 -2.391438e+00 -8.439477e+00
vertex 7.085097e+00 -2.540000e+00 -8.039808e+00
vertex 6.891854e+00 -2.387632e+00 -7.796439e+00
endloop
endfacet
facet normal 0 0 0
outer loop
vertex 7.085097e+00 2.540000e+00 -2.429599e+01
vertex 6.932404e+00 2.407009e+00 -2.457236e+01
vertex 6.440737e+00 2.391438e+00 -2.389632e+01
endloop
endfacet
facet normal 0 0 0
outer loop
vertex 2.786277e+01 2.540000e+00 1.833908e+00
vertex 2.739082e+01 2.540000e+00 2.588666e+00
vertex 2.829270e+01 2.540000e+00 2.635688e+00
endloop
endfacet
facet normal 0 0 0
outer loop
vertex 4.238481e+01 2.540000e+00 -7.746110e+00
vertex 4.260077e+01 2.540000e+00 -7.142545e+00
vertex 4.320167e+01 2.531442e+00 -7.999577e+00
endloop
endfacet
facet normal 0 0 0
outer loop
vertex 4.193374e+01 2.540000e+00 -8.439675e+00
vertex 4.238481e+01 2.540000e+00 -7.746110e+00
vertex 4.320167e+01 2.531442e+00 -7.999577e+00
endloop
endfacet
facet normal 0 0 0
outer loop
vertex 3.711984e+01 -2.522883e+00 -2.979207e-01
vertex 3.696772e+01 -2.540000e+00 -1.501681e+00
vertex 3.791188e+01 -2.522883e+00 -8.978662e-01
endloop
endfacet
facet normal 0 0 0
outer loop
vertex 6.637579e+00 1.979516e+00 -7.500916e+00
vertex 7.115208e+00 2.085889e+00 -6.555469e+00
vertex 7.223840e+00 2.391438e+00 -6.778443e+00
endloop
endfacet
facet normal 0 0 0
outer loop
vertex 1.641604e+01 -2.540000e+00 -2.127971e+01
vertex 1.469868e+01 -2.540000e+00 -2.242488e+01
vertex 1.626024e+01 -2.540000e+00 -2.269044e+01
endloop
endfacet
facet normal 0 0 0
outer loop
vertex 1.836943e+01 2.391438e+00 -3.518343e+01
vertex 1.926643e+01 2.540000e+00 -3.507598e+01
vertex 1.930660e+01 2.391438e+00 -3.551122e+01
endloop
endfacet
facet normal 0 0 0
outer loop
vertex 2.411191e+01 2.171943e+00 -3.646946e+01
vertex 2.310010e+01 2.085889e+00 -3.646109e+01
vertex 2.322213e+01 2.391438e+00 -3.627105e+01
endloop
endfacet
facet normal 0 0 0
outer loop
vertex 6.685349e+00 -2.652789e-02 -2.575575e+01
vertex 7.482643e+00 -1.077633e+00 -2.676323e+01
vertex 6.912078e+00 -1.036659e+00 -2.579627e+01
endloop
endfacet
facet normal 0 0 0
outer loop
vertex 2.811329e+01 -2.513696e+00 3.501556e+00
vertex 2.730799e+01 -2.522883e+00 3.632829e+00
vertex 2.754154e+01 -2.540000e+00 2.705948e+00
endloop
endfacet
facet normal 0 0 0
outer loop
vertex 3.189146e+01 2.531442e+00 2.494765e+00
vertex 3.273582e+01 2.540000e+00 1.992798e+00
vertex 3.217768e+01 2.540000e+00 7.532951e-01
endloop
endfacet
facet normal 0 0 0
outer loop
vertex 3.557736e+01 2.522883e+00 -3.309641e+01
vertex 3.559835e+01 2.203352e+00 -3.352209e+01
vertex 3.463213e+01 2.522883e+00 -3.367403e+01
endloop
endfacet
facet normal 0 0 0
outer loop
vertex 3.559835e+01 2.203352e+00 -3.352209e+01
vertex 3.488512e+01 2.325335e+00 -3.387910e+01
vertex 3.463213e+01 2.522883e+00 -3.367403e+01
endloop
endfacet
facet normal 0 0 0
outer loop
vertex 2.160510e+01 -2.540000e+00 1.852317e+00
vertex 2.225950e+01 -2.540000e+00 2.698915e+00
vertex 2.119836e+01 -2.535468e+00 3.302242e+00
endloop
endfacet
facet normal 0 0 0
outer loop
vertex 2.083988e+01 -2.540000e+00 2.297367e+00
vertex 2.160510e+01 -2.540000e+00 1.852317e+00
vertex 2.119836e+01 -2.535468e+00 3.302242e+00
endloop
endfacet
facet normal 0 0 0
outer loop
vertex 3.610188e+01 -2.540000e+00 -3.146239e+01
vertex 3.627265e+01 -2.531442e+00 -3.255693e+01
vertex 3.709059e+01 -2.531442e+00 -3.199927e+01
endloop
endfacet
facet normal 0 0 0
outer loop
vertex 1.143546e+01 2.156511e+00 -3.124307e+01
vertex 1.217606e+01 2.156511e+00 -3.191431e+01
vertex 1.193761e+01 1.256969e+00 -3.194149e+01
endloop
endfacet
facet normal 0 0 0
outer loop
vertex 8.973392e+00 2.531442e+00 -4.574522e+00
vertex 8.613872e+00 2.540000e+00 -5.523174e+00
vertex 8.482350e+00 2.406610e+00 -4.748032e+00
endloop
endfacet
facet normal 0 0 0
outer loop
vertex 4.487574e+01 -2.015267e+00 -1.121404e+01
vertex 4.461493e+01 -1.959762e+00 -1.016269e+01
vertex 4.453933e+01 -2.391438e+00 -1.069818e+01
endloop
endfacet
facet normal 0 0 0
outer loop
vertex 1.189731e+01 -1.297798e+00 -3.189493e+01
vertex 1.217606e+01 -2.156511e+00 -3.191431e+01
vertex 1.143970e+01 -1.869046e+00 -3.133984e+01
endloop
endfacet
facet normal 0 0 0
outer loop
vertex 3.596972e+01 -2.349832e+00 -3.321959e+01
vertex 3.664744e+01 -2.397493e+00 -3.271092e+01
vertex 3.627265e+01 -2.531442e+00 -3.255693e+01
endloop
endfacet
facet normal 0 0 0
outer loop
vertex 2.310010e+01 2.085889e+00 -3.646109e+01
vertex 2.211243e+01 2.121200e+00 -3.630391e+01
vertex 2.229596e+01 2.391438e+00 -3.613877e+01
endloop
endfacet
facet normal 0 0 0
outer loop
vertex 2.343059e+01 -2.330913e+00 3.993938e+00
vertex 2.413135e+01 -2.323789e+00 4.041198e+00
vertex 2.409841e+01 -2.050578e+00 4.184908e+00
endloop
endfacet
facet normal 0 0 0
outer loop
vertex 6.589204e+00 2.403395e+00 -8.156231e+00
vertex 6.995936e+00 2.531442e+00 -7.999577e+00
vertex 6.668968e+00 2.535721e+00 -8.932763e+00
endloop
endfacet
facet normal 0 0 0
outer loop
vertex 4.275003e+01 -2.531442e+00 -2.521716e+01
vertex 4.320167e+01 -2.531442e+00 -2.433622e+01
vertex 4.189346e+01 -2.540000e+00 -2.388915e+01
endloop
endfacet
facet normal 0 0 0
outer loop
vertex 1.481056e+01 2.535721e+00 -3.308171e+01
vertex 1.395229e+01 2.540000e+00 -3.251683e+01
vertex 1.474138e+01 2.540000e+00 -3.222983e+01
endloop
endfacet
facet normal 0 0 0
outer loop
vertex 2.435758e+01 2.540000e+00 -1.956209e+00
vertex 2.542890e+01 2.540000e+00 -3.331423e+00
vertex 2.324755e+01 2.540000e+00 -3.208807e+00
endloop
endfacet
facet normal 0 0 0
outer loop
vertex 3.281327e+01 -2.531442e+00 2.132979e+00
vertex 3.188390e+01 -2.537290e+00 2.455544e+00
vertex 3.203518e+01 -2.540000e+00 1.786492e+00
endloop
endfacet
facet normal 0 0 0
outer loop
vertex 4.080537e+01 2.540000e+00 -2.684818e+01
vertex 4.125442e+01 2.534881e+00 -2.777407e+01
vertex 4.017148e+01 2.540000e+00 -2.778049e+01
endloop
endfacet
facet normal 0 0 0
outer loop
vertex 1.263886e+01 2.540000e+00 -3.030312e+01
vertex 1.358496e+01 2.540000e+00 -3.070848e+01
vertex 1.237985e+01 2.540000e+00 -3.132575e+01
endloop
endfacet
facet normal 0 0 0
outer loop
vertex 1.623856e+01 2.410660e+00 -3.423311e+01
vertex 1.654849e+01 2.540000e+00 -3.394158e+01
vertex 1.744927e+01 2.540000e+00 -3.447256e+01
endloop
endfacet
facet normal 0 0 0
outer loop
vertex 3.204444e+01 -2.397857e+00 2.755231e+00
vertex 3.296082e+01 -2.085889e+00 2.646803e+00
vertex 3.201223e+01 -2.085889e+00 2.989155e+00
endloop
endfacet
facet normal 0 0 0
outer loop
vertex 3.026093e+01 -2.540000e+00 2.075480e+00
vertex 3.095452e+01 -2.543138e+00 2.778109e+00
vertex 2.999429e+01 -2.537290e+00 3.038410e+00
endloop
endfacet
facet normal 0 0 0
outer loop
vertex 4.446125e+01 2.531442e+00 -1.174855e+01
vertex 4.480506e+01 2.531442e+00 -1.369839e+01
vertex 4.284546e+01 2.539974e+00 -1.257368e+01
endloop
endfacet
facet normal 0 0 0
outer loop
vertex 2.015213e+01 -2.121200e+00 3.578183e+00
vertex 2.084577e+01 -1.258251e+00 3.928575e+00
vertex 1.989905e+01 -1.245756e+00 3.693810e+00
endloop
endfacet
facet normal 0 0 0
outer loop
vertex 2.100582e+01 1.106204e+00 -3.632426e+01
vertex 2.015213e+01 2.121200e+00 -3.591398e+01
vertex 2.112476e+01 2.156511e+00 -3.614673e+01
endloop
endfacet
facet normal 0 0 0
outer loop
vertex 2.980568e+01 1.072219e+00 3.848005e+00
vertex 3.080680e+01 1.144498e+00 3.587449e+00
vertex 3.004753e+01 2.085889e+00 3.588552e+00
endloop
endfacet
facet normal 0 0 0
outer loop
vertex 3.042558e+01 2.540000e+00 -2.396362e+01
vertex 3.131194e+01 2.540000e+00 -2.549473e+01
vertex 2.989542e+01 2.540000e+00 -2.517808e+01
endloop
endfacet
facet normal 0 0 0
outer loop
vertex 6.076766e+00 1.206071e+00 -8.382908e+00
vertex 5.932309e+00 2.121200e+00 -9.310571e+00
vertex 5.672783e+00 9.595355e-01 -9.383302e+00
endloop
endfacet
facet normal 0 0 0
outer loop
vertex 1.545836e+01 2.540000e+00 -2.410337e+01
vertex 1.668447e+01 2.540000e+00 -2.522149e+01
vertex 1.491937e+01 2.540000e+00 -2.582066e+01
endloop
endfacet
facet normal 0 0 0
outer loop
vertex 3.470182e+01 2.540000e+00 -3.272203e+01
vertex 3.539260e+01 2.540000e+00 -3.233924e+01
vertex 3.557736e+01 2.522883e+00 -3.309641e+01
endloop
endfacet
facet normal 0 0 0
outer loop
vertex 1.033973e+01 -2.540000e+00 -4.000985e+00
vertex 9.628567e+00 -2.540000e+00 -3.830800e+00
vertex 1.006658e+01 -2.540000e+00 -4.827890e+00
endloop
endfacet
facet normal 0 0 0
outer loop
vertex 1.037002e+01 -2.540000e+00 -3.192148e+00
vertex 9.628567e+00 -2.540000e+00 -3.830800e+00
vertex 1.033973e+01 -2.540000e+00 -4.000985e+00
endloop
endfacet
facet normal 0 0 0
outer loop
vertex 2.343059e+01 -2.330913e+00 3.993938e+00
vertex 2.309802e+01 -2.015267e+00 4.146334e+00
vertex 2.230890e+01 -2.362523e+00 3.831720e+00
endloop
endfacet
facet normal 0 0 0
outer loop
vertex 2.490139e+01 -2.325167e+00 4.080268e+00
vertex 2.598173e+01 -2.339786e+00 4.032109e+00
vertex 2.509880e+01 -2.085889e+00 4.223482e+00
endloop
endfacet
facet normal 0 0 0
outer loop
vertex 2.490139e+01 -2.325167e+00 4.080268e+00
vertex 2.528677e+01 -2.499180e+00 3.821458e+00
vertex 2.598173e+01 -2.339786e+00 4.032109e+00
endloop
endfacet
facet normal 0 0 0
outer loop
vertex 6.279154e+00 2.156511e+00 -2.396325e+01
vertex 6.679441e+00 2.540000e+00 -2.339697e+01
vertex 6.440737e+00 2.391438e+00 -2.389632e+01
endloop
endfacet
facet normal 0 0 0
outer loop
vertex 6.679441e+00 2.540000e+00 -2.339697e+01
vertex 6.279154e+00 2.156511e+00 -2.396325e+01
vertex 5.942426e+00 2.156511e+00 -2.302216e+01
endloop
endfacet
facet normal 0 0 0
outer loop
vertex 6.679441e+00 2.540000e+00 -2.339697e+01
vertex 5.942426e+00 2.156511e+00 -2.302216e+01
vertex 6.205472e+00 2.462313e+00 -2.268230e+01
endloop
endfacet
facet normal 0 0 0
outer loop
vertex 3.419629e+01 1.607052e+00 -3.450284e+01
vertex 3.387095e+01 2.085889e+00 -3.454821e+01
vertex 3.472514e+01 2.019909e+00 -3.416644e+01
endloop
endfacet
facet normal 0 0 0
outer loop
vertex 3.419629e+01 1.607052e+00 -3.450284e+01
vertex 3.472514e+01 2.019909e+00 -3.416644e+01
vertex 3.463284e+01 1.054471e+00 -3.440142e+01
endloop
endfacet
facet normal 0 0 0
outer loop
vertex 4.396542e+01 9.431498e-02 -7.537919e+00
vertex 4.433680e+01 -1.201539e-02 -8.414165e+00
vertex 4.415275e+01 4.938828e-01 -8.172294e+00
endloop
endfacet
facet normal 0 0 0
outer loop
vertex 4.396542e+01 9.431498e-02 -7.537919e+00
vertex 4.415275e+01 4.938828e-01 -8.172294e+00
vertex 4.394542e+01 1.059652e+00 -7.909947e+00
endloop
endfacet
facet normal 0 0 0
outer loop
vertex 1.152256e+01 2.401804e+00 -3.089290e+01
vertex 1.143546e+01 2.156511e+00 -3.124307e+01
vertex 1.069487e+01 2.156511e+00 -3.057183e+01
endloop
endfacet
facet normal 0 0 0
outer loop
vertex 1.069487e+01 2.156511e+00 -3.057183e+01
vertex 1.087706e+01 2.385559e+00 -3.049097e+01
vertex 1.152256e+01 2.401804e+00 -3.089290e+01
endloop
endfacet
facet normal 0 0 0
outer loop
vertex 4.187846e+01 -2.531442e+00 -7.243306e+00
vertex 4.222839e+01 -2.531442e+00 -7.934940e+00
vertex 4.283716e+01 -2.522883e+00 -7.073974e+00
endloop
endfacet
facet normal 0 0 0
outer loop
vertex 4.283716e+01 -2.522883e+00 -7.073974e+00
vertex 4.234035e+01 -2.522883e+00 -6.213483e+00
vertex 4.187846e+01 -2.531442e+00 -7.243306e+00
endloop
endfacet
facet normal 0 0 0
outer loop
vertex 6.637579e+00 1.979516e+00 -7.500916e+00
vertex 7.223840e+00 2.391438e+00 -6.778443e+00
vertex 6.589204e+00 2.403395e+00 -8.156231e+00
endloop
endfacet
facet normal 0 0 0
outer loop
vertex 3.484819e+01 2.540000e+00 -2.075314e+01
vertex 3.586102e+01 2.540000e+00 -2.182319e+01
vertex 3.470473e+01 2.540000e+00 -2.245036e+01
endloop
endfacet
facet normal 0 0 0
outer loop
vertex 3.346274e+01 2.540000e+00 -2.174631e+01
vertex 3.484819e+01 2.540000e+00 -2.075314e+01
vertex 3.470473e+01 2.540000e+00 -2.245036e+01
endloop
endfacet
facet normal 0 0 0
outer loop
vertex 6.365315e+00 -2.540000e+00 -9.873783e+00
vertex 6.226253e+00 -2.465719e+00 -9.622168e+00
vertex 5.816430e+00 -2.398546e+00 -1.024011e+01
endloop
endfacet
facet normal 0 0 0
outer loop
vertex 6.461711e+00 2.540000e+00 -2.229134e+01
vertex 6.205472e+00 2.462313e+00 -2.268230e+01
vertex 5.773064e+00 2.391438e+00 -2.203030e+01
endloop
endfacet
facet normal 0 0 0
outer loop
vertex 2.598173e+01 -2.339786e+00 4.032109e+00
vertex 2.617129e+01 -2.516993e+00 3.728372e+00
vertex 2.706541e+01 -2.325737e+00 3.978724e+00
endloop
endfacet
facet normal 0 0 0
outer loop
vertex 1.057057e+01 2.540000e+00 -2.819439e+01
vertex 1.106933e+01 2.540000e+00 -2.893937e+01
vertex 1.028119e+01 2.540000e+00 -2.924452e+01
endloop
endfacet
facet normal 0 0 0
outer loop
vertex 3.880424e+01 -1.900679e+00 -3.129093e+01
vertex 3.804837e+01 -2.015267e+00 -3.194699e+01
vertex 3.864158e+01 -1.056527e+00 -3.165218e+01
endloop
endfacet
facet normal 0 0 0
outer loop
vertex 3.811163e+01 -2.540000e+00 -2.912778e+01
vertex 3.698662e+01 -2.540000e+00 -3.021087e+01
vertex 3.860730e+01 -2.531442e+00 -3.072660e+01
endloop
endfacet
facet normal 0 0 0
outer loop
vertex 1.635381e+01 2.540000e+00 -2.944258e-01
vertex 1.474289e+01 2.531442e+00 7.787924e-01
vertex 1.648170e+01 2.531442e+00 1.725696e+00
endloop
endfacet
facet normal 0 0 0
outer loop
vertex 3.098377e+01 2.540000e+00 -3.319746e+01
vertex 3.042757e+01 2.540000e+00 -3.196540e+01
vertex 3.215521e+01 2.540000e+00 -3.234623e+01
endloop
endfacet
facet normal 0 0 0
outer loop
vertex 3.950082e+01 1.152410e+00 -1.497614e+00
vertex 3.877632e+01 2.085889e+00 -1.077082e+00
vertex 3.872190e+01 1.036227e+00 -7.697130e-01
endloop
endfacet
facet normal 0 0 0
outer loop
vertex 1.159030e+01 -2.531442e+00 -3.072660e+01
vertex 1.189610e+01 -2.391438e+00 -3.143790e+01
vertex 1.234866e+01 -2.531442e+00 -3.136293e+01
endloop
endfacet
facet normal 0 0 0
outer loop
vertex 4.480725e+01 2.217602e+00 -2.095025e+01
vertex 4.488356e+01 1.853698e+00 -2.121585e+01
vertex 4.456755e+01 2.373129e+00 -2.156522e+01
endloop
endfacet
facet normal 0 0 0
outer loop
vertex 2.739082e+01 2.540000e+00 2.588666e+00
vertex 2.608035e+01 2.540000e+00 2.713793e+00
vertex 2.701035e+01 2.540000e+00 3.384529e+00
endloop
endfacet
facet normal 0 0 0
outer loop
vertex 1.358604e+01 1.052041e+00 -3.320475e+01
vertex 1.378170e+01 2.156511e+00 -3.310513e+01
vertex 1.409824e+01 1.608336e+00 -3.343097e+01
endloop
endfacet
facet normal 0 0 0
outer loop
vertex 2.585008e+01 -1.074803e+00 4.378570e+00
vertex 2.610605e+01 -2.085889e+00 4.173604e+00
vertex 2.684970e+01 -1.249330e+00 4.301018e+00
endloop
endfacet
facet normal 0 0 0
outer loop
vertex 3.204444e+01 -2.397857e+00 2.755231e+00
vertex 3.102781e+01 -2.422696e+00 3.072103e+00
vertex 3.095452e+01 -2.543138e+00 2.778109e+00
endloop
endfacet
facet normal 0 0 0
outer loop
vertex 1.239881e+01 -2.540000e+00 -3.017020e+01
vertex 1.234866e+01 -2.531442e+00 -3.136293e+01
vertex 1.314533e+01 -2.540000e+00 -3.063432e+01
endloop
endfacet
facet normal 0 0 0
outer loop
vertex 2.892459e+01 2.539538e+00 -3.558105e+01
vertex 2.806606e+01 2.522883e+00 -3.585437e+01
vertex 2.837379e+01 2.540000e+00 -3.500205e+01
endloop
endfacet
facet normal 0 0 0
outer loop
vertex 4.405023e+01 -1.003780e+00 -8.142895e+00
vertex 4.431356e+01 -1.176581e+00 -8.882460e+00
vertex 4.433680e+01 -1.201539e-02 -8.414165e+00
endloop
endfacet
facet normal 0 0 0
outer loop
vertex 1.463404e+01 2.121200e+00 -3.362831e+01
vertex 1.378170e+01 2.156511e+00 -3.310513e+01
vertex 1.387887e+01 2.391438e+00 -3.295971e+01
endloop
endfacet
facet normal 0 0 0
outer loop
vertex 1.474895e+01 2.391438e+00 -3.348122e+01
vertex 1.463404e+01 2.121200e+00 -3.362831e+01
vertex 1.387887e+01 2.391438e+00 -3.295971e+01
endloop
endfacet
facet normal 0 0 0
outer loop
vertex 1.195058e+01 2.540000e+00 -2.959798e+01
vertex 1.263886e+01 2.540000e+00 -3.030312e+01
vertex 1.165684e+01 2.540000e+00 -3.065489e+01
endloop
endfacet
facet normal 0 0 0
outer loop
vertex 4.528504e+01 -2.391438e+00 -1.671721e+01
vertex 4.517140e+01 -2.401938e+00 -1.818726e+01
vertex 4.539199e+01 -2.085889e+00 -1.816660e+01
endloop
endfacet
facet normal 0 0 0
outer loop
vertex 4.528504e+01 -2.391438e+00 -1.671721e+01
vertex 4.539199e+01 -2.085889e+00 -1.816660e+01
vertex 4.545166e+01 -2.050578e+00 -1.716725e+01
endloop
endfacet
facet normal 0 0 0
outer loop
vertex 2.709543e+01 2.156511e+00 4.104252e+00
vertex 2.642045e+01 2.410295e+00 3.941342e+00
vertex 2.609712e+01 2.121200e+00 4.163867e+00
endloop
endfacet
facet normal 0 0 0
outer loop
vertex 1.374877e+01 -2.540000e+00 -2.765790e+01
vertex 1.594578e+01 -2.540000e+00 -2.785939e+01
vertex 1.515564e+01 -2.540000e+00 -2.637697e+01
endloop
endfacet
facet normal 0 0 0
outer loop
vertex 9.352392e+00 -2.156511e+00 -3.245157e+00
vertex 8.756979e+00 -2.156511e+00 -4.047979e+00
vertex 9.628567e+00 -2.540000e+00 -3.830800e+00
endloop
endfacet
facet normal 0 0 0
outer loop
vertex 9.628567e+00 -2.540000e+00 -3.830800e+00
vertex 9.487590e+00 -2.391438e+00 -3.356111e+00
vertex 9.352392e+00 -2.156511e+00 -3.245157e+00
endloop
endfacet
facet normal 0 0 0
outer loop
vertex 8.756979e+00 -2.156511e+00 -4.047979e+00
vertex 8.967777e+00 -2.465719e+00 -4.389384e+00
vertex 9.628567e+00 -2.540000e+00 -3.830800e+00
endloop
endfacet
facet normal 0 0 0
outer loop
vertex 3.179952e+01 -1.064953e+00 -3.561250e+01
vertex 3.209432e+01 -1.912113e+00 -3.533904e+01
vertex 3.108798e+01 -2.007989e+00 -3.568011e+01
endloop
endfacet
facet normal 0 0 0
outer loop
vertex 2.858788e+01 4.911426e-02 -3.663118e+01
vertex 3.058331e+01 -2.592584e-02 -3.619248e+01
vertex 2.980120e+01 -9.559433e-01 -3.620976e+01
endloop
endfacet
facet normal 0 0 0
outer loop
vertex 4.172840e+01 2.540000e+00 -7.197555e+00
vertex 4.229840e+01 2.531442e+00 -6.237704e+00
vertex 4.260077e+01 2.540000e+00 -7.142545e+00
endloop
endfacet
facet normal 0 0 0
outer loop
vertex 2.225950e+01 -2.540000e+00 2.698915e+00
vertex 2.314403e+01 -2.538989e+00 3.656052e+00
vertex 2.217119e+01 -2.537228e+00 3.479147e+00
endloop
endfacet
facet normal 0 0 0
outer loop
vertex 2.320584e+01 -2.540000e+00 2.674240e+00
vertex 2.314403e+01 -2.538989e+00 3.656052e+00
vertex 2.225950e+01 -2.540000e+00 2.698915e+00
endloop
endfacet
facet normal 0 0 0
outer loop
vertex 3.510027e+01 -2.401966e+00 -3.367899e+01
vertex 3.545471e+01 -2.531442e+00 -3.311459e+01
vertex 3.446011e+01 -2.540000e+00 -3.350322e+01
endloop
endfacet
facet normal 0 0 0
outer loop
vertex 1.918523e+01 2.540000e+00 1.649872e+00
vertex 1.830698e+01 2.533607e+00 2.489232e+00
vertex 1.925254e+01 2.532525e+00 2.783793e+00
endloop
endfacet
facet normal 0 0 0
outer loop
vertex 1.925254e+01 2.532525e+00 2.783793e+00
vertex 1.830698e+01 2.533607e+00 2.489232e+00
vertex 1.865455e+01 2.391438e+00 2.963859e+00
endloop
endfacet
facet normal 0 0 0
outer loop
vertex 3.561023e+01 2.050578e+00 -3.362705e+01
vertex 3.627595e+01 1.178568e+00 -3.342090e+01
vertex 3.541014e+01 1.223716e+00 -3.392999e+01
endloop
endfacet
facet normal 0 0 0
outer loop
vertex 1.601056e+01 -2.540000e+00 -3.226349e+01
vertex 1.558046e+01 -2.540000e+00 -3.337914e+01
vertex 1.644993e+01 -2.522883e+00 -3.412746e+01
endloop
endfacet
facet normal 0 0 0
outer loop
vertex 3.467174e+01 2.540000e+00 -1.881156e+01
vertex 3.284518e+01 2.540000e+00 -1.849978e+01
vertex 3.385903e+01 2.540000e+00 -1.754454e+01
endloop
endfacet
facet normal 0 0 0
outer loop
vertex 2.230890e+01 -2.362523e+00 3.831720e+00
vertex 2.309802e+01 -2.015267e+00 4.146334e+00
vertex 2.211139e+01 -2.085889e+00 3.978632e+00
endloop
endfacet
facet normal 0 0 0
outer loop
vertex 1.675175e+01 -2.397290e+00 2.180060e+00
vertex 1.730345e+01 -2.156511e+00 2.651747e+00
vertex 1.639491e+01 -2.121200e+00 2.233720e+00
endloop
endfacet
facet normal 0 0 0
outer loop
vertex 3.107422e+01 -2.540000e+00 -3.316129e+01
vertex 3.146364e+01 -2.540000e+00 -3.397205e+01
vertex 3.244233e+01 -2.540000e+00 -3.354910e+01
endloop
endfacet
facet normal 0 0 0
outer loop
vertex 3.146364e+01 -2.540000e+00 -3.397205e+01
vertex 3.189146e+01 -2.531442e+00 -3.483057e+01
vertex 3.244233e+01 -2.540000e+00 -3.354910e+01
endloop
endfacet
facet normal 0 0 0
outer loop
vertex 4.254109e+01 -9.892120e-01 -5.236151e+00
vertex 4.308316e+01 -9.571065e-01 -6.136687e+00
vertex 4.300008e+01 0.000000e+00 -5.639423e+00
endloop
endfacet
facet normal 0 0 0
outer loop
vertex 3.098123e+01 2.540000e+00 2.585191e+00
vertex 3.064246e+01 2.412112e+00 3.203988e+00
vertex 3.147778e+01 2.388207e+00 2.988152e+00
endloop
endfacet
facet normal 0 0 0
outer loop
vertex 1.855760e+01 1.600450e+00 -3.556224e+01
vertex 1.797647e+01 1.016071e+00 -3.545372e+01
vertex 1.823743e+01 2.085889e+00 -3.534416e+01
endloop
endfacet
facet normal 0 0 0
outer loop
vertex 1.855760e+01 1.600450e+00 -3.556224e+01
vertex 1.891853e+01 1.016071e+00 -3.579080e+01
vertex 1.797647e+01 1.016071e+00 -3.545372e+01
endloop
endfacet
facet normal 0 0 0
outer loop
vertex 2.508841e+01 1.743041e+00 -3.662622e+01
vertex 2.411191e+01 2.171943e+00 -3.646946e+01
vertex 2.519150e+01 2.179741e+00 -3.651835e+01
endloop
endfacet
facet normal 0 0 0
outer loop
vertex 3.632780e+01 -2.522883e+00 3.020248e-01
vertex 3.711984e+01 -2.522883e+00 -2.979207e-01
vertex 3.729008e+01 -2.196591e+00 4.843128e-02
endloop
endfacet
facet normal 0 0 0
outer loop
vertex 2.343059e+01 -2.330913e+00 3.993938e+00
vertex 2.409803e+01 -2.509133e+00 3.754327e+00
vertex 2.413135e+01 -2.323789e+00 4.041198e+00
endloop
endfacet
facet normal 0 0 0
outer loop
vertex 1.469529e+01 -2.540000e+00 -3.185670e+01
vertex 1.392568e+01 -2.535721e+00 -3.117254e+01
vertex 1.396224e+01 -2.540000e+00 -3.249384e+01
endloop
endfacet
facet normal 0 0 0
outer loop
vertex 3.201223e+01 -2.085889e+00 2.989155e+00
vertex 3.106364e+01 -2.085889e+00 3.331508e+00
vertex 3.102781e+01 -2.422696e+00 3.072103e+00
endloop
endfacet
facet normal 0 0 0
outer loop
vertex 3.649716e+01 -2.540000e+00 -4.840205e+00
vertex 3.635806e+01 -2.540000e+00 -2.748111e+00
vertex 3.495316e+01 -2.540000e+00 -3.892125e+00
endloop
endfacet
facet normal 0 0 0
outer loop
vertex 2.711330e+01 -2.085889e+00 4.123725e+00
vertex 2.706541e+01 -2.325737e+00 3.978724e+00
vertex 2.811069e+01 -2.085889e+00 3.974576e+00
endloop
endfacet
facet normal 0 0 0
outer loop
vertex 2.841019e+01 -2.540000e+00 -3.494627e+01
vertex 2.902917e+01 -2.531442e+00 -3.561031e+01
vertex 2.942541e+01 -2.540000e+00 -3.471619e+01
endloop
endfacet
facet normal 0 0 0
outer loop
vertex 3.321770e+01 2.355794e+00 2.344496e+00
vertex 3.374767e+01 2.522883e+00 1.791664e+00
vertex 3.273582e+01 2.540000e+00 1.992798e+00
endloop
endfacet
facet normal 0 0 0
outer loop
vertex 3.321770e+01 2.355794e+00 2.344496e+00
vertex 3.236026e+01 2.395114e+00 2.663908e+00
vertex 3.290224e+01 2.085889e+00 2.671281e+00
endloop
endfacet
facet normal 0 0 0
outer loop
vertex 4.246967e+01 2.340914e+00 -5.807974e+00
vertex 4.308239e+01 2.085889e+00 -6.555469e+00
vertex 4.283391e+01 2.409580e+00 -6.586215e+00
endloop
endfacet
facet normal 0 0 0
outer loop
vertex 4.229840e+01 2.531442e+00 -6.237704e+00
vertex 4.246967e+01 2.340914e+00 -5.807974e+00
vertex 4.283391e+01 2.409580e+00 -6.586215e+00
endloop
endfacet
facet normal 0 0 0
outer loop
vertex 1.654849e+01 2.540000e+00 -3.394158e+01
vertex 1.566883e+01 2.531442e+00 -3.364660e+01
vertex 1.636127e+01 2.540000e+00 -3.323386e+01
endloop
endfacet
facet normal 0 0 0
outer loop
vertex 9.090189e+00 2.408013e+00 -3.927309e+00
vertex 8.482350e+00 2.406610e+00 -4.748032e+00
vertex 8.740017e+00 2.085889e+00 -4.035399e+00
endloop
endfacet
facet normal 0 0 0
outer loop
vertex 1.956566e+01 -2.540000e+00 -3.373845e+01
vertex 1.863421e+01 -2.540000e+00 -3.238860e+01
vertex 1.796540e+01 -2.540000e+00 -3.335039e+01
endloop
endfacet
facet normal 0 0 0
outer loop
vertex 7.446600e+00 -2.538437e+00 -7.227814e+00
vertex 8.194669e+00 -2.540000e+00 -8.019595e+00
vertex 8.358095e+00 -2.540000e+00 -7.138228e+00
endloop
endfacet
facet normal 0 0 0
outer loop
vertex 6.494459e+00 -1.078255e+00 -2.489123e+01
vertex 6.697181e+00 -2.121200e+00 -2.487179e+01
vertex 6.386806e+00 -1.617383e+00 -2.442724e+01
endloop
endfacet
facet normal 0 0 0
outer loop
vertex 5.671348e+00 -2.465719e+00 -1.151836e+01
vertex 5.344622e+00 -2.401825e+00 -1.212875e+01
vertex 5.831715e+00 -2.540000e+00 -1.177031e+01
endloop
endfacet
facet normal 0 0 0
outer loop
vertex 2.076493e+01 -2.540000e+00 -2.917674e+01
vertex 2.062272e+01 -2.540000e+00 -3.070682e+01
vertex 2.244951e+01 -2.540000e+00 -3.048369e+01
endloop
endfacet
facet normal 0 0 0
outer loop
vertex 5.831715e+00 2.540000e+00 -2.056549e+01
vertex 5.671348e+00 2.465719e+00 -2.081744e+01
vertex 5.291506e+00 2.391438e+00 -2.010782e+01
endloop
endfacet
facet normal 0 0 0
outer loop
vertex 1.449032e+01 9.516562e-01 -3.380615e+01
vertex 1.548637e+01 2.085889e+00 -3.415149e+01
vertex 1.545224e+01 1.146626e+00 -3.432233e+01
endloop
endfacet
facet normal 0 0 0
outer loop
vertex 4.252799e+01 1.076312e+00 -2.709006e+01
vertex 4.196317e+01 1.119010e+00 -2.793704e+01
vertex 4.199964e+01 1.964817e+00 -2.762090e+01
endloop
endfacet
facet normal 0 0 0
outer loop
vertex 5.773064e+00 2.391438e+00 -2.203030e+01
vertex 6.205472e+00 2.462313e+00 -2.268230e+01
vertex 5.605698e+00 2.156511e+00 -2.208107e+01
endloop
endfacet
facet normal 0 0 0
outer loop
vertex 6.263875e+00 2.540000e+00 -1.906734e+01
vertex 6.346598e+00 2.540000e+00 -1.982658e+01
vertex 5.612240e+00 2.540000e+00 -1.960391e+01
endloop
endfacet
facet normal 0 0 0
outer loop
vertex 1.092871e+01 2.540000e+00 -3.709334e+00
vertex 1.020785e+01 2.531442e+00 -3.026559e+00
vertex 1.090027e+01 2.532063e+00 -2.319461e+00
endloop
endfacet
facet normal 0 0 0
outer loop
vertex 2.415037e+01 -2.540000e+00 -2.027167e+01
vertex 2.538692e+01 -2.540000e+00 -1.904607e+01
vertex 2.419464e+01 -2.540000e+00 -1.811201e+01
endloop
endfacet
facet normal 0 0 0
outer loop
vertex 2.508841e+01 1.743041e+00 -3.662622e+01
vertex 2.611291e+01 2.085889e+00 -3.650867e+01
vertex 2.571821e+01 1.008049e+00 -3.673396e+01
endloop
endfacet
facet normal 0 0 0
outer loop
vertex 2.571821e+01 1.008049e+00 -3.673396e+01
vertex 2.481006e+01 1.033582e+00 -3.674839e+01
vertex 2.508841e+01 1.743041e+00 -3.662622e+01
endloop
endfacet
facet normal 0 0 0
outer loop
vertex 1.823059e+01 -2.540000e+00 -2.207724e+01
vertex 1.894849e+01 -2.540000e+00 -2.395618e+01
vertex 2.017720e+01 -2.540000e+00 -2.299612e+01
endloop
endfacet
facet normal 0 0 0
outer loop
vertex 1.894849e+01 -2.540000e+00 -2.395618e+01
vertex 2.057050e+01 -2.540000e+00 -2.441310e+01
vertex 2.017720e+01 -2.540000e+00 -2.299612e+01
endloop
endfacet
facet normal 0 0 0
outer loop
vertex 4.234035e+01 -2.522883e+00 -6.213483e+00
vertex 4.150222e+01 -2.540000e+00 -6.418261e+00
vertex 4.187846e+01 -2.531442e+00 -7.243306e+00
endloop
endfacet
facet normal 0 0 0
outer loop
vertex 4.273196e+01 2.540000e+00 -2.072088e+01
vertex 4.350395e+01 2.540000e+00 -2.108135e+01
vertex 4.323165e+01 2.540000e+00 -2.191807e+01
endloop
endfacet
facet normal 0 0 0
outer loop
vertex 3.878637e+01 -1.032878e+00 -8.088559e-01
vertex 3.879050e+01 -2.015267e+00 -1.061435e+00
vertex 3.941961e+01 -1.167114e+00 -1.417886e+00
endloop
endfacet
facet normal 0 0 0
outer loop
vertex 3.204444e+01 -2.397857e+00 2.755231e+00
vertex 3.201223e+01 -2.085889e+00 2.989155e+00
vertex 3.102781e+01 -2.422696e+00 3.072103e+00
endloop
endfacet
facet normal 0 0 0
outer loop
vertex 2.310010e+01 2.085889e+00 4.125293e+00
vertex 2.237306e+01 2.391438e+00 3.837270e+00
vertex 2.211037e+01 2.085889e+00 3.978480e+00
endloop
endfacet
facet normal 0 0 0
outer loop
vertex 2.023021e+01 2.535721e+00 -3.535830e+01
vertex 1.985537e+01 2.540000e+00 -3.414758e+01
vertex 2.123695e+01 2.540000e+00 -3.454369e+01
endloop
endfacet
facet normal 0 0 0
outer loop
vertex 2.641755e+01 2.540000e+00 -2.939152e+01
vertex 2.564544e+01 2.540000e+00 -3.077109e+01
vertex 2.458241e+01 2.540000e+00 -2.943726e+01
endloop
endfacet
facet normal 0 0 0
outer loop
vertex 4.436589e+01 -2.540000e+00 -1.177031e+01
vertex 4.343911e+01 -2.540000e+00 -1.142842e+01
vertex 4.358757e+01 -2.540000e+00 -1.231928e+01
endloop
endfacet
facet normal 0 0 0
outer loop
vertex 2.237306e+01 2.391438e+00 3.837270e+00
vertex 2.213876e+01 2.531442e+00 3.470669e+00
vertex 2.143346e+01 2.395381e+00 3.679402e+00
endloop
endfacet
facet normal 0 0 0
outer loop
vertex 1.217606e+01 -2.156511e+00 -4.214916e-01
vertex 1.228701e+01 -2.391438e+00 -5.566893e-01
vertex 1.292257e+01 -2.389971e+00 -2.274859e-01
endloop
endfacet
facet normal 0 0 0
outer loop
vertex 1.217606e+01 -2.156511e+00 -4.214916e-01
vertex 1.292257e+01 -2.389971e+00 -2.274859e-01
vertex 1.297888e+01 -2.156511e+00 1.739216e-01
endloop
endfacet
facet normal 0 0 0
outer loop
vertex 3.664744e+01 -2.397493e+00 -3.271092e+01
vertex 3.734963e+01 -2.391438e+00 -3.222148e+01
vertex 3.709059e+01 -2.531442e+00 -3.199927e+01
endloop
endfacet
facet normal 0 0 0
outer loop
vertex 1.744557e+01 -2.535840e+00 2.146565e+00
vertex 1.675175e+01 -2.397290e+00 2.180060e+00
vertex 1.655720e+01 -2.533641e+00 1.728682e+00
endloop
endfacet
facet normal 0 0 0
outer loop
vertex 7.133854e+00 -2.156511e+00 -6.565435e+00
vertex 7.822299e+00 -2.408042e+00 -6.045951e+00
vertex 7.647710e+00 -2.156511e+00 -5.708118e+00
endloop
endfacet
facet normal 0 0 0
outer loop
vertex 7.288099e+00 -2.391438e+00 -6.647882e+00
vertex 7.822299e+00 -2.408042e+00 -6.045951e+00
vertex 7.133854e+00 -2.156511e+00 -6.565435e+00
endloop
endfacet
facet normal 0 0 0
outer loop
vertex 2.421566e+01 -2.540000e+00 -4.971299e+00
vertex 2.457694e+01 -2.540000e+00 -7.024837e+00
vertex 2.568918e+01 -2.540000e+00 -6.086683e+00
endloop
endfacet
facet normal 0 0 0
outer loop
vertex 6.251309e+00 2.400234e+00 -9.008383e+00
vertex 6.668968e+00 2.535721e+00 -8.932763e+00
vertex 6.341999e+00 2.540000e+00 -9.865950e+00
endloop
endfacet
facet normal 0 0 0
outer loop
vertex 1.334737e+01 2.533094e+00 -3.213754e+01
vertex 1.364366e+01 2.540000e+00 -3.159678e+01
vertex 1.395229e+01 2.540000e+00 -3.251683e+01
endloop
endfacet
facet normal 0 0 0
outer loop
vertex 3.540304e+01 -2.540000e+00 -7.132046e+00
vertex 3.557308e+01 -2.540000e+00 -8.723906e+00
vertex 3.684559e+01 -2.540000e+00 -7.552958e+00
endloop
endfacet
facet normal 0 0 0
outer loop
vertex 2.598173e+01 -2.339786e+00 4.032109e+00
vertex 2.610605e+01 -2.085889e+00 4.173604e+00
vertex 2.509880e+01 -2.085889e+00 4.223482e+00
endloop
endfacet
facet normal 0 0 0
outer loop
vertex 3.930440e+01 1.164512e+00 -3.102408e+01
vertex 3.860162e+01 9.147564e-01 -3.171813e+01
vertex 3.879050e+01 2.015267e+00 -3.127436e+01
endloop
endfacet
facet normal 0 0 0
outer loop
vertex 3.928339e+01 -2.540000e+00 -4.176592e+00
vertex 3.808983e+01 -2.540000e+00 -4.912393e+00
vertex 3.909268e+01 -2.540000e+00 -5.946422e+00
endloop
endfacet
facet normal 0 0 0
outer loop
vertex 4.392978e+01 2.375218e+00 -2.348345e+01
vertex 4.420310e+01 2.237113e+00 -2.277510e+01
vertex 4.429494e+01 2.015267e+00 -2.303639e+01
endloop
endfacet
facet normal 0 0 0
outer loop
vertex 4.392978e+01 -2.375218e+00 -8.852355e+00
vertex 4.428107e+01 -2.195242e+00 -9.547406e+00
vertex 4.429494e+01 -2.015267e+00 -9.299411e+00
endloop
endfacet
facet normal 0 0 0
outer loop
vertex 2.023021e+01 2.535721e+00 -3.535830e+01
vertex 2.119400e+01 2.531442e+00 -3.564062e+01
vertex 2.034910e+01 2.391438e+00 -3.577235e+01
endloop
endfacet
facet normal 0 0 0
outer loop
vertex 1.087706e+01 2.385559e+00 -3.049097e+01
vertex 1.116886e+01 2.507766e+00 -3.043431e+01
vertex 1.152256e+01 2.401804e+00 -3.089290e+01
endloop
endfacet
facet normal 0 0 0
outer loop
vertex 2.683118e+01 2.416567e+00 -3.623197e+01
vertex 2.563751e+01 2.437366e+00 -3.626653e+01
vertex 2.608388e+01 2.535721e+00 -3.594252e+01
endloop
endfacet
facet normal 0 0 0
outer loop
vertex 2.563751e+01 2.437366e+00 -3.626653e+01
vertex 2.683118e+01 2.416567e+00 -3.623197e+01
vertex 2.591957e+01 2.286512e+00 -3.641306e+01
endloop
endfacet
facet normal 0 0 0
outer loop
vertex 2.591957e+01 2.286512e+00 -3.641306e+01
vertex 2.683118e+01 2.416567e+00 -3.623197e+01
vertex 2.611291e+01 2.085889e+00 -3.650867e+01
endloop
endfacet
facet normal 0 0 0
outer loop
vertex 1.474289e+01 -2.531442e+00 -3.311459e+01
vertex 1.469529e+01 -2.540000e+00 -3.185670e+01
vertex 1.396224e+01 -2.540000e+00 -3.249384e+01
endloop
endfacet
facet normal 0 0 0
outer loop
vertex 4.256800e+01 -2.085889e+00 -2.663854e+01
vertex 4.308239e+01 -2.085889e+00 -2.578033e+01
vertex 4.276669e+01 -2.403415e+00 -2.589582e+01
endloop
endfacet
facet normal 0 0 0
outer loop
vertex 3.146364e+01 -2.540000e+00 -3.397205e+01
vertex 3.051437e+01 -2.540000e+00 -3.434945e+01
vertex 3.189146e+01 -2.531442e+00 -3.483057e+01
endloop
endfacet
facet normal 0 0 0
outer loop
vertex 3.632780e+01 2.522883e+00 -3.263783e+01
vertex 3.711984e+01 2.522883e+00 -3.203788e+01
vertex 3.726181e+01 2.203352e+00 -3.240054e+01
endloop
endfacet
facet normal 0 0 0
outer loop
vertex 1.292257e+01 -2.389971e+00 -2.274859e-01
vertex 1.228701e+01 -2.391438e+00 -5.566893e-01
vertex 1.316607e+01 -2.540000e+00 -4.145093e-01
endloop
endfacet
facet normal 0 0 0
outer loop
vertex 2.552324e+01 -2.540000e+00 2.153054e+00
vertex 2.619991e+01 -2.540000e+00 2.819245e+00
vertex 2.572227e+01 -2.540000e+00 3.253259e+00
endloop
endfacet
facet normal 0 0 0
outer loop
vertex 8.732349e+00 -2.540000e+00 -6.245471e+00
vertex 9.390430e+00 -2.540000e+00 -5.734683e+00
vertex 8.430971e+00 -2.540000e+00 -5.527026e+00
endloop
endfacet
facet normal 0 0 0
outer loop
vertex 6.205472e+00 2.462313e+00 -2.268230e+01
vertex 5.942426e+00 2.156511e+00 -2.302216e+01
vertex 5.605698e+00 2.156511e+00 -2.208107e+01
endloop
endfacet
facet normal 0 0 0
outer loop
vertex 3.196018e+01 2.085889e+00 3.008358e+00
vertex 3.147778e+01 2.388207e+00 2.988152e+00
vertex 3.101811e+01 2.085889e+00 3.345436e+00
endloop
endfacet
facet normal 0 0 0
outer loop
vertex 6.005261e+00 -2.532826e+00 -2.153829e+01
vertex 6.272592e+00 -2.531442e+00 -2.249317e+01
vertex 7.252426e+00 -2.540000e+00 -2.206650e+01
endloop
endfacet
facet normal 0 0 0
outer loop
vertex 5.585464e+00 2.085889e+00 -1.024859e+01
vertex 5.932309e+00 2.121200e+00 -9.310571e+00
vertex 5.864775e+00 2.407233e+00 -1.012183e+01
endloop
endfacet
facet normal 0 0 0
outer loop
vertex 5.342349e+00 2.085889e+00 -1.121917e+01
vertex 5.585464e+00 2.085889e+00 -1.024859e+01
vertex 5.561858e+00 2.391438e+00 -1.112825e+01
endloop
endfacet
facet normal 0 0 0
outer loop
vertex 3.273582e+01 2.540000e+00 1.992798e+00
vertex 3.236026e+01 2.395114e+00 2.663908e+00
vertex 3.321770e+01 2.355794e+00 2.344496e+00
endloop
endfacet
facet normal 0 0 0
outer loop
vertex 5.831715e+00 -2.540000e+00 -1.177031e+01
vertex 6.671755e+00 -2.540000e+00 -1.214677e+01
vertex 6.870396e+00 -2.540000e+00 -1.105845e+01
endloop
endfacet
facet normal 0 0 0
outer loop
vertex 3.936861e+01 2.522883e+00 -3.008628e+01
vertex 3.864025e+01 2.522883e+00 -3.076211e+01
vertex 3.818419e+01 2.540000e+00 -2.986838e+01
endloop
endfacet
facet normal 0 0 0
outer loop
vertex 5.000704e+00 -2.391438e+00 -1.418841e+01
vertex 5.489598e+00 -2.540000e+00 -1.371055e+01
vertex 5.293066e+00 -2.462462e+00 -1.349208e+01
endloop
endfacet
facet normal 0 0 0
outer loop
vertex 5.489598e+00 2.540000e+00 -1.862525e+01
vertex 5.280308e+00 2.459363e+00 -1.881333e+01
vertex 5.000704e+00 2.391438e+00 -1.814739e+01
endloop
endfacet
facet normal 0 0 0
outer loop
vertex 3.900599e+01 2.540000e+00 -2.931107e+01
vertex 3.966381e+01 2.540000e+00 -2.854528e+01
vertex 4.001695e+01 2.534881e+00 -2.932581e+01
endloop
endfacet
facet normal 0 0 0
outer loop
vertex 3.548905e+01 -2.527994e+00 7.634022e-01
vertex 3.559835e+01 -2.203352e+00 1.186290e+00
vertex 3.463213e+01 -2.522883e+00 1.338230e+00
endloop
endfacet
facet normal 0 0 0
outer loop
vertex 3.463213e+01 -2.522883e+00 1.338230e+00
vertex 3.559835e+01 -2.203352e+00 1.186290e+00
vertex 3.483891e+01 -2.345643e+00 1.555441e+00
endloop
endfacet
facet normal 0 0 0
outer loop
vertex 1.548637e+01 -2.085889e+00 1.815693e+00
vertex 1.478639e+01 -2.405944e+00 1.122245e+00
vertex 1.564596e+01 -2.404753e+00 1.641476e+00
endloop
endfacet
facet normal 0 0 0
outer loop
vertex 1.548637e+01 -2.085889e+00 1.815693e+00
vertex 1.463404e+01 -2.121200e+00 1.292514e+00
vertex 1.478639e+01 -2.405944e+00 1.122245e+00
endloop
endfacet
facet normal 0 0 0
outer loop
vertex 4.292015e+01 -2.540000e+00 -2.304502e+01
vertex 4.349971e+01 -2.540000e+00 -2.329105e+01
vertex 4.399442e+01 -2.522883e+00 -2.251649e+01
endloop
endfacet
facet normal 0 0 0
outer loop
vertex 2.519150e+01 2.179741e+00 -3.651835e+01
vertex 2.411191e+01 2.171943e+00 -3.646946e+01
vertex 2.447982e+01 2.408057e+00 -3.630757e+01
endloop
endfacet
facet normal 0 0 0
outer loop
vertex 2.279178e+01 -1.036062e+00 4.283203e+00
vertex 2.177248e+01 -1.041186e+00 4.130490e+00
vertex 2.211139e+01 -2.085889e+00 3.978632e+00
endloop
endfacet
facet normal 0 0 0
outer loop
vertex 8.896464e+00 2.540000e+00 -1.379150e+01
vertex 7.962312e+00 2.540000e+00 -1.261968e+01
vertex 9.735907e+00 2.540000e+00 -1.230246e+01
endloop
endfacet
facet normal 0 0 0
outer loop
vertex 7.854620e+00 -2.391438e+00 -2.666037e+01
vertex 8.503213e+00 -2.399550e+00 -2.764253e+01
vertex 8.438641e+00 -2.533643e+00 -2.692791e+01
endloop
endfacet
facet normal 0 0 0
outer loop
vertex 9.352392e+00 2.156511e+00 -2.909064e+01
vertex 1.021070e+01 2.465719e+00 -2.948186e+01
vertex 1.013134e+01 2.140998e+00 -2.995699e+01
endloop
endfacet
facet normal 0 0 0
outer loop
vertex 1.021070e+01 2.465719e+00 -2.948186e+01
vertex 9.352392e+00 2.156511e+00 -2.909064e+01
vertex 9.569803e+00 2.410740e+00 -2.899042e+01
endloop
endfacet
facet normal 0 0 0
outer loop
vertex 3.784895e+01 -2.531442e+00 -3.136293e+01
vertex 3.709059e+01 -2.531442e+00 -3.199927e+01
vertex 3.791762e+01 -2.391438e+00 -3.174934e+01
endloop
endfacet
facet normal 0 0 0
outer loop
vertex 2.572227e+01 -2.540000e+00 3.253259e+00
vertex 2.617129e+01 -2.516993e+00 3.728372e+00
vertex 2.528677e+01 -2.499180e+00 3.821458e+00
endloop
endfacet
facet normal 0 0 0
outer loop
vertex 3.087969e+01 2.540000e+00 -2.925938e+01
vertex 3.270694e+01 2.540000e+00 -2.935465e+01
vertex 3.146303e+01 2.540000e+00 -3.065764e+01
endloop
endfacet
facet normal 0 0 0
outer loop
vertex 1.143546e+01 2.156511e+00 -3.124307e+01
vertex 1.193761e+01 1.256969e+00 -3.194149e+01
vertex 1.120936e+01 1.074316e+00 -3.132632e+01
endloop
endfacet
facet normal 0 0 0
outer loop
vertex 4.074030e+01 -1.008250e+00 -2.786401e+00
vertex 4.087790e+01 -2.015267e+00 -3.218331e+00
vertex 4.126450e+01 -1.041249e+00 -3.443259e+00
endloop
endfacet
facet normal 0 0 0
outer loop
vertex 4.478629e+01 -2.231203e+00 -1.133178e+01
vertex 4.487574e+01 -2.015267e+00 -1.121404e+01
vertex 4.453933e+01 -2.391438e+00 -1.069818e+01
endloop
endfacet
facet normal 0 0 0
outer loop
vertex 4.198578e+01 -1.007633e+00 -4.394080e+00
vertex 4.207120e+01 -2.015267e+00 -4.827309e+00
vertex 4.254109e+01 -9.892120e-01 -5.236151e+00
endloop
endfacet
facet normal 0 0 0
outer loop
vertex 4.198578e+01 -1.007633e+00 -4.394080e+00
vertex 4.147455e+01 -2.015267e+00 -4.022820e+00
vertex 4.207120e+01 -2.015267e+00 -4.827309e+00
endloop
endfacet
facet normal 0 0 0
outer loop
vertex 4.125442e+01 2.534881e+00 -2.777407e+01
vertex 4.147968e+01 2.203352e+00 -2.813399e+01
vertex 4.066528e+01 2.546878e+00 -2.856533e+01
endloop
endfacet
facet normal 0 0 0
outer loop
vertex 4.066528e+01 2.546878e+00 -2.856533e+01
vertex 4.147968e+01 2.203352e+00 -2.813399e+01
vertex 4.088815e+01 2.391438e+00 -2.875949e+01
endloop
endfacet
facet normal 0 0 0
outer loop
vertex 3.554342e+01 -1.940744e+00 -3.369359e+01
vertex 3.510027e+01 -2.401966e+00 -3.367899e+01
vertex 3.470126e+01 -2.156511e+00 -3.413285e+01
endloop
endfacet
facet normal 0 0 0
outer loop
vertex 3.453808e+01 -2.540000e+00 5.247930e-01
vertex 3.519896e+01 -2.540000e+00 9.853539e-02
vertex 3.548905e+01 -2.527994e+00 7.634022e-01
endloop
endfacet
facet normal 0 0 0
outer loop
vertex 6.697181e+00 -2.121200e+00 -2.487179e+01
vertex 7.115208e+00 -2.085889e+00 -2.578033e+01
vertex 7.204685e+00 -2.391438e+00 -2.551844e+01
endloop
endfacet
facet normal 0 0 0
outer loop
vertex 3.374767e+01 2.522883e+00 1.791664e+00
vertex 3.545398e+01 2.539262e+00 7.666609e-01
vertex 3.401687e+01 2.540000e+00 3.784854e-02
endloop
endfacet
facet normal 0 0 0
outer loop
vertex 3.724388e+01 2.015267e+00 -3.254365e+01
vertex 3.643939e+01 2.015267e+00 -3.314030e+01
vertex 3.647524e+01 2.391438e+00 -3.285407e+01
endloop
endfacet
facet normal 0 0 0
outer loop
vertex 2.619991e+01 -2.540000e+00 2.819245e+00
vertex 2.730799e+01 -2.522883e+00 3.632829e+00
vertex 2.572227e+01 -2.540000e+00 3.253259e+00
endloop
endfacet
facet normal 0 0 0
outer loop
vertex 2.730799e+01 -2.522883e+00 3.632829e+00
vertex 2.572227e+01 -2.540000e+00 3.253259e+00
vertex 2.617129e+01 -2.516993e+00 3.728372e+00
endloop
endfacet
facet normal 0 0 0
outer loop
vertex 1.387887e+01 2.391438e+00 -3.295971e+01
vertex 1.378170e+01 2.156511e+00 -3.310513e+01
vertex 1.395229e+01 2.540000e+00 -3.251683e+01
endloop
endfacet
facet normal 0 0 0
outer loop
vertex 1.378170e+01 2.156511e+00 -3.310513e+01
vertex 1.297888e+01 2.156511e+00 -3.250972e+01
vertex 1.395229e+01 2.540000e+00 -3.251683e+01
endloop
endfacet
facet normal 0 0 0
outer loop
vertex 1.297888e+01 2.156511e+00 -3.250972e+01
vertex 1.295382e+01 2.306012e+00 -3.221247e+01
vertex 1.395229e+01 2.540000e+00 -3.251683e+01
endloop
endfacet
facet normal 0 0 0
outer loop
vertex 1.295382e+01 2.306012e+00 -3.221247e+01
vertex 1.334737e+01 2.533094e+00 -3.213754e+01
vertex 1.395229e+01 2.540000e+00 -3.251683e+01
endloop
endfacet
facet normal 0 0 0
outer loop
vertex 1.186624e+01 -2.540000e+00 -3.472208e+00
vertex 1.168568e+01 -2.540000e+00 -2.604854e+00
vertex 1.107043e+01 -2.540000e+00 -3.274335e+00
endloop
endfacet
facet normal 0 0 0
outer loop
vertex 1.730345e+01 -2.156511e+00 2.651747e+00
vertex 1.704753e+01 -1.048245e+00 2.773817e+00
vertex 1.639491e+01 -2.121200e+00 2.233720e+00
endloop
endfacet
facet normal 0 0 0
outer loop
vertex 4.079866e+01 1.994883e+00 -2.921059e+01
vertex 4.021693e+01 2.203352e+00 -2.969325e+01
vertex 4.001695e+01 2.534881e+00 -2.932581e+01
endloop
endfacet
facet normal 0 0 0
outer loop
vertex 4.079866e+01 1.994883e+00 -2.921059e+01
vertex 4.001695e+01 2.534881e+00 -2.932581e+01
vertex 4.066528e+01 2.546878e+00 -2.856533e+01
endloop
endfacet
facet normal 0 0 0
outer loop
vertex 3.447646e+01 -2.540000e+00 -4.564837e-01
vertex 3.585239e+01 -2.540000e+00 -6.975029e-01
vertex 3.519896e+01 -2.540000e+00 9.853539e-02
endloop
endfacet
facet normal 0 0 0
outer loop
vertex 7.647710e+00 -2.156511e+00 -5.708118e+00
vertex 7.269184e+00 -1.586009e+00 -6.106977e+00
vertex 7.133854e+00 -2.156511e+00 -6.565435e+00
endloop
endfacet
facet normal 0 0 0
outer loop
vertex 7.269184e+00 -1.586009e+00 -6.106977e+00
vertex 6.900218e+00 -1.038256e+00 -6.550140e+00
vertex 7.133854e+00 -2.156511e+00 -6.565435e+00
endloop
endfacet
facet normal 0 0 0
outer loop
vertex 2.805884e+01 -2.531442e+00 -3.580647e+01
vertex 2.738679e+01 -2.540000e+00 -3.450899e+01
vertex 2.687205e+01 -2.540000e+00 -3.521405e+01
endloop
endfacet
facet normal 0 0 0
outer loop
vertex 3.937497e+01 2.397415e+00 -1.908287e+00
vertex 3.951768e+01 2.085889e+00 -1.749015e+00
vertex 3.992726e+01 2.391438e+00 -2.484078e+00
endloop
endfacet
facet normal 0 0 0
outer loop
vertex 3.998975e+01 2.531442e+00 -3.026559e+00
vertex 3.937497e+01 2.397415e+00 -1.908287e+00
vertex 3.992726e+01 2.391438e+00 -2.484078e+00
endloop
endfacet
facet normal 0 0 0
outer loop
vertex 1.092871e+01 2.540000e+00 -3.709334e+00
vertex 1.090027e+01 2.532063e+00 -2.319461e+00
vertex 1.227851e+01 2.540000e+00 -3.251151e+00
endloop
endfacet
facet normal 0 0 0
outer loop
vertex 3.472514e+01 2.019909e+00 -3.416644e+01
vertex 3.541014e+01 1.223716e+00 -3.392999e+01
vertex 3.463284e+01 1.054471e+00 -3.440142e+01
endloop
endfacet
facet normal 0 0 0
outer loop
vertex 3.478107e+01 -2.085889e+00 1.778011e+00
vertex 3.387095e+01 -2.085889e+00 2.212407e+00
vertex 3.389382e+01 -2.391438e+00 1.983917e+00
endloop
endfacet
facet normal 0 0 0
outer loop
vertex 3.478107e+01 -2.085889e+00 1.778011e+00
vertex 3.389382e+01 -2.391438e+00 1.983917e+00
vertex 3.483891e+01 -2.345643e+00 1.555441e+00
endloop
endfacet
facet normal 0 0 0
outer loop
vertex 1.905705e+01 2.540000e+00 -3.541078e+00
vertex 1.892096e+01 2.540000e+00 -1.898559e+00
vertex 2.040975e+01 2.540000e+00 -2.757816e+00
endloop
endfacet
facet normal 0 0 0
outer loop
vertex 2.409803e+01 -2.509133e+00 3.754327e+00
vertex 2.460626e+01 -2.540000e+00 3.545527e+00
vertex 2.470817e+01 -2.488450e+00 3.826396e+00
endloop
endfacet
facet normal 0 0 0
outer loop
vertex 4.324582e+01 -2.522883e+00 -7.979654e+00
vertex 4.351379e+01 -2.203352e+00 -7.655468e+00
vertex 4.283716e+01 -2.522883e+00 -7.073974e+00
endloop
endfacet
facet normal 0 0 0
outer loop
vertex 4.283716e+01 2.522883e+00 -2.526183e+01
vertex 4.324582e+01 2.522883e+00 -2.435615e+01
vertex 4.341574e+01 2.254005e+00 -2.469982e+01
endloop
endfacet
facet normal 0 0 0
outer loop
vertex 4.088815e+01 -2.391438e+00 -3.576310e+00
vertex 4.087790e+01 -2.015267e+00 -3.218331e+00
vertex 4.068353e+01 -2.522883e+00 -3.739495e+00
endloop
endfacet
facet normal 0 0 0
outer loop
vertex 8.482350e+00 2.406610e+00 -4.748032e+00
vertex 9.090189e+00 2.408013e+00 -3.927309e+00
vertex 8.973392e+00 2.531442e+00 -4.574522e+00
endloop
endfacet
facet normal 0 0 0
outer loop
vertex 3.559835e+01 2.203352e+00 -3.352209e+01
vertex 3.561023e+01 2.050578e+00 -3.362705e+01
vertex 3.488512e+01 2.325335e+00 -3.387910e+01
endloop
endfacet
facet normal 0 0 0
outer loop
vertex 1.232936e+01 -2.540000e+00 -1.954416e+00
vertex 1.165684e+01 -2.540000e+00 -1.680907e+00
vertex 1.168568e+01 -2.540000e+00 -2.604854e+00
endloop
endfacet
facet normal 0 0 0
outer loop
vertex 1.917949e+01 2.085889e+00 3.345436e+00
vertex 1.821115e+01 1.867224e+00 3.050326e+00
vertex 1.876961e+01 1.245395e+00 3.371704e+00
endloop
endfacet
facet normal 0 0 0
outer loop
vertex 4.365448e+01 2.522883e+00 -2.345047e+01
vertex 4.420310e+01 2.237113e+00 -2.277510e+01
vertex 4.392978e+01 2.375218e+00 -2.348345e+01
endloop
endfacet
facet normal 0 0 0
outer loop
vertex 4.397093e+01 2.522883e+00 -2.250860e+01
vertex 4.420310e+01 2.237113e+00 -2.277510e+01
vertex 4.365448e+01 2.522883e+00 -2.345047e+01
endloop
endfacet
facet normal 0 0 0
outer loop
vertex 3.851858e+01 -2.374313e+00 -3.126534e+01
vertex 3.791762e+01 -2.391438e+00 -3.174934e+01
vertex 3.805092e+01 -2.237933e+00 -3.180825e+01
endloop
endfacet
facet normal 0 0 0
outer loop
vertex 3.734963e+01 -2.391438e+00 -3.222148e+01
vertex 3.805092e+01 -2.237933e+00 -3.180825e+01
vertex 3.791762e+01 -2.391438e+00 -3.174934e+01
endloop
endfacet
facet normal 0 0 0
outer loop
vertex 6.520824e+00 1.060485e+00 -2.497416e+01
vertex 7.133854e+00 2.156511e+00 -2.577036e+01
vertex 6.685349e+00 -2.652789e-02 -2.575575e+01
endloop
endfacet
facet normal 0 0 0
outer loop
vertex 6.706504e+00 2.156511e+00 -2.486681e+01
vertex 7.133854e+00 2.156511e+00 -2.577036e+01
vertex 6.520824e+00 1.060485e+00 -2.497416e+01
endloop
endfacet
facet normal 0 0 0
outer loop
vertex 4.234279e+01 2.525200e+00 -2.607852e+01
vertex 4.135644e+01 2.540000e+00 -2.599431e+01
vertex 4.175988e+01 2.540000e+00 -2.496847e+01
endloop
endfacet
facet normal 0 0 0
outer loop
vertex 1.013134e+01 2.140998e+00 -2.995699e+01
vertex 1.069487e+01 2.156511e+00 -3.057183e+01
vertex 1.040001e+01 1.205445e+00 -3.052824e+01
endloop
endfacet
facet normal 0 0 0
outer loop
vertex 4.248896e+01 2.540000e+00 -2.426643e+01
vertex 4.175988e+01 2.540000e+00 -2.496847e+01
vertex 4.192182e+01 2.540000e+00 -2.380487e+01
endloop
endfacet
facet normal 0 0 0
outer loop
vertex 4.509960e+01 1.999060e+00 -2.024061e+01
vertex 4.435777e+01 2.544018e+00 -2.055931e+01
vertex 4.458342e+01 2.542937e+00 -1.960150e+01
endloop
endfacet
facet normal 0 0 0
outer loop
vertex 4.450639e+01 2.365116e+00 -2.091132e+01
vertex 4.509960e+01 1.999060e+00 -2.024061e+01
vertex 4.480725e+01 2.217602e+00 -2.095025e+01
endloop
endfacet
facet normal 0 0 0
outer loop
vertex 4.458342e+01 2.542937e+00 -1.960150e+01
vertex 4.498733e+01 2.391438e+00 -1.967478e+01
vertex 4.509960e+01 1.999060e+00 -2.024061e+01
endloop
endfacet
facet normal 0 0 0
outer loop
vertex 4.509960e+01 1.999060e+00 -2.024061e+01
vertex 4.450639e+01 2.365116e+00 -2.091132e+01
vertex 4.435777e+01 2.544018e+00 -2.055931e+01
endloop
endfacet
facet normal 0 0 0
outer loop
vertex 1.260907e+01 2.540000e+00 -8.868797e+00
vertex 1.377743e+01 2.540000e+00 -1.016952e+01
vertex 1.229434e+01 2.540000e+00 -1.044635e+01
endloop
endfacet
facet normal 0 0 0
outer loop
vertex 2.213876e+01 -2.531442e+00 -3.580647e+01
vertex 2.258130e+01 -2.391438e+00 -3.619900e+01
vertex 2.410884e+01 -2.531442e+00 -3.600360e+01
endloop
endfacet
facet normal 0 0 0
outer loop
vertex 5.342367e+00 -2.540000e+00 -1.567521e+01
vertex 5.102318e+00 -2.455178e+00 -1.553348e+01
vertex 4.903458e+00 -2.391438e+00 -1.616790e+01
endloop
endfacet
facet normal 0 0 0
outer loop
vertex 4.903458e+00 -2.391438e+00 -1.616790e+01
vertex 5.102318e+00 -2.455178e+00 -1.553348e+01
vertex 4.927964e+00 -2.196953e+00 -1.553367e+01
endloop
endfacet
facet normal 0 0 0
outer loop
vertex 4.903458e+00 2.391438e+00 -1.616790e+01
vertex 5.342367e+00 2.540000e+00 -1.666059e+01
vertex 5.132099e+00 2.464723e+00 -1.689733e+01
endloop
endfacet
facet normal 0 0 0
outer loop
vertex 4.926890e+00 2.189805e+00 -1.694890e+01
vertex 4.903458e+00 2.391438e+00 -1.616790e+01
vertex 5.132099e+00 2.464723e+00 -1.689733e+01
endloop
endfacet
facet normal 0 0 0
outer loop
vertex 2.765473e+01 2.540000e+00 -3.612734e-01
vertex 2.942460e+01 2.540000e+00 -7.903531e-01
vertex 2.866523e+01 2.540000e+00 -1.975566e+00
endloop
endfacet
facet normal 0 0 0
outer loop
vertex 9.628567e+00 2.540000e+00 -2.850500e+01
vertex 1.057057e+01 2.540000e+00 -2.819439e+01
vertex 1.028119e+01 2.540000e+00 -2.924452e+01
endloop
endfacet
facet normal 0 0 0
outer loop
vertex 4.206341e+01 2.391438e+00 -2.712481e+01
vertex 4.199964e+01 1.964817e+00 -2.762090e+01
vertex 4.184355e+01 2.522883e+00 -2.698281e+01
endloop
endfacet
facet normal 0 0 0
outer loop
vertex 4.184355e+01 2.522883e+00 -2.698281e+01
vertex 4.199964e+01 1.964817e+00 -2.762090e+01
vertex 4.125442e+01 2.534881e+00 -2.777407e+01
endloop
endfacet
facet normal 0 0 0
outer loop
vertex 2.436116e+01 2.540000e+00 -6.235510e-01
vertex 2.596540e+01 2.540000e+00 -1.547246e+00
vertex 2.435758e+01 2.540000e+00 -1.956209e+00
endloop
endfacet
facet normal 0 0 0
outer loop
vertex 4.169898e+01 -2.380942e+00 -2.767797e+01
vertex 4.232339e+01 -2.403200e+00 -2.664753e+01
vertex 4.165955e+01 -2.540000e+00 -2.684514e+01
endloop
endfacet
facet normal 0 0 0
outer loop
vertex 8.467160e+00 2.540000e+00 -2.542669e+01
vertex 8.818475e+00 2.540000e+00 -2.603894e+01
vertex 7.983908e+00 2.540000e+00 -2.604919e+01
endloop
endfacet
facet normal 0 0 0
outer loop
vertex 3.854317e+01 2.392230e+00 -1.110927e+00
vertex 3.937497e+01 2.397415e+00 -1.908287e+00
vertex 3.855750e+01 2.540000e+00 -1.662876e+00
endloop
endfacet
facet normal 0 0 0
outer loop
vertex 2.413135e+01 -2.323789e+00 4.041198e+00
vertex 2.409803e+01 -2.509133e+00 3.754327e+00
vertex 2.490139e+01 -2.325167e+00 4.080268e+00
endloop
endfacet
facet normal 0 0 0
outer loop
vertex 4.192182e+01 2.540000e+00 -2.380487e+01
vertex 4.299413e+01 2.540000e+00 -2.291560e+01
vertex 4.285411e+01 2.540000e+00 -2.370735e+01
endloop
endfacet
facet normal 0 0 0
outer loop
vertex 3.410465e+01 -2.540000e+00 -2.066432e+01
vertex 3.408734e+01 -2.540000e+00 -1.885453e+01
vertex 3.293121e+01 -2.540000e+00 -2.010551e+01
endloop
endfacet
facet normal 0 0 0
outer loop
vertex 1.623856e+01 2.410660e+00 -3.423311e+01
vertex 1.548343e+01 2.391438e+00 -3.392145e+01
vertex 1.566883e+01 2.531442e+00 -3.364660e+01
endloop
endfacet
facet normal 0 0 0
outer loop
vertex 1.623856e+01 2.410660e+00 -3.423311e+01
vertex 1.566883e+01 2.531442e+00 -3.364660e+01
vertex 1.654849e+01 2.540000e+00 -3.394158e+01
endloop
endfacet
facet normal 0 0 0
outer loop
vertex 1.111119e+01 2.409698e+00 -1.656200e+00
vertex 1.067992e+01 2.085889e+00 -1.749015e+00
vertex 1.136755e+01 2.015267e+00 -1.097284e+00
endloop
endfacet
facet normal 0 0 0
outer loop
vertex 2.575233e+01 -2.540000e+00 -1.126284e+00
vertex 2.456355e+01 -2.540000e+00 -2.090827e+00
vertex 2.601904e+01 -2.540000e+00 -2.342563e+00
endloop
endfacet
facet normal 0 0 0
outer loop
vertex 1.729536e+01 2.085889e+00 -3.500708e+01
vertex 1.717152e+01 1.070259e+00 -3.515344e+01
vertex 1.627813e+01 1.064387e+00 -3.474244e+01
endloop
endfacet
facet normal 0 0 0
outer loop
vertex 2.415683e+01 -2.540000e+00 -6.779760e-01
vertex 2.456355e+01 -2.540000e+00 -2.090827e+00
vertex 2.575233e+01 -2.540000e+00 -1.126284e+00
endloop
endfacet
facet normal 0 0 0
outer loop
vertex 1.639086e+01 2.085889e+00 -3.457929e+01
vertex 1.729536e+01 2.085889e+00 -3.500708e+01
vertex 1.627813e+01 1.064387e+00 -3.474244e+01
endloop
endfacet
facet normal 0 0 0
outer loop
vertex 7.882581e+00 2.465719e+00 -2.629564e+01
vertex 7.647710e+00 2.156511e+00 -2.662768e+01
vertex 7.133854e+00 2.156511e+00 -2.577036e+01
endloop
endfacet
facet normal 0 0 0
outer loop
vertex 7.288099e+00 2.391438e+00 -2.568792e+01
vertex 7.882581e+00 2.465719e+00 -2.629564e+01
vertex 7.133854e+00 2.156511e+00 -2.577036e+01
endloop
endfacet
facet normal 0 0 0
outer loop
vertex 5.113303e+00 -2.202767e+00 -1.343189e+01
vertex 4.784567e+00 -2.015267e+00 -1.416712e+01
vertex 5.000704e+00 -2.391438e+00 -1.418841e+01
endloop
endfacet
facet normal 0 0 0
outer loop
vertex 4.784567e+00 -2.015267e+00 -1.416712e+01
vertex 5.113303e+00 -2.202767e+00 -1.343189e+01
vertex 4.931532e+00 -2.015267e+00 -1.317637e+01
endloop
endfacet
facet normal 0 0 0
outer loop
vertex 2.381569e+01 1.095868e+00 -3.668798e+01
vertex 2.411191e+01 2.171943e+00 -3.646946e+01
vertex 2.448774e+01 1.547996e+00 -3.663441e+01
endloop
endfacet
facet normal 0 0 0
outer loop
vertex 2.481006e+01 1.033582e+00 -3.674839e+01
vertex 2.381569e+01 1.095868e+00 -3.668798e+01
vertex 2.448774e+01 1.547996e+00 -3.663441e+01
endloop
endfacet
facet normal 0 0 0
outer loop
vertex 1.623856e+01 2.410660e+00 -3.423311e+01
vertex 1.548637e+01 2.085889e+00 -3.415149e+01
vertex 1.548343e+01 2.391438e+00 -3.392145e+01
endloop
endfacet
facet normal 0 0 0
outer loop
vertex 1.639086e+01 2.085889e+00 -3.457929e+01
vertex 1.548637e+01 2.085889e+00 -3.415149e+01
vertex 1.623856e+01 2.410660e+00 -3.423311e+01
endloop
endfacet
facet normal 0 0 0
outer loop
vertex 3.168891e+01 -2.391438e+00 -3.523964e+01
vertex 3.189146e+01 -2.531442e+00 -3.483057e+01
vertex 3.096120e+01 -2.391438e+00 -3.549364e+01
endloop
endfacet
facet normal 0 0 0
outer loop
vertex 1.067992e+01 2.085889e+00 -1.749015e+00
vertex 9.978268e+00 1.887188e+00 -2.457109e+00
vertex 1.048361e+01 1.087668e+00 -1.686177e+00
endloop
endfacet
facet normal 0 0 0
outer loop
vertex 3.958252e+01 2.540000e+00 -2.079082e+01
vertex 4.113196e+01 2.532816e+00 -2.047273e+01
vertex 4.079478e+01 2.540000e+00 -2.245236e+01
endloop
endfacet
facet normal 0 0 0
outer loop
vertex 9.573296e+00 -2.540475e+00 -1.534929e+01
vertex 8.407562e+00 -2.540000e+00 -1.390339e+01
vertex 8.243367e+00 -2.540000e+00 -1.525755e+01
endloop
endfacet
facet normal 0 0 0
outer loop
vertex 8.243367e+00 -2.540000e+00 -1.525755e+01
vertex 7.285965e+00 -2.540000e+00 -1.441077e+01
vertex 6.725151e+00 -2.540000e+00 -1.527834e+01
endloop
endfacet
facet normal 0 0 0
outer loop
vertex 1.478639e+01 -2.405944e+00 1.122245e+00
vertex 1.378170e+01 -2.156511e+00 7.693348e-01
vertex 1.387887e+01 -2.391438e+00 6.239128e-01
endloop
endfacet
facet normal 0 0 0
outer loop
vertex 1.378170e+01 -2.156511e+00 7.693348e-01
vertex 1.478639e+01 -2.405944e+00 1.122245e+00
vertex 1.463404e+01 -2.121200e+00 1.292514e+00
endloop
endfacet
facet normal 0 0 0
outer loop
vertex 4.392490e+01 -1.995353e+00 -8.278635e+00
vertex 4.405023e+01 -1.003780e+00 -8.142895e+00
vertex 4.376911e+01 -1.505087e+00 -7.733333e+00
endloop
endfacet
facet normal 0 0 0
outer loop
vertex 7.882581e+00 2.465719e+00 -2.629564e+01
vertex 7.983908e+00 2.540000e+00 -2.604919e+01
vertex 8.477062e+00 2.540000e+00 -2.690336e+01
endloop
endfacet
facet normal 0 0 0
outer loop
vertex 2.968332e+01 2.364630e+00 3.513782e+00
vertex 3.004753e+01 2.085889e+00 3.588552e+00
vertex 3.064246e+01 2.412112e+00 3.203988e+00
endloop
endfacet
facet normal 0 0 0
outer loop
vertex 3.387962e+01 -2.540000e+00 -3.281752e+01
vertex 3.374767e+01 -2.522883e+00 -3.412746e+01
vertex 3.446011e+01 -2.540000e+00 -3.350322e+01
endloop
endfacet
facet normal 0 0 0
outer loop
vertex 5.358641e+00 2.401417e+00 -1.200872e+01
vertex 5.120098e+00 2.352599e+00 -1.310590e+01
vertex 5.099234e+00 2.085889e+00 -1.218974e+01
endloop
endfacet
facet normal 0 0 0
outer loop
vertex 5.120098e+00 2.352599e+00 -1.310590e+01
vertex 5.358641e+00 2.401417e+00 -1.200872e+01
vertex 5.646629e+00 2.540000e+00 -1.267851e+01
endloop
endfacet
facet normal 0 0 0
outer loop
vertex 2.497471e+01 -1.119223e+00 4.397532e+00
vertex 2.509880e+01 -2.085889e+00 4.223482e+00
vertex 2.585008e+01 -1.074803e+00 4.378570e+00
endloop
endfacet
facet normal 0 0 0
outer loop
vertex 2.509880e+01 -2.085889e+00 4.223482e+00
vertex 2.610605e+01 -2.085889e+00 4.173604e+00
vertex 2.585008e+01 -1.074803e+00 4.378570e+00
endloop
endfacet
facet normal 0 0 0
outer loop
vertex 3.128218e+01 -2.540000e+00 -2.268669e+01
vertex 3.001719e+01 -2.540000e+00 -2.328120e+01
vertex 3.095146e+01 -2.540000e+00 -2.413200e+01
endloop
endfacet
facet normal 0 0 0
outer loop
vertex 2.024388e+01 -2.533455e+00 3.063011e+00
vertex 2.020890e+01 -2.540000e+00 1.608920e+00
vertex 2.083988e+01 -2.540000e+00 2.297367e+00
endloop
endfacet
facet normal 0 0 0
outer loop
vertex 6.041879e+00 2.540000e+00 -1.789112e+01
vertex 5.489598e+00 2.540000e+00 -1.862525e+01
vertex 5.384313e+00 2.540000e+00 -1.758931e+01
endloop
endfacet
facet normal 0 0 0
outer loop
vertex 5.639215e+00 -1.559234e+00 -9.793407e+00
vertex 5.605698e+00 -2.156511e+00 -1.025473e+01
vertex 5.912716e+00 -2.096913e+00 -9.343773e+00
endloop
endfacet
facet normal 0 0 0
outer loop
vertex 1.217606e+01 2.156511e+00 -3.191431e+01
vertex 1.228701e+01 2.391438e+00 -3.177911e+01
vertex 1.295382e+01 2.306012e+00 -3.221247e+01
endloop
endfacet
facet normal 0 0 0
outer loop
vertex 2.892459e+01 2.539538e+00 -3.558105e+01
vertex 2.830630e+01 2.391438e+00 -3.608252e+01
vertex 2.806606e+01 2.522883e+00 -3.585437e+01
endloop
endfacet
facet normal 0 0 0
outer loop
vertex 8.740017e+00 2.085889e+00 -4.035399e+00
vertex 9.123453e+00 1.042944e+00 -3.195165e+00
vertex 9.336048e+00 2.085889e+00 -3.231744e+00
endloop
endfacet
facet normal 0 0 0
outer loop
vertex 1.310701e+01 -2.531442e+00 -3.199927e+01
vertex 1.261597e+01 -2.391438e+00 -3.203852e+01
vertex 1.335663e+01 -2.390346e+00 -3.258894e+01
endloop
endfacet
facet normal 0 0 0
outer loop
vertex 2.119836e+01 -2.535468e+00 3.302242e+00
vertex 2.024388e+01 -2.533455e+00 3.063011e+00
vertex 2.083988e+01 -2.540000e+00 2.297367e+00
endloop
endfacet
facet normal 0 0 0
outer loop
vertex 5.000704e+00 -2.391438e+00 -1.814739e+01
vertex 5.392540e+00 -2.531442e+00 -1.863741e+01
vertex 5.504069e+00 -2.540000e+00 -1.762481e+01
endloop
endfacet
facet normal 0 0 0
outer loop
vertex 5.391769e+00 -1.042944e+00 -2.209679e+01
vertex 5.585464e+00 -2.085889e+00 -2.208721e+01
vertex 5.342349e+00 -2.085889e+00 -2.111663e+01
endloop
endfacet
facet normal 0 0 0
outer loop
vertex 1.555122e+01 -2.540000e+00 2.299221e-01
vertex 1.473448e+01 -2.540000e+00 6.048030e-01
vertex 1.471553e+01 -2.540000e+00 -6.433325e-02
endloop
endfacet
facet normal 0 0 0
outer loop
vertex 2.704748e+01 -2.540000e+00 -3.583418e+01
vertex 2.608876e+01 -2.531442e+00 -3.600360e+01
vertex 2.662081e+01 -2.391438e+00 -3.629992e+01
endloop
endfacet
facet normal 0 0 0
outer loop
vertex 2.958945e+01 2.391438e+00 -3.583830e+01
vertex 2.967748e+01 2.510621e+00 -3.557130e+01
vertex 3.047164e+01 2.320185e+00 -3.565695e+01
endloop
endfacet
facet normal 0 0 0
outer loop
vertex 9.628567e+00 -2.540000e+00 -3.830800e+00
vertex 9.052814e+00 -2.540000e+00 -4.631622e+00
vertex 1.006658e+01 -2.540000e+00 -4.827890e+00
endloop
endfacet
facet normal 0 0 0
outer loop
vertex 1.335663e+01 -2.390346e+00 -3.258894e+01
vertex 1.283995e+01 -1.946671e+00 -3.247486e+01
vertex 1.376996e+01 -2.085889e+00 -3.312271e+01
endloop
endfacet
facet normal 0 0 0
outer loop
vertex 3.561023e+01 -2.050578e+00 1.291253e+00
vertex 3.483891e+01 -2.345643e+00 1.555441e+00
vertex 3.559835e+01 -2.203352e+00 1.186290e+00
endloop
endfacet
facet normal 0 0 0
outer loop
vertex 4.352632e+01 -2.391438e+00 -2.442926e+01
vertex 4.320167e+01 -2.531442e+00 -2.433622e+01
vertex 4.275003e+01 -2.531442e+00 -2.521716e+01
endloop
endfacet
facet normal 0 0 0
outer loop
vertex 5.293066e+00 -2.462462e+00 -1.349208e+01
vertex 5.113303e+00 -2.202767e+00 -1.343189e+01
vertex 5.000704e+00 -2.391438e+00 -1.418841e+01
endloop
endfacet
facet normal 0 0 0
outer loop
vertex 4.487982e+01 -2.540000e+00 -1.666121e+01
vertex 4.484244e+01 -2.535721e+00 -1.764931e+01
vertex 4.528504e+01 -2.391438e+00 -1.671721e+01
endloop
endfacet
facet normal 0 0 0
outer loop
vertex 5.087793e+00 2.190675e+00 -1.882744e+01
vertex 4.784567e+00 2.015267e+00 -1.816868e+01
vertex 5.000704e+00 2.391438e+00 -1.814739e+01
endloop
endfacet
facet normal 0 0 0
outer loop
vertex 7.490753e+00 2.540000e+00 -2.519502e+01
vertex 7.133854e+00 2.156511e+00 -2.577036e+01
vertex 6.706504e+00 2.156511e+00 -2.486681e+01
endloop
endfacet
facet normal 0 0 0
outer loop
vertex 7.133854e+00 2.156511e+00 -2.577036e+01
vertex 7.490753e+00 2.540000e+00 -2.519502e+01
vertex 7.288099e+00 2.391438e+00 -2.568792e+01
endloop
endfacet
facet normal 0 0 0
outer loop
vertex 7.490753e+00 2.540000e+00 -2.519502e+01
vertex 6.706504e+00 2.156511e+00 -2.486681e+01
vertex 6.932404e+00 2.407009e+00 -2.457236e+01
endloop
endfacet
facet normal 0 0 0
outer loop
vertex 1.191031e+01 2.399387e+00 -9.064872e-01
vertex 1.159269e+01 2.532684e+00 -1.612362e+00
vertex 1.111119e+01 2.409698e+00 -1.656200e+00
endloop
endfacet
facet normal 0 0 0
outer loop
vertex 2.783122e+01 2.540000e+00 -4.972694e+00
vertex 2.888359e+01 2.540000e+00 -6.154752e+00
vertex 2.743068e+01 2.540000e+00 -6.101297e+00
endloop
endfacet
facet normal 0 0 0
outer loop
vertex 3.128077e+01 2.540000e+00 -3.428928e+00
vertex 3.128631e+01 2.540000e+00 -4.843923e+00
vertex 2.979500e+01 2.540000e+00 -3.462569e+00
endloop
endfacet
facet normal 0 0 0
outer loop
vertex 3.128077e+01 2.540000e+00 -3.428928e+00
vertex 3.197805e+01 2.540000e+00 -1.957377e+00
vertex 3.261869e+01 2.540000e+00 -3.437894e+00
endloop
endfacet
facet normal 0 0 0
outer loop
vertex 2.979500e+01 2.540000e+00 -3.462569e+00
vertex 2.807415e+01 2.540000e+00 -3.557477e+00
vertex 2.866523e+01 2.540000e+00 -1.975566e+00
endloop
endfacet
facet normal 0 0 0
outer loop
vertex 3.592957e+01 -1.586690e+00 1.203624e+00
vertex 3.643939e+01 -2.015267e+00 8.044949e-01
vertex 3.628041e+01 -9.934608e-01 1.119650e+00
endloop
endfacet
facet normal 0 0 0
outer loop
vertex 1.548431e+01 2.540000e+00 -3.266809e+01
vertex 1.543851e+01 2.540000e+00 -3.176640e+01
vertex 1.474138e+01 2.540000e+00 -3.222983e+01
endloop
endfacet
facet normal 0 0 0
outer loop
vertex 7.496617e+00 1.056420e+00 -5.541822e+00
vertex 8.143986e+00 2.085889e+00 -4.839055e+00
vertex 7.636844e+00 1.942268e+00 -5.618497e+00
endloop
endfacet
facet normal 0 0 0
outer loop
vertex 2.033083e+01 -2.391438e+00 3.426433e+00
vertex 2.119836e+01 -2.535468e+00 3.302242e+00
vertex 2.138137e+01 -2.399930e+00 3.655324e+00
endloop
endfacet
facet normal 0 0 0
outer loop
vertex 3.463213e+01 -2.522883e+00 1.338230e+00
vertex 3.483891e+01 -2.345643e+00 1.555441e+00
vertex 3.389382e+01 -2.391438e+00 1.983917e+00
endloop
endfacet
facet normal 0 0 0
outer loop
vertex 1.281662e+01 -2.540000e+00 -2.987640e+00
vertex 1.232936e+01 -2.540000e+00 -1.954416e+00
vertex 1.168568e+01 -2.540000e+00 -2.604854e+00
endloop
endfacet
facet normal 0 0 0
outer loop
vertex 4.686275e+00 2.015267e+00 -1.616790e+01
vertex 5.317778e+00 2.540000e+00 -1.567459e+01
vertex 4.903458e+00 2.391438e+00 -1.616790e+01
endloop
endfacet
facet normal 0 0 0
outer loop
vertex 4.686275e+00 2.015267e+00 -1.616790e+01
vertex 4.784567e+00 2.015267e+00 -1.416712e+01
vertex 5.317778e+00 2.540000e+00 -1.567459e+01
endloop
endfacet
facet normal 0 0 0
outer loop
vertex 3.382839e+01 -1.858095e+00 -3.462492e+01
vertex 3.334683e+01 -2.391438e+00 -3.459346e+01
vertex 3.289415e+01 -2.156511e+00 -3.498755e+01
endloop
endfacet
facet normal 0 0 0
outer loop
vertex 2.546133e+01 -2.404912e+00 -3.632737e+01
vertex 2.609712e+01 -2.121200e+00 -3.649967e+01
vertex 2.662081e+01 -2.391438e+00 -3.629992e+01
endloop
endfacet
facet normal 0 0 0
outer loop
vertex 5.662039e+00 -1.582072e+00 -2.256101e+01
vertex 5.855939e+00 -1.900783e+00 -2.296664e+01
vertex 5.585464e+00 -2.085889e+00 -2.208721e+01
endloop
endfacet
facet normal 0 0 0
outer loop
vertex 1.092871e+01 2.540000e+00 -3.709334e+00
vertex 1.004078e+01 2.540000e+00 -4.709649e+00
vertex 9.590622e+00 2.531442e+00 -3.800540e+00
endloop
endfacet
facet normal 0 0 0
outer loop
vertex 4.283391e+01 2.409580e+00 -6.586215e+00
vertex 4.260077e+01 2.540000e+00 -7.142545e+00
vertex 4.229840e+01 2.531442e+00 -6.237704e+00
endloop
endfacet
facet normal 0 0 0
outer loop
vertex 7.965505e+00 1.021020e+00 -4.757658e+00
vertex 8.143986e+00 2.085889e+00 -4.839055e+00
vertex 7.496617e+00 1.056420e+00 -5.541822e+00
endloop
endfacet
facet normal 0 0 0
outer loop
vertex 1.037002e+01 -2.540000e+00 -3.192148e+00
vertex 1.033973e+01 -2.540000e+00 -4.000985e+00
vertex 1.107043e+01 -2.540000e+00 -3.274335e+00
endloop
endfacet
facet normal 0 0 0
outer loop
vertex 2.409841e+01 -2.050578e+00 4.184908e+00
vertex 2.490139e+01 -2.325167e+00 4.080268e+00
vertex 2.509880e+01 -2.085889e+00 4.223482e+00
endloop
endfacet
facet normal 0 0 0
outer loop
vertex 2.433291e+01 2.540000e+00 -6.946666e+00
vertex 2.429910e+01 2.538372e+00 -8.293757e+00
vertex 2.334042e+01 2.540000e+00 -8.072992e+00
endloop
endfacet
facet normal 0 0 0
outer loop
vertex 5.344622e+00 -2.401825e+00 -1.212875e+01
vertex 5.671348e+00 -2.465719e+00 -1.151836e+01
vertex 5.119970e+00 -2.156511e+00 -1.219386e+01
endloop
endfacet
facet normal 0 0 0
outer loop
vertex 5.280308e+00 2.459363e+00 -1.881333e+01
vertex 5.087793e+00 2.190675e+00 -1.882744e+01
vertex 5.000704e+00 2.391438e+00 -1.814739e+01
endloop
endfacet
facet normal 0 0 0
outer loop
vertex 5.362834e+00 -2.156511e+00 -1.122430e+01
vertex 5.078497e+00 -2.015267e+00 -1.218561e+01
vertex 5.119970e+00 -2.156511e+00 -1.219386e+01
endloop
endfacet
facet normal 0 0 0
outer loop
vertex 2.100582e+01 1.106204e+00 -3.632426e+01
vertex 2.211243e+01 2.121200e+00 -3.630391e+01
vertex 2.206658e+01 1.034144e+00 -3.651255e+01
endloop
endfacet
facet normal 0 0 0
outer loop
vertex 3.196018e+01 2.085889e+00 3.008358e+00
vertex 3.174513e+01 1.071388e+00 3.294884e+00
vertex 3.263330e+01 1.233451e+00 2.944958e+00
endloop
endfacet
facet normal 0 0 0
outer loop
vertex 4.320167e+01 2.531442e+00 -7.999577e+00
vertex 4.322300e+01 2.391438e+00 -7.284840e+00
vertex 4.358246e+01 2.405123e+00 -8.104944e+00
endloop
endfacet
facet normal 0 0 0
outer loop
vertex 4.498733e+01 -2.391438e+00 -1.266102e+01
vertex 4.511910e+01 -2.015267e+00 -1.218561e+01
vertex 4.458536e+01 -2.540000e+00 -1.273189e+01
endloop
endfacet
facet normal 0 0 0
outer loop
vertex 1.297888e+01 2.156511e+00 -3.250972e+01
vertex 1.217606e+01 2.156511e+00 -3.191431e+01
vertex 1.295382e+01 2.306012e+00 -3.221247e+01
endloop
endfacet
facet normal 0 0 0
outer loop
vertex 2.563751e+01 2.437366e+00 -3.626653e+01
vertex 2.447982e+01 2.408057e+00 -3.630757e+01
vertex 2.461034e+01 2.533581e+00 -3.593682e+01
endloop
endfacet
facet normal 0 0 0
outer loop
vertex 2.918200e+01 2.525310e+00 -3.466916e+01
vertex 2.892459e+01 2.539538e+00 -3.558105e+01
vertex 2.837379e+01 2.540000e+00 -3.500205e+01
endloop
endfacet
facet normal 0 0 0
outer loop
vertex 1.297888e+01 -2.156511e+00 1.739216e-01
vertex 1.395229e+01 -2.540000e+00 1.810284e-01
vertex 1.378170e+01 -2.156511e+00 7.693348e-01
endloop
endfacet
facet normal 0 0 0
outer loop
vertex 1.378170e+01 -2.156511e+00 7.693348e-01
vertex 1.395229e+01 -2.540000e+00 1.810284e-01
vertex 1.387887e+01 -2.391438e+00 6.239128e-01
endloop
endfacet
facet normal 0 0 0
outer loop
vertex 1.292257e+01 -2.389971e+00 -2.274859e-01
vertex 1.395229e+01 -2.540000e+00 1.810284e-01
vertex 1.297888e+01 -2.156511e+00 1.739216e-01
endloop
endfacet
facet normal 0 0 0
outer loop
vertex 7.983908e+00 -2.540000e+00 -6.286613e+00
vertex 8.358095e+00 -2.540000e+00 -7.138228e+00
vertex 8.732349e+00 -2.540000e+00 -6.245471e+00
endloop
endfacet
facet normal 0 0 0
outer loop
vertex 8.756979e+00 2.156511e+00 -2.828782e+01
vertex 9.352392e+00 2.156511e+00 -2.909064e+01
vertex 9.102581e+00 1.269731e+00 -2.905110e+01
endloop
endfacet
facet normal 0 0 0
outer loop
vertex 2.572227e+01 -2.540000e+00 3.253259e+00
vertex 2.730799e+01 -2.522883e+00 3.632829e+00
vertex 2.617129e+01 -2.516993e+00 3.728372e+00
endloop
endfacet
facet normal 0 0 0
outer loop
vertex 8.756979e+00 -2.156511e+00 -4.047979e+00
vertex 9.352392e+00 -2.156511e+00 -3.245157e+00
vertex 9.104939e+00 -1.214694e+00 -3.264814e+00
endloop
endfacet
facet normal 0 0 0
outer loop
vertex 1.151906e+01 -2.426387e+00 -1.466438e+00
vertex 1.165684e+01 -2.540000e+00 -1.680907e+00
vertex 1.237985e+01 -2.540000e+00 -1.010047e+00
endloop
endfacet
facet normal 0 0 0
outer loop
vertex 1.725743e+01 2.540000e+00 -2.815055e+01
vertex 1.757498e+01 2.540000e+00 -3.029614e+01
vertex 1.595325e+01 2.540000e+00 -2.892907e+01
endloop
endfacet
facet normal 0 0 0
outer loop
vertex 1.725743e+01 2.540000e+00 -2.815055e+01
vertex 1.876086e+01 2.540000e+00 -2.919141e+01
vertex 1.757498e+01 2.540000e+00 -3.029614e+01
endloop
endfacet
facet normal 0 0 0
outer loop
vertex 1.535452e+01 2.540000e+00 -1.576994e+01
vertex 1.496461e+01 2.540000e+00 -1.766964e+01
vertex 1.421872e+01 2.540000e+00 -1.674903e+01
endloop
endfacet
facet normal 0 0 0
outer loop
vertex 1.610172e+01 2.540000e+00 -1.698696e+01
vertex 1.496461e+01 2.540000e+00 -1.766964e+01
vertex 1.535452e+01 2.540000e+00 -1.576994e+01
endloop
endfacet
facet normal 0 0 0
outer loop
vertex 2.022290e+01 2.540000e+00 -1.725351e+01
vertex 1.888490e+01 2.540000e+00 -1.777152e+01
vertex 1.923426e+01 2.540000e+00 -1.593220e+01
endloop
endfacet
facet normal 0 0 0
outer loop
vertex 2.354628e+01 2.540000e+00 -1.608552e+01
vertex 2.339019e+01 2.540000e+00 -1.798826e+01
vertex 2.235092e+01 2.540000e+00 -1.704051e+01
endloop
endfacet
facet normal 0 0 0
outer loop
vertex 2.469749e+01 2.540000e+00 -1.707711e+01
vertex 2.339019e+01 2.540000e+00 -1.798826e+01
vertex 2.354628e+01 2.540000e+00 -1.608552e+01
endloop
endfacet
facet normal 0 0 0
outer loop
vertex 3.188390e+01 -2.537290e+00 2.455544e+00
vertex 3.204444e+01 -2.397857e+00 2.755231e+00
vertex 3.095452e+01 -2.543138e+00 2.778109e+00
endloop
endfacet
facet normal 0 0 0
outer loop
vertex 1.143970e+01 -1.869046e+00 -3.133984e+01
vertex 1.189610e+01 -2.391438e+00 -3.143790e+01
vertex 1.116948e+01 -2.391438e+00 -3.078622e+01
endloop
endfacet
facet normal 0 0 0
outer loop
vertex 3.941961e+01 -1.167114e+00 -1.417886e+00
vertex 3.953263e+01 -2.015267e+00 -1.734065e+00
vertex 4.006767e+01 -1.008250e+00 -2.044268e+00
endloop
endfacet
facet normal 0 0 0
outer loop
vertex 1.376795e+01 -2.540000e+00 -1.523309e+01
vertex 1.525559e+01 -2.540000e+00 -1.614627e+01
vertex 1.472994e+01 -2.540000e+00 -1.416512e+01
endloop
endfacet
facet normal 0 0 0
outer loop
vertex 2.123695e+01 2.540000e+00 -3.454369e+01
vertex 2.248558e+01 2.540000e+00 -3.368459e+01
vertex 2.249821e+01 2.540000e+00 -3.496276e+01
endloop
endfacet
facet normal 0 0 0
outer loop
vertex 1.566883e+01 -2.531442e+00 1.310800e+00
vertex 1.655720e+01 -2.533641e+00 1.728682e+00
vertex 1.564596e+01 -2.404753e+00 1.641476e+00
endloop
endfacet
facet normal 0 0 0
outer loop
vertex 2.598173e+01 -2.339786e+00 4.032109e+00
vertex 2.528677e+01 -2.499180e+00 3.821458e+00
vertex 2.617129e+01 -2.516993e+00 3.728372e+00
endloop
endfacet
facet normal 0 0 0
outer loop
vertex 1.409824e+01 1.608336e+00 -3.343097e+01
vertex 1.378170e+01 2.156511e+00 -3.310513e+01
vertex 1.463404e+01 2.121200e+00 -3.362831e+01
endloop
endfacet
facet normal 0 0 0
outer loop
vertex 7.578924e+00 -2.540000e+00 -2.509780e+01
vertex 7.204685e+00 -2.391438e+00 -2.551844e+01
vertex 7.899196e+00 -2.531442e+00 -2.609810e+01
endloop
endfacet
facet normal 0 0 0
outer loop
vertex 6.440737e+00 2.391438e+00 -2.389632e+01
vertex 6.932404e+00 2.407009e+00 -2.457236e+01
vertex 6.279154e+00 2.156511e+00 -2.396325e+01
endloop
endfacet
facet normal 0 0 0
outer loop
vertex 4.523767e+01 -2.391438e+00 -1.465870e+01
vertex 4.551133e+01 -2.015267e+00 -1.616790e+01
vertex 4.546218e+01 -2.015267e+00 -1.516751e+01
endloop
endfacet
facet normal 0 0 0
outer loop
vertex 5.672783e+00 9.595355e-01 -9.383302e+00
vertex 5.585464e+00 2.085889e+00 -1.024859e+01
vertex 5.370330e+00 1.086334e+00 -1.033889e+01
endloop
endfacet
facet normal 0 0 0
outer loop
vertex 2.903406e+01 -2.531442e+00 3.298711e+00
vertex 2.999429e+01 -2.537290e+00 3.038410e+00
vertex 2.934166e+01 -2.391438e+00 3.565596e+00
endloop
endfacet
facet normal 0 0 0
outer loop
vertex 1.093382e+01 2.540000e+00 -2.998403e+01
vertex 1.165684e+01 2.540000e+00 -3.065489e+01
vertex 1.116886e+01 2.507766e+00 -3.043431e+01
endloop
endfacet
facet normal 0 0 0
outer loop
vertex 1.335663e+01 -2.390346e+00 -3.258894e+01
vertex 1.396224e+01 -2.540000e+00 -3.249384e+01
vertex 1.310701e+01 -2.531442e+00 -3.199927e+01
endloop
endfacet
facet normal 0 0 0
outer loop
vertex 3.381208e+01 1.868319e+00 2.294717e+00
vertex 3.321770e+01 2.355794e+00 2.344496e+00
vertex 3.290224e+01 2.085889e+00 2.671281e+00
endloop
endfacet
facet normal 0 0 0
outer loop
vertex 3.281327e+01 -2.531442e+00 2.132979e+00
vertex 3.332220e+01 -2.525098e+00 7.340227e-01
vertex 3.372270e+01 -2.527163e+00 1.735605e+00
endloop
endfacet
facet normal 0 0 0
outer loop
vertex 1.405548e+01 -2.540000e+00 -8.310168e-01
vertex 1.316607e+01 -2.540000e+00 -4.145093e-01
vertex 1.348620e+01 -2.540000e+00 -1.855569e+00
endloop
endfacet
facet normal 0 0 0
outer loop
vertex 1.376605e+01 -2.540000e+00 -2.479878e+01
vertex 1.404059e+01 -2.540000e+00 -2.374238e+01
vertex 1.253981e+01 -2.540000e+00 -2.481862e+01
endloop
endfacet
facet normal 0 0 0
outer loop
vertex 6.932404e+00 2.407009e+00 -2.457236e+01
vertex 6.706504e+00 2.156511e+00 -2.486681e+01
vertex 6.279154e+00 2.156511e+00 -2.396325e+01
endloop
endfacet
facet normal 0 0 0
outer loop
vertex 1.478639e+01 -2.405944e+00 1.122245e+00
vertex 1.566883e+01 -2.531442e+00 1.310800e+00
vertex 1.564596e+01 -2.404753e+00 1.641476e+00
endloop
endfacet
facet normal 0 0 0
outer loop
vertex 2.408184e+01 -2.540000e+00 2.818014e+00
vertex 2.409803e+01 -2.509133e+00 3.754327e+00
vertex 2.314403e+01 -2.538989e+00 3.656052e+00
endloop
endfacet
facet normal 0 0 0
outer loop
vertex 2.958945e+01 2.391438e+00 -3.583830e+01
vertex 3.047164e+01 2.320185e+00 -3.565695e+01
vertex 3.008586e+01 2.085889e+00 -3.591427e+01
endloop
endfacet
facet normal 0 0 0
outer loop
vertex 4.487982e+01 -2.540000e+00 -1.666121e+01
vertex 4.380628e+01 -2.540000e+00 -1.762297e+01
vertex 4.484244e+01 -2.535721e+00 -1.764931e+01
endloop
endfacet
facet normal 0 0 0
outer loop
vertex 1.954313e+01 -2.540000e+00 -2.532199e+01
vertex 2.057050e+01 -2.540000e+00 -2.441310e+01
vertex 1.894849e+01 -2.540000e+00 -2.395618e+01
endloop
endfacet
facet normal 0 0 0
outer loop
vertex 1.823059e+01 -2.540000e+00 -2.207724e+01
vertex 1.953791e+01 -2.540000e+00 -2.144690e+01
vertex 1.795516e+01 -2.540000e+00 -2.076089e+01
endloop
endfacet
facet normal 0 0 0
outer loop
vertex 1.048937e+01 2.540000e+00 -1.389008e+01
vertex 9.735907e+00 2.540000e+00 -1.230246e+01
vertex 1.114852e+01 2.540000e+00 -1.159477e+01
endloop
endfacet
facet normal 0 0 0
outer loop
vertex 1.191251e+01 2.540000e+00 -1.315752e+01
vertex 1.048937e+01 2.540000e+00 -1.389008e+01
vertex 1.114852e+01 2.540000e+00 -1.159477e+01
endloop
endfacet
facet normal 0 0 0
outer loop
vertex 4.232339e+01 -2.403200e+00 -2.664753e+01
vertex 4.256800e+01 -2.085889e+00 -2.663854e+01
vertex 4.276669e+01 -2.403415e+00 -2.589582e+01
endloop
endfacet
facet normal 0 0 0
outer loop
vertex 1.278136e+01 -1.163206e+00 -3.260950e+01
vertex 1.361991e+01 -1.104455e+00 -3.323655e+01
vertex 1.376996e+01 -2.085889e+00 -3.312271e+01
endloop
endfacet
facet normal 0 0 0
outer loop
vertex 1.376996e+01 -2.085889e+00 -3.312271e+01
vertex 1.361991e+01 -1.104455e+00 -3.323655e+01
vertex 1.439563e+01 -1.046825e+00 -3.372908e+01
endloop
endfacet
facet normal 0 0 0
outer loop
vertex 3.275545e+01 2.540000e+00 -3.347209e+01
vertex 3.215521e+01 2.540000e+00 -3.234623e+01
vertex 3.353215e+01 2.540000e+00 -3.278502e+01
endloop
endfacet
facet normal 0 0 0
outer loop
vertex 2.999429e+01 -2.537290e+00 3.038410e+00
vertex 3.020996e+01 -2.384906e+00 3.348467e+00
vertex 2.934166e+01 -2.391438e+00 3.565596e+00
endloop
endfacet
facet normal 0 0 0
outer loop
vertex 4.784567e+00 2.015267e+00 -1.816868e+01
vertex 4.735421e+00 2.015267e+00 -1.716829e+01
vertex 5.384313e+00 2.540000e+00 -1.758931e+01
endloop
endfacet
facet normal 0 0 0
outer loop
vertex 4.784567e+00 2.015267e+00 -1.816868e+01
vertex 5.384313e+00 2.540000e+00 -1.758931e+01
vertex 5.000704e+00 2.391438e+00 -1.814739e+01
endloop
endfacet
facet normal 0 0 0
outer loop
vertex 4.735421e+00 2.015267e+00 -1.716829e+01
vertex 4.926890e+00 2.189805e+00 -1.694890e+01
vertex 5.384313e+00 2.540000e+00 -1.758931e+01
endloop
endfacet
facet normal 0 0 0
outer loop
vertex 2.313680e+01 2.531442e+00 -3.593114e+01
vertex 2.322213e+01 2.391438e+00 -3.627105e+01
vertex 2.229596e+01 2.391438e+00 -3.613877e+01
endloop
endfacet
facet normal 0 0 0
outer loop
vertex 5.119970e+00 2.156511e+00 -2.014194e+01
vertex 5.291506e+00 2.391438e+00 -2.010782e+01
vertex 5.671348e+00 2.465719e+00 -2.081744e+01
endloop
endfacet
facet normal 0 0 0
outer loop
vertex 6.862741e+00 -2.398735e+00 -2.479080e+01
vertex 6.697181e+00 -2.121200e+00 -2.487179e+01
vertex 7.204685e+00 -2.391438e+00 -2.551844e+01
endloop
endfacet
facet normal 0 0 0
outer loop
vertex 2.211243e+01 2.121200e+00 -3.630391e+01
vertex 2.310010e+01 2.085889e+00 -3.646109e+01
vertex 2.206658e+01 1.034144e+00 -3.651255e+01
endloop
endfacet
facet normal 0 0 0
outer loop
vertex 2.206658e+01 1.034144e+00 -3.651255e+01
vertex 2.310010e+01 2.085889e+00 -3.646109e+01
vertex 2.300304e+01 1.125952e+00 -3.662470e+01
endloop
endfacet
facet normal 0 0 0
outer loop
vertex 3.786175e+01 -2.540000e+00 -3.582016e+00
vertex 3.773071e+01 -2.540000e+00 -2.137901e+00
vertex 3.635806e+01 -2.540000e+00 -2.748111e+00
endloop
endfacet
facet normal 0 0 0
outer loop
vertex 2.387357e+01 2.532511e+00 -3.593398e+01
vertex 2.313680e+01 2.531442e+00 -3.593114e+01
vertex 2.371931e+01 2.540000e+00 -3.484164e+01
endloop
endfacet
facet normal 0 0 0
outer loop
vertex 3.047164e+01 2.320185e+00 -3.565695e+01
vertex 3.106364e+01 2.085889e+00 -3.566731e+01
vertex 3.008586e+01 2.085889e+00 -3.591427e+01
endloop
endfacet
facet normal 0 0 0
outer loop
vertex 1.639491e+01 -2.121200e+00 2.233720e+00
vertex 1.548637e+01 -2.085889e+00 1.815693e+00
vertex 1.564596e+01 -2.404753e+00 1.641476e+00
endloop
endfacet
facet normal 0 0 0
outer loop
vertex 5.119970e+00 -2.156511e+00 -1.219386e+01
vertex 5.671348e+00 -2.465719e+00 -1.151836e+01
vertex 5.362834e+00 -2.156511e+00 -1.122430e+01
endloop
endfacet
facet normal 0 0 0
outer loop
vertex 1.376795e+01 -2.540000e+00 -1.523309e+01
vertex 1.224497e+01 -2.540000e+00 -1.529256e+01
vertex 1.287969e+01 -2.540000e+00 -1.680315e+01
endloop
endfacet
facet normal 0 0 0
outer loop
vertex 2.617129e+01 -2.516993e+00 3.728372e+00
vertex 2.572227e+01 -2.540000e+00 3.253259e+00
vertex 2.528677e+01 -2.499180e+00 3.821458e+00
endloop
endfacet
facet normal 0 0 0
outer loop
vertex 3.472514e+01 2.019909e+00 -3.416644e+01
vertex 3.388969e+01 2.391438e+00 -3.432170e+01
vertex 3.488512e+01 2.325335e+00 -3.387910e+01
endloop
endfacet
facet normal 0 0 0
outer loop
vertex 4.485525e+01 -2.085889e+00 -2.111663e+01
vertex 4.444401e+01 -2.415117e+00 -2.177328e+01
vertex 4.461214e+01 -2.085889e+00 -2.208721e+01
endloop
endfacet
facet normal 0 0 0
outer loop
vertex 2.611291e+01 2.085889e+00 -3.650867e+01
vertex 2.508841e+01 1.743041e+00 -3.662622e+01
vertex 2.519150e+01 2.179741e+00 -3.651835e+01
endloop
endfacet
facet normal 0 0 0
outer loop
vertex 2.109587e+01 2.540000e+00 3.169242e+00
vertex 2.019810e+01 2.531442e+00 3.078355e+00
vertex 2.062004e+01 2.397383e+00 3.505159e+00
endloop
endfacet
facet normal 0 0 0
outer loop
vertex 1.020785e+01 2.531442e+00 -3.026559e+00
vertex 9.590622e+00 2.531442e+00 -3.800540e+00
vertex 9.775206e+00 2.391438e+00 -3.018185e+00
endloop
endfacet
facet normal 0 0 0
outer loop
vertex 6.589204e+00 2.403395e+00 -8.156231e+00
vertex 6.279154e+00 2.156511e+00 -8.372547e+00
vertex 6.637579e+00 1.979516e+00 -7.500916e+00
endloop
endfacet
facet normal 0 0 0
outer loop
vertex 4.931532e+00 -2.015267e+00 -1.317637e+01
vertex 5.078497e+00 -2.015267e+00 -1.218561e+01
vertex 4.899420e+00 -1.102365e+00 -1.228792e+01
endloop
endfacet
facet normal 0 0 0
outer loop
vertex 2.413135e+01 -2.323789e+00 4.041198e+00
vertex 2.490139e+01 -2.325167e+00 4.080268e+00
vertex 2.409841e+01 -2.050578e+00 4.184908e+00
endloop
endfacet
facet normal 0 0 0
outer loop
vertex 2.914304e+01 -2.540000e+00 -1.941893e+01
vertex 2.986286e+01 -2.540000e+00 -1.882593e+01
vertex 2.852786e+01 -2.540000e+00 -1.837876e+01
endloop
endfacet
facet normal 0 0 0
outer loop
vertex 3.010513e+01 -2.540000e+00 -1.707940e+01
vertex 2.852786e+01 -2.540000e+00 -1.837876e+01
vertex 2.986286e+01 -2.540000e+00 -1.882593e+01
endloop
endfacet
facet normal 0 0 0
outer loop
vertex 2.444238e+01 2.540000e+00 -3.119840e+01
vertex 2.533830e+01 2.540000e+00 -3.203859e+01
vertex 2.398167e+01 2.540000e+00 -3.250708e+01
endloop
endfacet
facet normal 0 0 0
outer loop
vertex 2.005096e+01 2.540000e+00 -1.342190e+01
vertex 2.026887e+01 2.540000e+00 -1.496679e+01
vertex 1.896209e+01 2.541342e+00 -1.412582e+01
endloop
endfacet
facet normal 0 0 0
outer loop
vertex 2.756461e+01 2.418605e+00 3.815145e+00
vertex 2.642045e+01 2.410295e+00 3.941342e+00
vertex 2.709543e+01 2.156511e+00 4.104252e+00
endloop
endfacet
facet normal 0 0 0
outer loop
vertex 2.642045e+01 2.410295e+00 3.941342e+00
vertex 2.756461e+01 2.418605e+00 3.815145e+00
vertex 2.701035e+01 2.540000e+00 3.384529e+00
endloop
endfacet
facet normal 0 0 0
outer loop
vertex 2.721581e+01 2.540000e+00 -3.442303e+01
vertex 2.564610e+01 2.540000e+00 -3.331340e+01
vertex 2.753773e+01 2.540000e+00 -3.298666e+01
endloop
endfacet
facet normal 0 0 0
outer loop
vertex 1.896209e+01 -2.540000e+00 -1.248769e+01
vertex 2.000610e+01 -2.540000e+00 -1.127011e+01
vertex 1.861712e+01 -2.540000e+00 -1.074240e+01
endloop
endfacet
facet normal 0 0 0
outer loop
vertex 3.113117e+01 -2.540000e+00 -1.258667e+01
vertex 3.152049e+01 -2.540000e+00 -1.142071e+01
vertex 3.015705e+01 -2.540000e+00 -1.124308e+01
endloop
endfacet
facet normal 0 0 0
outer loop
vertex 3.279552e+01 -2.540000e+00 -1.214920e+01
vertex 3.273262e+01 -2.540000e+00 -1.041461e+01
vertex 3.152049e+01 -2.540000e+00 -1.142071e+01
endloop
endfacet
facet normal 0 0 0
outer loop
vertex 3.416699e+01 -2.540000e+00 -1.111747e+01
vertex 3.273262e+01 -2.540000e+00 -1.041461e+01
vertex 3.279552e+01 -2.540000e+00 -1.214920e+01
endloop
endfacet
facet normal 0 0 0
outer loop
vertex 6.632401e+00 2.540000e+00 -2.066506e+01
vertex 5.831715e+00 2.540000e+00 -2.056549e+01
vertex 6.346598e+00 2.540000e+00 -1.982658e+01
endloop
endfacet
facet normal 0 0 0
outer loop
vertex 3.367775e+01 -2.540000e+00 -2.984055e+00
vertex 3.495316e+01 -2.540000e+00 -3.892125e+00
vertex 3.488216e+01 -2.540000e+00 -1.786750e+00
endloop
endfacet
facet normal 0 0 0
outer loop
vertex 3.488216e+01 -2.540000e+00 -1.786750e+00
vertex 3.495316e+01 -2.540000e+00 -3.892125e+00
vertex 3.635806e+01 -2.540000e+00 -2.748111e+00
endloop
endfacet
facet normal 0 0 0
outer loop
vertex 2.841019e+01 -2.540000e+00 -3.494627e+01
vertex 2.738679e+01 -2.540000e+00 -3.450899e+01
vertex 2.805884e+01 -2.531442e+00 -3.580647e+01
endloop
endfacet
facet normal 0 0 0
outer loop
vertex 3.950425e+01 -2.540000e+00 -1.681262e+01
vertex 4.042171e+01 -2.540000e+00 -1.500399e+01
vertex 3.858859e+01 -2.540000e+00 -1.566910e+01
endloop
endfacet
facet normal 0 0 0
outer loop
vertex 1.454654e+01 2.540000e+00 -2.925811e+01
vertex 1.445366e+01 2.540000e+00 -2.794565e+01
vertex 1.595325e+01 2.540000e+00 -2.892907e+01
endloop
endfacet
facet normal 0 0 0
outer loop
vertex 6.634264e+00 -2.531442e+00 -2.341470e+01
vertex 6.272592e+00 -2.531442e+00 -2.249317e+01
vertex 6.139386e+00 -2.381217e+00 -2.310733e+01
endloop
endfacet
facet normal 0 0 0
outer loop
vertex 1.768495e+01 2.540000e+00 -1.694982e+01
vertex 1.711909e+01 2.540000e+00 -1.802216e+01
vertex 1.610172e+01 2.540000e+00 -1.698696e+01
endloop
endfacet
facet normal 0 0 0
outer loop
vertex 5.612240e+00 -2.540000e+00 -1.273189e+01
vertex 6.671755e+00 -2.540000e+00 -1.214677e+01
vertex 5.831715e+00 -2.540000e+00 -1.177031e+01
endloop
endfacet
facet normal 0 0 0
outer loop
vertex 1.481056e+01 2.535721e+00 -3.308171e+01
vertex 1.474138e+01 2.540000e+00 -3.222983e+01
vertex 1.548431e+01 2.540000e+00 -3.266809e+01
endloop
endfacet
facet normal 0 0 0
outer loop
vertex 1.481056e+01 2.535721e+00 -3.308171e+01
vertex 1.548431e+01 2.540000e+00 -3.266809e+01
vertex 1.474138e+01 2.540000e+00 -3.222983e+01
endloop
endfacet
facet normal 0 0 0
outer loop
vertex 2.547647e+01 2.540000e+00 -1.409129e+01
vertex 2.519903e+01 2.540000e+00 -1.564707e+01
vertex 2.352943e+01 2.540000e+00 -1.440244e+01
endloop
endfacet
facet normal 0 0 0
outer loop
vertex 3.692921e+01 -2.540000e+00 -1.481960e+01
vertex 3.858859e+01 -2.540000e+00 -1.566910e+01
vertex 3.813917e+01 -2.540000e+00 -1.403393e+01
endloop
endfacet
facet normal 0 0 0
outer loop
vertex 3.911804e+01 -2.540000e+00 -1.276633e+01
vertex 3.696551e+01 -2.540000e+00 -1.269096e+01
vertex 3.813917e+01 -2.540000e+00 -1.403393e+01
endloop
endfacet
facet normal 0 0 0
outer loop
vertex 5.119970e+00 2.156511e+00 -2.014194e+01
vertex 5.362834e+00 2.156511e+00 -2.111150e+01
vertex 5.078497e+00 2.015267e+00 -2.015019e+01
endloop
endfacet
facet normal 0 0 0
outer loop
vertex 1.725743e+01 2.540000e+00 -2.815055e+01
vertex 1.595325e+01 2.540000e+00 -2.892907e+01
vertex 1.610251e+01 2.540000e+00 -2.686386e+01
endloop
endfacet
facet normal 0 0 0
outer loop
vertex 1.610251e+01 2.540000e+00 -2.686386e+01
vertex 1.491937e+01 2.540000e+00 -2.582066e+01
vertex 1.668447e+01 2.540000e+00 -2.522149e+01
endloop
endfacet
facet normal 0 0 0
outer loop
vertex 3.416637e+01 -2.540000e+00 -9.183177e+00
vertex 3.273262e+01 -2.540000e+00 -1.041461e+01
vertex 3.416699e+01 -2.540000e+00 -1.111747e+01
endloop
endfacet
facet normal 0 0 0
outer loop
vertex 1.610172e+01 2.540000e+00 -1.698696e+01
vertex 1.600256e+01 2.540000e+00 -1.847401e+01
vertex 1.496461e+01 2.540000e+00 -1.766964e+01
endloop
endfacet
facet normal 0 0 0
outer loop
vertex 4.784567e+00 -2.015267e+00 -1.816868e+01
vertex 5.317778e+00 -2.540000e+00 -1.666121e+01
vertex 4.735421e+00 -2.015267e+00 -1.716829e+01
endloop
endfacet
facet normal 0 0 0
outer loop
vertex 2.855736e+01 2.540000e+00 -1.910825e+01
vertex 2.748425e+01 2.540000e+00 -1.972911e+01
vertex 2.721930e+01 2.540000e+00 -1.824435e+01
endloop
endfacet
facet normal 0 0 0
outer loop
vertex 5.612240e+00 -2.540000e+00 -1.273189e+01
vertex 6.774713e+00 -2.540000e+00 -1.344074e+01
vertex 6.671755e+00 -2.540000e+00 -1.214677e+01
endloop
endfacet
facet normal 0 0 0
outer loop
vertex 3.372270e+01 2.527163e+00 -3.407140e+01
vertex 3.313505e+01 2.367625e+00 -3.470087e+01
vertex 3.281327e+01 2.531442e+00 -3.446878e+01
endloop
endfacet
facet normal 0 0 0
outer loop
vertex 2.469749e+01 2.540000e+00 -1.707711e+01
vertex 2.549052e+01 2.540000e+00 -1.820998e+01
vertex 2.339019e+01 2.540000e+00 -1.798826e+01
endloop
endfacet
facet normal 0 0 0
outer loop
vertex 1.525120e+01 2.540000e+00 -1.384220e+01
vertex 1.486301e+01 2.540000e+00 -1.202273e+01
vertex 1.701307e+01 2.540000e+00 -1.186446e+01
endloop
endfacet
facet normal 0 0 0
outer loop
vertex 1.701307e+01 2.540000e+00 -1.186446e+01
vertex 1.486301e+01 2.540000e+00 -1.202273e+01
vertex 1.599444e+01 2.540000e+00 -1.073418e+01
endloop
endfacet
facet normal 0 0 0
outer loop
vertex 9.569803e+00 2.410740e+00 -2.899042e+01
vertex 1.028119e+01 2.540000e+00 -2.924452e+01
vertex 1.021070e+01 2.465719e+00 -2.948186e+01
endloop
endfacet
facet normal 0 0 0
outer loop
vertex 2.561208e+01 2.540000e+00 -2.015845e+01
vertex 2.540445e+01 2.540000e+00 -2.227676e+01
vertex 2.442990e+01 2.540000e+00 -2.098286e+01
endloop
endfacet
facet normal 0 0 0
outer loop
vertex 3.187515e+01 -2.540000e+00 -3.252758e+01
vertex 3.107422e+01 -2.540000e+00 -3.316129e+01
vertex 3.244233e+01 -2.540000e+00 -3.354910e+01
endloop
endfacet
facet normal 0 0 0
outer loop
vertex 6.005261e+00 -2.532826e+00 -2.153829e+01
vertex 5.737931e+00 -2.534211e+00 -2.058340e+01
vertex 5.546886e+00 -2.391438e+00 -2.117823e+01
endloop
endfacet
facet normal 0 0 0
outer loop
vertex 5.384313e+00 2.540000e+00 -1.758931e+01
vertex 5.489598e+00 2.540000e+00 -1.862525e+01
vertex 5.000704e+00 2.391438e+00 -1.814739e+01
endloop
endfacet
facet normal 0 0 0
outer loop
vertex 5.561858e+00 2.391438e+00 -1.112825e+01
vertex 6.039174e+00 2.535721e+00 -1.080725e+01
vertex 5.736349e+00 2.531442e+00 -1.174855e+01
endloop
endfacet
facet normal 0 0 0
outer loop
vertex 1.501784e+01 2.540000e+00 -1.967106e+01
vertex 1.588932e+01 2.540000e+00 -2.131930e+01
vertex 1.452865e+01 2.540000e+00 -2.106752e+01
endloop
endfacet
facet normal 0 0 0
outer loop
vertex 1.703426e+01 2.540000e+00 -1.984298e+01
vertex 1.501784e+01 2.540000e+00 -1.967106e+01
vertex 1.600256e+01 2.540000e+00 -1.847401e+01
endloop
endfacet
facet normal 0 0 0
outer loop
vertex 1.330164e+01 -2.540000e+00 -2.927381e+01
vertex 1.494923e+01 -2.540000e+00 -2.886786e+01
vertex 1.374877e+01 -2.540000e+00 -2.765790e+01
endloop
endfacet
facet normal 0 0 0
outer loop
vertex 4.528504e+01 -2.391438e+00 -1.671721e+01
vertex 4.551133e+01 -2.015267e+00 -1.616790e+01
vertex 4.487982e+01 -2.540000e+00 -1.666121e+01
endloop
endfacet
facet normal 0 0 0
outer loop
vertex 4.485523e+01 -2.540000e+00 -1.567521e+01
vertex 4.487982e+01 -2.540000e+00 -1.666121e+01
vertex 4.551133e+01 -2.015267e+00 -1.616790e+01
endloop
endfacet
facet normal 0 0 0
outer loop
vertex 1.166598e+01 -2.540000e+00 -2.942145e+01
vertex 1.096291e+01 -2.540000e+00 -2.994497e+01
vertex 1.159030e+01 -2.531442e+00 -3.072660e+01
endloop
endfacet
facet normal 0 0 0
outer loop
vertex 1.166598e+01 -2.540000e+00 -2.942145e+01
vertex 1.159030e+01 -2.531442e+00 -3.072660e+01
vertex 1.239881e+01 -2.540000e+00 -3.017020e+01
endloop
endfacet
facet normal 0 0 0
outer loop
vertex 4.916916e+00 1.062979e+00 -1.214605e+01
vertex 5.099234e+00 2.085889e+00 -1.218974e+01
vertex 4.941900e+00 2.050578e+00 -1.317843e+01
endloop
endfacet
facet normal 0 0 0
outer loop
vertex 4.147968e+01 2.203352e+00 -2.813399e+01
vertex 4.147455e+01 2.015267e+00 -2.831298e+01
vertex 4.088815e+01 2.391438e+00 -2.875949e+01
endloop
endfacet
facet normal 0 0 0
outer loop
vertex 2.717944e+01 2.540000e+00 -2.643489e+01
vertex 2.629365e+01 2.540000e+00 -2.540557e+01
vertex 2.824619e+01 2.540000e+00 -2.531425e+01
endloop
endfacet
facet normal 0 0 0
outer loop
vertex 5.078497e+00 2.015267e+00 -2.015019e+01
vertex 4.897559e+00 1.094291e+00 -2.004510e+01
vertex 4.931532e+00 2.015267e+00 -1.915943e+01
endloop
endfacet
facet normal 0 0 0
outer loop
vertex 2.731002e+01 2.540000e+00 -1.789016e+00
vertex 2.596540e+01 2.540000e+00 -1.547246e+00
vertex 2.765473e+01 2.540000e+00 -3.612734e-01
endloop
endfacet
facet normal 0 0 0
outer loop
vertex 4.232339e+01 -2.403200e+00 -2.664753e+01
vertex 4.276669e+01 -2.403415e+00 -2.589582e+01
vertex 4.229840e+01 -2.531442e+00 -2.609809e+01
endloop
endfacet
facet normal 0 0 0
outer loop
vertex 1.261597e+01 -2.391438e+00 -3.203852e+01
vertex 1.283995e+01 -1.946671e+00 -3.247486e+01
vertex 1.335663e+01 -2.390346e+00 -3.258894e+01
endloop
endfacet
facet normal 0 0 0
outer loop
vertex 4.012889e+01 -1.037621e+00 -3.021737e+01
vertex 4.137165e+01 -1.042076e+00 -2.875890e+01
vertex 4.086155e+01 -2.085889e+00 -2.910406e+01
endloop
endfacet
facet normal 0 0 0
outer loop
vertex 3.791762e+01 -2.391438e+00 -3.174934e+01
vertex 3.709059e+01 -2.531442e+00 -3.199927e+01
vertex 3.734963e+01 -2.391438e+00 -3.222148e+01
endloop
endfacet
facet normal 0 0 0
outer loop
vertex 2.827303e+01 2.540000e+00 -2.733450e+01
vertex 2.717944e+01 2.540000e+00 -2.643489e+01
vertex 2.824619e+01 2.540000e+00 -2.531425e+01
endloop
endfacet
facet normal 0 0 0
outer loop
vertex 2.918874e+01 -2.540000e+00 -2.133442e+01
vertex 2.857222e+01 -2.540000e+00 -2.264918e+01
vertex 3.033968e+01 -2.540000e+00 -2.181308e+01
endloop
endfacet
facet normal 0 0 0
outer loop
vertex 2.857222e+01 -2.540000e+00 -2.264918e+01
vertex 3.001719e+01 -2.540000e+00 -2.328120e+01
vertex 3.033968e+01 -2.540000e+00 -2.181308e+01
endloop
endfacet
facet normal 0 0 0
outer loop
vertex 2.462513e+01 -2.540000e+00 -2.241553e+01
vertex 2.597270e+01 -2.540000e+00 -2.209017e+01
vertex 2.529816e+01 -2.536102e+00 -2.127310e+01
endloop
endfacet
facet normal 0 0 0
outer loop
vertex 2.462513e+01 -2.540000e+00 -2.241553e+01
vertex 2.603863e+01 -2.540000e+00 -2.330596e+01
vertex 2.597270e+01 -2.540000e+00 -2.209017e+01
endloop
endfacet
facet normal 0 0 0
outer loop
vertex 1.739434e+01 2.532525e+00 2.107464e+00
vertex 1.648170e+01 2.531442e+00 1.725696e+00
vertex 1.652045e+01 2.366266e+00 2.130368e+00
endloop
endfacet
facet normal 0 0 0
outer loop
vertex 7.551622e+00 -2.540000e+00 -2.357233e+01
vertex 8.450661e+00 -2.540000e+00 -2.465315e+01
vertex 8.322253e+00 -2.540000e+00 -2.371059e+01
endloop
endfacet
facet normal 0 0 0
outer loop
vertex 2.593008e+01 -2.540000e+00 -1.207128e+01
vertex 2.509238e+01 -2.540000e+00 -1.106786e+01
vertex 2.409119e+01 -2.540000e+00 -1.175387e+01
endloop
endfacet
facet normal 0 0 0
outer loop
vertex 1.278685e+01 -2.540000e+00 -2.323842e+01
vertex 1.404059e+01 -2.540000e+00 -2.374238e+01
vertex 1.469868e+01 -2.540000e+00 -2.242488e+01
endloop
endfacet
facet normal 0 0 0
outer loop
vertex 4.324582e+01 -2.522883e+00 -7.979654e+00
vertex 4.222839e+01 -2.531442e+00 -7.934940e+00
vertex 4.261059e+01 -2.540000e+00 -8.957909e+00
endloop
endfacet
facet normal 0 0 0
outer loop
vertex 9.590622e+00 2.531442e+00 -3.800540e+00
vertex 9.090189e+00 2.408013e+00 -3.927309e+00
vertex 9.775206e+00 2.391438e+00 -3.018185e+00
endloop
endfacet
facet normal 0 0 0
outer loop
vertex 2.060377e+01 -2.540000e+00 -2.626993e+01
vertex 2.165330e+01 -2.540000e+00 -2.791175e+01
vertex 2.267679e+01 -2.540000e+00 -2.621837e+01
endloop
endfacet
facet normal 0 0 0
outer loop
vertex 2.582964e+01 2.540000e+00 1.263955e-01
vertex 2.436116e+01 2.540000e+00 -6.235510e-01
vertex 2.425251e+01 2.540000e+00 1.229789e+00
endloop
endfacet
facet normal 0 0 0
outer loop
vertex 6.386806e+00 -1.617383e+00 -2.442724e+01
vertex 6.697181e+00 -2.121200e+00 -2.487179e+01
vertex 6.279154e+00 -2.156511e+00 -2.396325e+01
endloop
endfacet
facet normal 0 0 0
outer loop
vertex 4.352632e+01 -2.391438e+00 -2.442926e+01
vertex 4.399162e+01 -2.385772e+00 -2.328167e+01
vertex 4.349971e+01 -2.540000e+00 -2.329105e+01
endloop
endfacet
facet normal 0 0 0
outer loop
vertex 4.360568e+01 2.540000e+00 -2.025402e+01
vertex 4.435777e+01 2.544018e+00 -2.055931e+01
vertex 4.350395e+01 2.540000e+00 -2.108135e+01
endloop
endfacet
facet normal 0 0 0
outer loop
vertex 1.478639e+01 -2.405944e+00 1.122245e+00
vertex 1.387887e+01 -2.391438e+00 6.239128e-01
vertex 1.473448e+01 -2.540000e+00 6.048030e-01
endloop
endfacet
facet normal 0 0 0
outer loop
vertex 4.033857e+01 2.540000e+00 -2.516757e+01
vertex 4.094223e+01 2.540000e+00 -2.413136e+01
vertex 4.175988e+01 2.540000e+00 -2.496847e+01
endloop
endfacet
facet normal 0 0 0
outer loop
vertex 1.395229e+01 2.540000e+00 -3.251683e+01
vertex 1.481056e+01 2.535721e+00 -3.308171e+01
vertex 1.387887e+01 2.391438e+00 -3.295971e+01
endloop
endfacet
facet normal 0 0 0
outer loop
vertex 4.275003e+01 -2.531442e+00 -2.521716e+01
vertex 4.229840e+01 -2.531442e+00 -2.609809e+01
vertex 4.276669e+01 -2.403415e+00 -2.589582e+01
endloop
endfacet
facet normal 0 0 0
outer loop
vertex 4.252109e+01 2.238190e+00 -2.643212e+01
vertex 4.184355e+01 2.522883e+00 -2.698281e+01
vertex 4.234279e+01 2.525200e+00 -2.607852e+01
endloop
endfacet
facet normal 0 0 0
outer loop
vertex 1.481056e+01 2.535721e+00 -3.308171e+01
vertex 1.474895e+01 2.391438e+00 -3.348122e+01
vertex 1.387887e+01 2.391438e+00 -3.295971e+01
endloop
endfacet
facet normal 0 0 0
outer loop
vertex 1.395229e+01 2.540000e+00 -3.251683e+01
vertex 1.427281e+01 2.540000e+00 -3.144313e+01
vertex 1.474138e+01 2.540000e+00 -3.222983e+01
endloop
endfacet
facet normal 0 0 0
outer loop
vertex 5.342349e+00 2.085889e+00 -1.121917e+01
vertex 5.099234e+00 2.085889e+00 -1.218974e+01
vertex 5.101972e+00 1.574088e+00 -1.176833e+01
endloop
endfacet
facet normal 0 0 0
outer loop
vertex 5.101972e+00 1.574088e+00 -1.176833e+01
vertex 5.099234e+00 2.085889e+00 -1.218974e+01
vertex 4.916916e+00 1.062979e+00 -1.214605e+01
endloop
endfacet
facet normal 0 0 0
outer loop
vertex 5.605698e+00 -2.156511e+00 -1.025473e+01
vertex 5.639215e+00 -1.559234e+00 -9.793407e+00
vertex 5.366305e+00 -1.098453e+00 -1.036385e+01
endloop
endfacet
facet normal 0 0 0
outer loop
vertex 4.397093e+01 -2.522883e+00 -9.827203e+00
vertex 4.365448e+01 -2.522883e+00 -8.885334e+00
vertex 4.261059e+01 -2.540000e+00 -8.957909e+00
endloop
endfacet
facet normal 0 0 0
outer loop
vertex 3.647524e+01 2.391438e+00 -3.285407e+01
vertex 3.643939e+01 2.015267e+00 -3.314030e+01
vertex 3.632780e+01 2.522883e+00 -3.263783e+01
endloop
endfacet
facet normal 0 0 0
outer loop
vertex 3.632780e+01 2.522883e+00 -3.263783e+01
vertex 3.643939e+01 2.015267e+00 -3.314030e+01
vertex 3.557736e+01 2.522883e+00 -3.309641e+01
endloop
endfacet
facet normal 0 0 0
outer loop
vertex 5.489598e+00 -2.540000e+00 -1.371055e+01
vertex 6.774713e+00 -2.540000e+00 -1.344074e+01
vertex 5.612240e+00 -2.540000e+00 -1.273189e+01
endloop
endfacet
facet normal 0 0 0
outer loop
vertex 1.232936e+01 -2.540000e+00 -1.954416e+00
vertex 1.237985e+01 -2.540000e+00 -1.010047e+00
vertex 1.165684e+01 -2.540000e+00 -1.680907e+00
endloop
endfacet
facet normal 0 0 0
outer loop
vertex 6.279154e+00 -2.156511e+00 -8.372547e+00
vertex 6.091276e+00 -1.084987e+00 -8.293927e+00
vertex 5.753191e+00 -1.072206e+00 -9.216119e+00
endloop
endfacet
facet normal 0 0 0
outer loop
vertex 5.753191e+00 -1.072206e+00 -9.216119e+00
vertex 5.912716e+00 -2.096913e+00 -9.343773e+00
vertex 6.279154e+00 -2.156511e+00 -8.372547e+00
endloop
endfacet
facet normal 0 0 0
outer loop
vertex 2.971023e+01 2.540000e+00 -2.832739e+01
vertex 2.823821e+01 2.540000e+00 -2.921727e+01
vertex 2.827303e+01 2.540000e+00 -2.733450e+01
endloop
endfacet
facet normal 0 0 0
outer loop
vertex 4.686275e+00 2.015267e+00 -1.616790e+01
vertex 4.735421e+00 2.015267e+00 -1.716829e+01
vertex 4.538268e+00 1.122666e+00 -1.636187e+01
endloop
endfacet
facet normal 0 0 0
outer loop
vertex 4.941900e+00 2.050578e+00 -1.317843e+01
vertex 5.099234e+00 2.085889e+00 -1.218974e+01
vertex 5.120098e+00 2.352599e+00 -1.310590e+01
endloop
endfacet
facet normal 0 0 0
outer loop
vertex 8.032444e+00 1.278838e+00 -2.759479e+01
vertex 8.756979e+00 2.156511e+00 -2.828782e+01
vertex 8.556728e+00 1.106747e+00 -2.836459e+01
endloop
endfacet
facet normal 0 0 0
outer loop
vertex 3.357535e+01 -1.085408e+00 -3.490441e+01
vertex 3.289415e+01 -2.156511e+00 -3.498755e+01
vertex 3.273019e+01 -1.169030e+00 -3.525827e+01
endloop
endfacet
facet normal 0 0 0
outer loop
vertex 3.382839e+01 -1.858095e+00 -3.462492e+01
vertex 3.289415e+01 -2.156511e+00 -3.498755e+01
vertex 3.357535e+01 -1.085408e+00 -3.490441e+01
endloop
endfacet
facet normal 0 0 0
outer loop
vertex 1.276829e+01 1.057825e+00 -3.262376e+01
vertex 1.217606e+01 2.156511e+00 -3.191431e+01
vertex 1.297888e+01 2.156511e+00 -3.250972e+01
endloop
endfacet
facet normal 0 0 0
outer loop
vertex 1.217606e+01 2.156511e+00 -3.191431e+01
vertex 1.276829e+01 1.057825e+00 -3.262376e+01
vertex 1.193761e+01 1.256969e+00 -3.194149e+01
endloop
endfacet
facet normal 0 0 0
outer loop
vertex 2.119400e+01 2.531442e+00 -3.564062e+01
vertex 2.216540e+01 2.531442e+00 -3.578588e+01
vertex 2.139236e+01 2.401763e+00 -3.598907e+01
endloop
endfacet
facet normal 0 0 0
outer loop
vertex 3.934779e+01 2.540000e+00 -4.601255e+00
vertex 3.808213e+01 2.540000e+00 -5.868857e+00
vertex 3.773195e+01 2.540000e+00 -4.757977e+00
endloop
endfacet
facet normal 0 0 0
outer loop
vertex 7.551622e+00 -2.540000e+00 -2.357233e+01
vertex 7.117931e+00 -2.535721e+00 -2.269906e+01
vertex 6.634264e+00 -2.531442e+00 -2.341470e+01
endloop
endfacet
facet normal 0 0 0
outer loop
vertex 1.735138e+01 -2.540000e+00 -2.420808e+01
vertex 1.894849e+01 -2.540000e+00 -2.395618e+01
vertex 1.771161e+01 -2.540000e+00 -2.324410e+01
endloop
endfacet
facet normal 0 0 0
outer loop
vertex 6.041879e+00 2.540000e+00 -1.789112e+01
vertex 5.948706e+00 2.540000e+00 -1.702508e+01
vertex 6.676467e+00 2.540000e+00 -1.728278e+01
endloop
endfacet
facet normal 0 0 0
outer loop
vertex 5.119970e+00 2.156511e+00 -2.014194e+01
vertex 5.671348e+00 2.465719e+00 -2.081744e+01
vertex 5.362834e+00 2.156511e+00 -2.111150e+01
endloop
endfacet
facet normal 0 0 0
outer loop
vertex 4.111631e+01 -2.540000e+00 -2.642356e+01
vertex 4.165955e+01 -2.540000e+00 -2.684514e+01
vertex 4.229840e+01 -2.531442e+00 -2.609809e+01
endloop
endfacet
facet normal 0 0 0
outer loop
vertex 4.310104e+01 -2.015267e+00 -6.545503e+00
vertex 4.234035e+01 -2.522883e+00 -6.213483e+00
vertex 4.283716e+01 -2.522883e+00 -7.073974e+00
endloop
endfacet
facet normal 0 0 0
outer loop
vertex 4.310104e+01 -2.015267e+00 -6.545503e+00
vertex 4.283716e+01 -2.522883e+00 -7.073974e+00
vertex 4.307007e+01 -2.391438e+00 -6.954570e+00
endloop
endfacet
facet normal 0 0 0
outer loop
vertex 4.423386e+01 -2.391438e+00 -2.256058e+01
vertex 4.399442e+01 -2.522883e+00 -2.251649e+01
vertex 4.399162e+01 -2.385772e+00 -2.328167e+01
endloop
endfacet
facet normal 0 0 0
outer loop
vertex 1.038762e+01 2.391438e+00 -2.346282e+00
vertex 1.111119e+01 2.409698e+00 -1.656200e+00
vertex 1.090027e+01 2.532063e+00 -2.319461e+00
endloop
endfacet
facet normal 0 0 0
outer loop
vertex 3.928339e+01 -2.540000e+00 -4.176592e+00
vertex 4.058864e+01 -2.531442e+00 -4.682867e+00
vertex 4.068353e+01 -2.522883e+00 -3.739495e+00
endloop
endfacet
facet normal 0 0 0
outer loop
vertex 5.827765e+00 -2.391438e+00 -2.220146e+01
vertex 6.272592e+00 -2.531442e+00 -2.249317e+01
vertex 6.005261e+00 -2.532826e+00 -2.153829e+01
endloop
endfacet
facet normal 0 0 0
outer loop
vertex 6.005261e+00 -2.532826e+00 -2.153829e+01
vertex 5.546886e+00 -2.391438e+00 -2.117823e+01
vertex 5.827765e+00 -2.391438e+00 -2.220146e+01
endloop
endfacet
facet normal 0 0 0
outer loop
vertex 3.864025e+01 2.522883e+00 -3.076211e+01
vertex 3.953263e+01 2.015267e+00 -3.060173e+01
vertex 3.870930e+01 2.253420e+00 -3.109844e+01
endloop
endfacet
facet normal 0 0 0
outer loop
vertex 3.936861e+01 2.522883e+00 -3.008628e+01
vertex 3.955598e+01 2.391438e+00 -3.026903e+01
vertex 3.953263e+01 2.015267e+00 -3.060173e+01
endloop
endfacet
facet normal 0 0 0
outer loop
vertex 3.936861e+01 2.522883e+00 -3.008628e+01
vertex 3.953263e+01 2.015267e+00 -3.060173e+01
vertex 3.864025e+01 2.522883e+00 -3.076211e+01
endloop
endfacet
facet normal 0 0 0
outer loop
vertex 5.121102e+00 -9.225193e-01 -1.121510e+01
vertex 5.078497e+00 -2.015267e+00 -1.218561e+01
vertex 5.362834e+00 -2.156511e+00 -1.122430e+01
endloop
endfacet
facet normal 0 0 0
outer loop
vertex 4.899420e+00 -1.102365e+00 -1.228792e+01
vertex 5.078497e+00 -2.015267e+00 -1.218561e+01
vertex 5.121102e+00 -9.225193e-01 -1.121510e+01
endloop
endfacet
facet normal 0 0 0
outer loop
vertex 1.729536e+01 2.085889e+00 2.671281e+00
vertex 1.775076e+01 2.391438e+00 2.638089e+00
vertex 1.652045e+01 2.366266e+00 2.130368e+00
endloop
endfacet
facet normal 0 0 0
outer loop
vertex 1.775076e+01 2.391438e+00 2.638089e+00
vertex 1.739434e+01 2.532525e+00 2.107464e+00
vertex 1.652045e+01 2.366266e+00 2.130368e+00
endloop
endfacet
facet normal 0 0 0
outer loop
vertex 3.189146e+01 2.531442e+00 2.494765e+00
vertex 3.098123e+01 2.540000e+00 2.585191e+00
vertex 3.147778e+01 2.388207e+00 2.988152e+00
endloop
endfacet
facet normal 0 0 0
outer loop
vertex 2.825987e+01 -2.358484e+00 3.773203e+00
vertex 2.903406e+01 -2.531442e+00 3.298711e+00
vertex 2.934166e+01 -2.391438e+00 3.565596e+00
endloop
endfacet
facet normal 0 0 0
outer loop
vertex 9.352392e+00 -2.156511e+00 -3.245157e+00
vertex 1.002363e+01 -2.156511e+00 -2.504561e+00
vertex 9.800260e+00 -1.170514e+00 -2.459847e+00
endloop
endfacet
facet normal 0 0 0
outer loop
vertex 9.352392e+00 -2.156511e+00 -3.245157e+00
vertex 9.800260e+00 -1.170514e+00 -2.459847e+00
vertex 9.104939e+00 -1.214694e+00 -3.264814e+00
endloop
endfacet
facet normal 0 0 0
outer loop
vertex 9.978268e+00 1.887188e+00 -2.457109e+00
vertex 9.775206e+00 2.391438e+00 -3.018185e+00
vertex 9.336048e+00 2.085889e+00 -3.231744e+00
endloop
endfacet
facet normal 0 0 0
outer loop
vertex 4.355012e+01 -1.884647e+00 -2.489833e+01
vertex 4.308425e+01 -2.380482e+00 -2.535132e+01
vertex 4.308239e+01 -2.085889e+00 -2.578033e+01
endloop
endfacet
facet normal 0 0 0
outer loop
vertex 2.811329e+01 -2.513696e+00 3.501556e+00
vertex 2.903406e+01 -2.531442e+00 3.298711e+00
vertex 2.825987e+01 -2.358484e+00 3.773203e+00
endloop
endfacet
facet normal 0 0 0
outer loop
vertex 8.477062e+00 2.540000e+00 -2.690336e+01
vertex 7.647710e+00 2.156511e+00 -2.662768e+01
vertex 7.882581e+00 2.465719e+00 -2.629564e+01
endloop
endfacet
facet normal 0 0 0
outer loop
vertex 8.477062e+00 2.540000e+00 -2.690336e+01
vertex 8.161566e+00 2.156511e+00 -2.748500e+01
vertex 7.647710e+00 2.156511e+00 -2.662768e+01
endloop
endfacet
facet normal 0 0 0
outer loop
vertex 8.306988e+00 2.391438e+00 -2.738783e+01
vertex 8.161566e+00 2.156511e+00 -2.748500e+01
vertex 8.477062e+00 2.540000e+00 -2.690336e+01
endloop
endfacet
facet normal 0 0 0
outer loop
vertex 1.189610e+01 -2.391438e+00 -3.143790e+01
vertex 1.261597e+01 -2.391438e+00 -3.203852e+01
vertex 1.234866e+01 -2.531442e+00 -3.136293e+01
endloop
endfacet
facet normal 0 0 0
outer loop
vertex 8.967777e+00 -2.465719e+00 -4.389384e+00
vertex 8.161566e+00 -2.156511e+00 -4.850801e+00
vertex 8.306988e+00 -2.391438e+00 -4.947968e+00
endloop
endfacet
facet normal 0 0 0
outer loop
vertex 7.482643e+00 -1.077633e+00 -2.676323e+01
vertex 7.644072e+00 -2.015267e+00 -2.670377e+01
vertex 6.912078e+00 -1.036659e+00 -2.579627e+01
endloop
endfacet
facet normal 0 0 0
outer loop
vertex 4.079866e+01 1.994883e+00 -2.921059e+01
vertex 4.066528e+01 2.546878e+00 -2.856533e+01
vertex 4.088815e+01 2.391438e+00 -2.875949e+01
endloop
endfacet
facet normal 0 0 0
outer loop
vertex 7.481911e+00 -2.344544e+00 -2.610853e+01
vertex 7.854620e+00 -2.391438e+00 -2.666037e+01
vertex 7.899196e+00 -2.531442e+00 -2.609810e+01
endloop
endfacet
facet normal 0 0 0
outer loop
vertex 7.481911e+00 -2.344544e+00 -2.610853e+01
vertex 7.644072e+00 -2.015267e+00 -2.670377e+01
vertex 7.854620e+00 -2.391438e+00 -2.666037e+01
endloop
endfacet
facet normal 0 0 0
outer loop
vertex 1.093633e+01 1.573828e+00 -3.095614e+01
vertex 1.143546e+01 2.156511e+00 -3.124307e+01
vertex 1.120936e+01 1.074316e+00 -3.132632e+01
endloop
endfacet
facet normal 0 0 0
outer loop
vertex 4.393798e+01 -2.085889e+00 -2.397134e+01
vertex 4.352632e+01 -2.391438e+00 -2.442926e+01
vertex 4.355012e+01 -1.884647e+00 -2.489833e+01
endloop
endfacet
facet normal 0 0 0
outer loop
vertex 1.376996e+01 -2.085889e+00 -3.312271e+01
vertex 1.439563e+01 -1.046825e+00 -3.372908e+01
vertex 1.449312e+01 -1.919938e+00 -3.360113e+01
endloop
endfacet
facet normal 0 0 0
outer loop
vertex 2.622416e+01 -2.533409e+00 -3.230210e+01
vertex 2.454082e+01 -2.540000e+00 -3.246986e+01
vertex 2.526727e+01 -2.540000e+00 -3.374684e+01
endloop
endfacet
facet normal 0 0 0
outer loop
vertex 2.622416e+01 -2.533409e+00 -3.230210e+01
vertex 2.526727e+01 -2.540000e+00 -3.374684e+01
vertex 2.712759e+01 -2.540000e+00 -3.314364e+01
endloop
endfacet
facet normal 0 0 0
outer loop
vertex 4.510600e+00 -1.007161e+00 -1.612488e+01
vertex 4.686275e+00 -2.015267e+00 -1.616790e+01
vertex 4.626306e+00 -1.536635e+00 -1.566336e+01
endloop
endfacet
facet normal 0 0 0
outer loop
vertex 4.686275e+00 -2.015267e+00 -1.616790e+01
vertex 4.735421e+00 -2.015267e+00 -1.516751e+01
vertex 4.626306e+00 -1.536635e+00 -1.566336e+01
endloop
endfacet
facet normal 0 0 0
outer loop
vertex 7.822299e+00 -2.408042e+00 -6.045951e+00
vertex 8.430971e+00 -2.540000e+00 -5.527026e+00
vertex 7.647710e+00 -2.156511e+00 -5.708118e+00
endloop
endfacet
facet normal 0 0 0
outer loop
vertex 7.647710e+00 -2.156511e+00 -5.708118e+00
vertex 8.430971e+00 -2.540000e+00 -5.527026e+00
vertex 8.161566e+00 -2.156511e+00 -4.850801e+00
endloop
endfacet
facet normal 0 0 0
outer loop
vertex 8.161566e+00 -2.156511e+00 -4.850801e+00
vertex 8.430971e+00 -2.540000e+00 -5.527026e+00
vertex 8.306988e+00 -2.391438e+00 -4.947968e+00
endloop
endfacet
facet normal 0 0 0
outer loop
vertex 3.051437e+01 -2.540000e+00 -3.434945e+01
vertex 2.999950e+01 -2.531442e+00 -3.541415e+01
vertex 3.095053e+01 -2.540000e+00 -3.495363e+01
endloop
endfacet
facet normal 0 0 0
outer loop
vertex 2.715957e+01 -2.540000e+00 -3.053930e+01
vertex 2.544613e+01 -2.533676e+00 -3.102727e+01
vertex 2.622416e+01 -2.533409e+00 -3.230210e+01
endloop
endfacet
facet normal 0 0 0
outer loop
vertex 8.143986e+00 2.085889e+00 -4.839055e+00
vertex 7.965505e+00 1.021020e+00 -4.757658e+00
vertex 8.740017e+00 2.085889e+00 -4.035399e+00
endloop
endfacet
facet normal 0 0 0
outer loop
vertex 2.309012e+01 2.540000e+00 3.483338e+00
vertex 2.325071e+01 2.540000e+00 2.854725e+00
vertex 2.213876e+01 2.531442e+00 3.470669e+00
endloop
endfacet
facet normal 0 0 0
outer loop
vertex 4.260077e+01 2.540000e+00 -7.142545e+00
vertex 4.283391e+01 2.409580e+00 -6.586215e+00
vertex 4.322300e+01 2.391438e+00 -7.284840e+00
endloop
endfacet
facet normal 0 0 0
outer loop
vertex 1.297888e+01 -2.156511e+00 1.739216e-01
vertex 1.245737e+01 -1.617383e+00 -8.518791e-02
vertex 1.217606e+01 -2.156511e+00 -4.214916e-01
endloop
endfacet
facet normal 0 0 0
outer loop
vertex 1.217606e+01 -2.156511e+00 -4.214916e-01
vertex 1.245737e+01 -1.617383e+00 -8.518791e-02
vertex 1.190536e+01 -1.076830e+00 -3.792834e-01
endloop
endfacet
facet normal 0 0 0
outer loop
vertex 3.388969e+01 2.391438e+00 -3.432170e+01
vertex 3.313505e+01 2.367625e+00 -3.470087e+01
vertex 3.372270e+01 2.527163e+00 -3.407140e+01
endloop
endfacet
facet normal 0 0 0
outer loop
vertex 3.313505e+01 2.367625e+00 -3.470087e+01
vertex 3.388969e+01 2.391438e+00 -3.432170e+01
vertex 3.387095e+01 2.085889e+00 -3.454821e+01
endloop
endfacet
facet normal 0 0 0
outer loop
vertex 2.387357e+01 2.532511e+00 -3.593398e+01
vertex 2.447982e+01 2.408057e+00 -3.630757e+01
vertex 2.322213e+01 2.391438e+00 -3.627105e+01
endloop
endfacet
facet normal 0 0 0
outer loop
vertex 2.411191e+01 2.171943e+00 -3.646946e+01
vertex 2.322213e+01 2.391438e+00 -3.627105e+01
vertex 2.447982e+01 2.408057e+00 -3.630757e+01
endloop
endfacet
facet normal 0 0 0
outer loop
vertex 3.966381e+01 2.540000e+00 -2.854528e+01
vertex 4.066528e+01 2.546878e+00 -2.856533e+01
vertex 4.001695e+01 2.534881e+00 -2.932581e+01
endloop
endfacet
facet normal 0 0 0
outer loop
vertex 4.299413e+01 2.540000e+00 -2.291560e+01
vertex 4.323165e+01 2.540000e+00 -2.191807e+01
vertex 4.397093e+01 2.522883e+00 -2.250860e+01
endloop
endfacet
facet normal 0 0 0
outer loop
vertex 2.109587e+01 2.540000e+00 3.169242e+00
vertex 2.143346e+01 2.395381e+00 3.679402e+00
vertex 2.213876e+01 2.531442e+00 3.470669e+00
endloop
endfacet
facet normal 0 0 0
outer loop
vertex 2.213876e+01 2.531442e+00 3.470669e+00
vertex 2.120472e+01 2.540000e+00 2.393504e+00
vertex 2.109587e+01 2.540000e+00 3.169242e+00
endloop
endfacet
facet normal 0 0 0
outer loop
vertex 4.478629e+01 -2.231203e+00 -1.133178e+01
vertex 4.453933e+01 -2.391438e+00 -1.069818e+01
vertex 4.446920e+01 -2.386394e+00 -1.137851e+01
endloop
endfacet
facet normal 0 0 0
outer loop
vertex 1.165684e+01 -2.540000e+00 -1.680907e+00
vertex 1.081854e+01 -2.391438e+00 -1.887636e+00
vertex 1.093382e+01 -2.540000e+00 -2.351768e+00
endloop
endfacet
facet normal 0 0 0
outer loop
vertex 4.320167e+01 -2.531442e+00 -2.433622e+01
vertex 4.352632e+01 -2.391438e+00 -2.442926e+01
vertex 4.349971e+01 -2.540000e+00 -2.329105e+01
endloop
endfacet
facet normal 0 0 0
outer loop
vertex 4.172169e+01 -2.540000e+00 -2.524311e+01
vertex 4.275003e+01 -2.531442e+00 -2.521716e+01
vertex 4.189346e+01 -2.540000e+00 -2.388915e+01
endloop
endfacet
facet normal 0 0 0
outer loop
vertex 4.172169e+01 -2.540000e+00 -2.524311e+01
vertex 4.189346e+01 -2.540000e+00 -2.388915e+01
vertex 4.105164e+01 -2.537040e+00 -2.428892e+01
endloop
endfacet
facet normal 0 0 0
outer loop
vertex 3.953263e+01 -2.015267e+00 -1.734065e+00
vertex 3.869711e+01 -2.254941e+00 -1.222694e+00
vertex 3.864025e+01 -2.522883e+00 -1.573692e+00
endloop
endfacet
facet normal 0 0 0
outer loop
vertex 3.953263e+01 -2.015267e+00 -1.734065e+00
vertex 3.936861e+01 -2.522883e+00 -2.249517e+00
vertex 3.955598e+01 -2.391438e+00 -2.066769e+00
endloop
endfacet
facet normal 0 0 0
outer loop
vertex 3.953263e+01 -2.015267e+00 -1.734065e+00
vertex 3.864025e+01 -2.522883e+00 -1.573692e+00
vertex 3.936861e+01 -2.522883e+00 -2.249517e+00
endloop
endfacet
facet normal 0 0 0
outer loop
vertex 1.831224e+01 -2.540000e+00 2.358223e+00
vertex 1.866240e+01 -2.391438e+00 2.943987e+00
vertex 1.793057e+01 -2.391438e+00 2.690603e+00
endloop
endfacet
facet normal 0 0 0
outer loop
vertex 5.737931e+00 -2.534211e+00 -2.058340e+01
vertex 6.005261e+00 -2.532826e+00 -2.153829e+01
vertex 6.712122e+00 -2.540000e+00 -2.053281e+01
endloop
endfacet
facet normal 0 0 0
outer loop
vertex 2.810368e+01 -2.540000e+00 -7.674302e+00
vertex 2.984358e+01 -2.540000e+00 -6.951658e+00
vertex 2.860146e+01 -2.540000e+00 -5.841354e+00
endloop
endfacet
facet normal 0 0 0
outer loop
vertex 1.106933e+01 2.540000e+00 -2.893937e+01
vertex 1.195058e+01 2.540000e+00 -2.959798e+01
vertex 1.093382e+01 2.540000e+00 -2.998403e+01
endloop
endfacet
facet normal 0 0 0
outer loop
vertex 1.165684e+01 2.540000e+00 -3.065489e+01
vertex 1.237985e+01 2.540000e+00 -3.132575e+01
vertex 1.152256e+01 2.401804e+00 -3.089290e+01
endloop
endfacet
facet normal 0 0 0
outer loop
vertex 6.523213e+00 -2.400112e+00 -2.404348e+01
vertex 6.862741e+00 -2.398735e+00 -2.479080e+01
vertex 6.995936e+00 -2.531442e+00 -2.433622e+01
endloop
endfacet
facet normal 0 0 0
outer loop
vertex 1.676410e+01 -2.540000e+00 -1.135211e+01
vertex 1.764261e+01 -2.540000e+00 -9.852394e+00
vertex 1.587827e+01 -2.540000e+00 -1.008851e+01
endloop
endfacet
facet normal 0 0 0
outer loop
vertex 7.204685e+00 -2.391438e+00 -2.551844e+01
vertex 7.115208e+00 -2.085889e+00 -2.578033e+01
vertex 7.481911e+00 -2.344544e+00 -2.610853e+01
endloop
endfacet
facet normal 0 0 0
outer loop
vertex 4.191109e+01 -2.540000e+00 -1.938532e+01
vertex 4.097544e+01 -2.540000e+00 -1.791066e+01
vertex 4.053448e+01 -2.540000e+00 -1.992958e+01
endloop
endfacet
facet normal 0 0 0
outer loop
vertex 2.563751e+01 2.437366e+00 -3.626653e+01
vertex 2.591957e+01 2.286512e+00 -3.641306e+01
vertex 2.519150e+01 2.179741e+00 -3.651835e+01
endloop
endfacet
facet normal 0 0 0
outer loop
vertex 2.519150e+01 2.179741e+00 -3.651835e+01
vertex 2.591957e+01 2.286512e+00 -3.641306e+01
vertex 2.611291e+01 2.085889e+00 -3.650867e+01
endloop
endfacet
facet normal 0 0 0
outer loop
vertex 8.756979e+00 -2.156511e+00 -4.047979e+00
vertex 8.161566e+00 -2.156511e+00 -4.850801e+00
vertex 8.967777e+00 -2.465719e+00 -4.389384e+00
endloop
endfacet
facet normal 0 0 0
outer loop
vertex 5.489598e+00 2.540000e+00 -1.862525e+01
vertex 5.612240e+00 2.540000e+00 -1.960391e+01
vertex 5.280308e+00 2.459363e+00 -1.881333e+01
endloop
endfacet
facet normal 0 0 0
outer loop
vertex 4.054197e+01 -2.540000e+00 -1.327687e+01
vertex 3.987290e+01 -2.540000e+00 -1.416932e+01
vertex 4.135941e+01 -2.540000e+00 -1.412345e+01
endloop
endfacet
facet normal 0 0 0
outer loop
vertex 3.987290e+01 -2.540000e+00 -1.416932e+01
vertex 4.042171e+01 -2.540000e+00 -1.500399e+01
vertex 4.135941e+01 -2.540000e+00 -1.412345e+01
endloop
endfacet
facet normal 0 0 0
outer loop
vertex 3.632780e+01 -2.522883e+00 3.020248e-01
vertex 3.729008e+01 -2.196591e+00 4.843128e-02
vertex 3.647524e+01 -2.391438e+00 5.182743e-01
endloop
endfacet
facet normal 0 0 0
outer loop
vertex 7.822299e+00 -2.408042e+00 -6.045951e+00
vertex 7.983908e+00 -2.540000e+00 -6.286613e+00
vertex 8.430971e+00 -2.540000e+00 -5.527026e+00
endloop
endfacet
facet normal 0 0 0
outer loop
vertex 3.365203e+01 1.141753e+00 -3.485649e+01
vertex 3.387095e+01 2.085889e+00 -3.454821e+01
vertex 3.419629e+01 1.607052e+00 -3.450284e+01
endloop
endfacet
facet normal 0 0 0
outer loop
vertex 1.676410e+01 -2.540000e+00 -1.135211e+01
vertex 1.861712e+01 -2.540000e+00 -1.074240e+01
vertex 1.764261e+01 -2.540000e+00 -9.852394e+00
endloop
endfacet
facet normal 0 0 0
outer loop
vertex 2.730799e+01 -2.522883e+00 3.632829e+00
vertex 2.811329e+01 -2.513696e+00 3.501556e+00
vertex 2.825987e+01 -2.358484e+00 3.773203e+00
endloop
endfacet
facet normal 0 0 0
outer loop
vertex 3.047164e+01 2.320185e+00 -3.565695e+01
vertex 2.967748e+01 2.510621e+00 -3.557130e+01
vertex 3.032591e+01 2.516752e+00 -3.539361e+01
endloop
endfacet
facet normal 0 0 0
outer loop
vertex 2.967748e+01 2.510621e+00 -3.557130e+01
vertex 2.990256e+01 2.540000e+00 -3.412648e+01
vertex 3.045648e+01 2.531442e+00 -3.474934e+01
endloop
endfacet
facet normal 0 0 0
outer loop
vertex 1.237985e+01 2.540000e+00 -3.132575e+01
vertex 1.143546e+01 2.156511e+00 -3.124307e+01
vertex 1.152256e+01 2.401804e+00 -3.089290e+01
endloop
endfacet
facet normal 0 0 0
outer loop
vertex 1.237985e+01 2.540000e+00 -3.132575e+01
vertex 1.217606e+01 2.156511e+00 -3.191431e+01
vertex 1.143546e+01 2.156511e+00 -3.124307e+01
endloop
endfacet
facet normal 0 0 0
outer loop
vertex 1.228701e+01 2.391438e+00 -3.177911e+01
vertex 1.217606e+01 2.156511e+00 -3.191431e+01
vertex 1.237985e+01 2.540000e+00 -3.132575e+01
endloop
endfacet
facet normal 0 0 0
outer loop
vertex 3.791188e+01 -2.522883e+00 -8.978662e-01
vertex 3.869711e+01 -2.254941e+00 -1.222694e+00
vertex 3.808012e+01 -2.391438e+00 -6.973705e-01
endloop
endfacet
facet normal 0 0 0
outer loop
vertex 4.275003e+01 -2.531442e+00 -2.521716e+01
vertex 4.172169e+01 -2.540000e+00 -2.524311e+01
vertex 4.229840e+01 -2.531442e+00 -2.609809e+01
endloop
endfacet
facet normal 0 0 0
outer loop
vertex 4.511910e+01 -2.015267e+00 -1.218561e+01
vertex 4.478629e+01 -2.231203e+00 -1.133178e+01
vertex 4.446920e+01 -2.386394e+00 -1.137851e+01
endloop
endfacet
facet normal 0 0 0
outer loop
vertex 2.819200e+01 2.391438e+00 3.787334e+00
vertex 2.899086e+01 2.395465e+00 3.639619e+00
vertex 2.805884e+01 2.531442e+00 3.470669e+00
endloop
endfacet
facet normal 0 0 0
outer loop
vertex 2.899086e+01 2.395465e+00 3.639619e+00
vertex 2.819200e+01 2.391438e+00 3.787334e+00
vertex 2.808620e+01 2.121200e+00 3.967959e+00
endloop
endfacet
facet normal 0 0 0
outer loop
vertex 3.869711e+01 -2.254941e+00 -1.222694e+00
vertex 3.791188e+01 -2.522883e+00 -8.978662e-01
vertex 3.864025e+01 -2.522883e+00 -1.573692e+00
endloop
endfacet
facet normal 0 0 0
outer loop
vertex 4.399162e+01 -2.385772e+00 -2.328167e+01
vertex 4.433604e+01 -1.879668e+00 -2.299734e+01
vertex 4.423386e+01 -2.391438e+00 -2.256058e+01
endloop
endfacet
facet normal 0 0 0
outer loop
vertex 3.791188e+01 2.522883e+00 -3.143793e+01
vertex 3.870930e+01 2.253420e+00 -3.109844e+01
vertex 3.808012e+01 2.391438e+00 -3.163843e+01
endloop
endfacet
facet normal 0 0 0
outer loop
vertex 1.972877e+01 2.391438e+00 3.295127e+00
vertex 1.865455e+01 2.391438e+00 2.963859e+00
vertex 1.917949e+01 2.085889e+00 3.345436e+00
endloop
endfacet
facet normal 0 0 0
outer loop
vertex 4.931532e+00 -2.015267e+00 -1.317637e+01
vertex 5.612240e+00 -2.540000e+00 -1.273189e+01
vertex 5.078497e+00 -2.015267e+00 -1.218561e+01
endloop
endfacet
facet normal 0 0 0
outer loop
vertex 5.612240e+00 -2.540000e+00 -1.273189e+01
vertex 5.113303e+00 -2.202767e+00 -1.343189e+01
vertex 5.293066e+00 -2.462462e+00 -1.349208e+01
endloop
endfacet
facet normal 0 0 0
outer loop
vertex 5.119970e+00 -2.156511e+00 -1.219386e+01
vertex 5.612240e+00 -2.540000e+00 -1.273189e+01
vertex 5.344622e+00 -2.401825e+00 -1.212875e+01
endloop
endfacet
facet normal 0 0 0
outer loop
vertex 5.612240e+00 -2.540000e+00 -1.273189e+01
vertex 5.119970e+00 -2.156511e+00 -1.219386e+01
vertex 5.078497e+00 -2.015267e+00 -1.218561e+01
endloop
endfacet
facet normal 0 0 0
outer loop
vertex 5.113303e+00 -2.202767e+00 -1.343189e+01
vertex 5.612240e+00 -2.540000e+00 -1.273189e+01
vertex 4.931532e+00 -2.015267e+00 -1.317637e+01
endloop
endfacet
facet normal 0 0 0
outer loop
vertex 4.310104e+01 -2.015267e+00 -6.545503e+00
vertex 4.253159e+01 -2.231688e+00 -5.895056e+00
vertex 4.234035e+01 -2.522883e+00 -6.213483e+00
endloop
endfacet
facet normal 0 0 0
outer loop
vertex 4.184355e+01 2.522883e+00 -2.698281e+01
vertex 4.135644e+01 2.540000e+00 -2.599431e+01
vertex 4.234279e+01 2.525200e+00 -2.607852e+01
endloop
endfacet
facet normal 0 0 0
outer loop
vertex 4.135644e+01 2.540000e+00 -2.599431e+01
vertex 4.184355e+01 2.522883e+00 -2.698281e+01
vertex 4.080537e+01 2.540000e+00 -2.684818e+01
endloop
endfacet
facet normal 0 0 0
outer loop
vertex 3.864025e+01 2.522883e+00 -3.076211e+01
vertex 3.870930e+01 2.253420e+00 -3.109844e+01
vertex 3.791188e+01 2.522883e+00 -3.143793e+01
endloop
endfacet
facet normal 0 0 0
outer loop
vertex 2.119836e+01 -2.535468e+00 3.302242e+00
vertex 2.033083e+01 -2.391438e+00 3.426433e+00
vertex 2.024388e+01 -2.533455e+00 3.063011e+00
endloop
endfacet
facet normal 0 0 0
outer loop
vertex 3.209432e+01 -1.912113e+00 -3.533904e+01
vertex 3.168891e+01 -2.391438e+00 -3.523964e+01
vertex 3.108798e+01 -2.007989e+00 -3.568011e+01
endloop
endfacet
facet normal 0 0 0
outer loop
vertex 3.325164e+01 -2.534220e+00 -2.555626e+01
vertex 3.209687e+01 -2.540000e+00 -2.684030e+01
vertex 3.329567e+01 -2.540000e+00 -2.767302e+01
endloop
endfacet
facet normal 0 0 0
outer loop
vertex 1.013134e+01 2.140998e+00 -2.995699e+01
vertex 1.093382e+01 2.540000e+00 -2.998403e+01
vertex 1.069487e+01 2.156511e+00 -3.057183e+01
endloop
endfacet
facet normal 0 0 0
outer loop
vertex 1.069487e+01 2.156511e+00 -3.057183e+01
vertex 1.093382e+01 2.540000e+00 -2.998403e+01
vertex 1.087706e+01 2.385559e+00 -3.049097e+01
endloop
endfacet
facet normal 0 0 0
outer loop
vertex 2.237306e+01 2.391438e+00 3.837270e+00
vertex 2.309012e+01 2.540000e+00 3.483338e+00
vertex 2.213876e+01 2.531442e+00 3.470669e+00
endloop
endfacet
facet normal 0 0 0
outer loop
vertex 1.742470e+01 -2.540000e+00 1.153649e+00
vertex 1.744557e+01 -2.535840e+00 2.146565e+00
vertex 1.655720e+01 -2.533641e+00 1.728682e+00
endloop
endfacet
facet normal 0 0 0
outer loop
vertex 1.165684e+01 2.540000e+00 -3.065489e+01
vertex 1.152256e+01 2.401804e+00 -3.089290e+01
vertex 1.116886e+01 2.507766e+00 -3.043431e+01
endloop
endfacet
facet normal 0 0 0
outer loop
vertex 2.024388e+01 -2.533455e+00 3.063011e+00
vertex 1.939423e+01 -2.391438e+00 3.197372e+00
vertex 1.928940e+01 -2.531442e+00 2.823781e+00
endloop
endfacet
facet normal 0 0 0
outer loop
vertex 3.488512e+01 2.325335e+00 -3.387910e+01
vertex 3.388969e+01 2.391438e+00 -3.432170e+01
vertex 3.463213e+01 2.522883e+00 -3.367403e+01
endloop
endfacet
facet normal 0 0 0
outer loop
vertex 6.097195e+00 -1.127797e+00 -2.403700e+01
vertex 6.386806e+00 -1.617383e+00 -2.442724e+01
vertex 6.279154e+00 -2.156511e+00 -2.396325e+01
endloop
endfacet
facet normal 0 0 0
outer loop
vertex 1.471553e+01 -2.540000e+00 -6.433325e-02
vertex 1.473448e+01 -2.540000e+00 6.048030e-01
vertex 1.395229e+01 -2.540000e+00 1.810284e-01
endloop
endfacet
facet normal 0 0 0
outer loop
vertex 4.021693e+01 -2.203352e+00 -2.642550e+00
vertex 4.087790e+01 -2.015267e+00 -3.218331e+00
vertex 4.020527e+01 -2.015267e+00 -2.476198e+00
endloop
endfacet
facet normal 0 0 0
outer loop
vertex 1.793057e+01 -2.391438e+00 2.690603e+00
vertex 1.730345e+01 -2.156511e+00 2.651747e+00
vertex 1.675175e+01 -2.397290e+00 2.180060e+00
endloop
endfacet
facet normal 0 0 0
outer loop
vertex 1.675175e+01 -2.397290e+00 2.180060e+00
vertex 1.744557e+01 -2.535840e+00 2.146565e+00
vertex 1.793057e+01 -2.391438e+00 2.690603e+00
endloop
endfacet
facet normal 0 0 0
outer loop
vertex 1.093382e+01 2.540000e+00 -2.998403e+01
vertex 1.195058e+01 2.540000e+00 -2.959798e+01
vertex 1.165684e+01 2.540000e+00 -3.065489e+01
endloop
endfacet
facet normal 0 0 0
outer loop
vertex 1.087706e+01 2.385559e+00 -3.049097e+01
vertex 1.093382e+01 2.540000e+00 -2.998403e+01
vertex 1.116886e+01 2.507766e+00 -3.043431e+01
endloop
endfacet
facet normal 0 0 0
outer loop
vertex 3.643939e+01 -2.015267e+00 8.044949e-01
vertex 3.632780e+01 -2.522883e+00 3.020248e-01
vertex 3.647524e+01 -2.391438e+00 5.182743e-01
endloop
endfacet
facet normal 0 0 0
outer loop
vertex 3.632780e+01 -2.522883e+00 3.020248e-01
vertex 3.643939e+01 -2.015267e+00 8.044949e-01
vertex 3.548905e+01 -2.527994e+00 7.634022e-01
endloop
endfacet
facet normal 0 0 0
outer loop
vertex 4.428738e+01 2.522883e+00 -2.156673e+01
vertex 4.450639e+01 2.365116e+00 -2.091132e+01
vertex 4.456755e+01 2.373129e+00 -2.156522e+01
endloop
endfacet
facet normal 0 0 0
outer loop
vertex 4.450639e+01 2.365116e+00 -2.091132e+01
vertex 4.480725e+01 2.217602e+00 -2.095025e+01
vertex 4.456755e+01 2.373129e+00 -2.156522e+01
endloop
endfacet
facet normal 0 0 0
outer loop
vertex 2.033083e+01 -2.391438e+00 3.426433e+00
vertex 1.939423e+01 -2.391438e+00 3.197372e+00
vertex 2.024388e+01 -2.533455e+00 3.063011e+00
endloop
endfacet
facet normal 0 0 0
outer loop
vertex 1.069487e+01 -2.156511e+00 -1.763966e+00
vertex 1.002363e+01 -2.156511e+00 -2.504561e+00
vertex 1.093382e+01 -2.540000e+00 -2.351768e+00
endloop
endfacet
facet normal 0 0 0
outer loop
vertex 5.078497e+00 2.015267e+00 -2.015019e+01
vertex 4.931532e+00 2.015267e+00 -1.915943e+01
vertex 5.612240e+00 2.540000e+00 -1.960391e+01
endloop
endfacet
facet normal 0 0 0
outer loop
vertex 5.078497e+00 2.015267e+00 -2.015019e+01
vertex 5.612240e+00 2.540000e+00 -1.960391e+01
vertex 5.119970e+00 2.156511e+00 -2.014194e+01
endloop
endfacet
facet normal 0 0 0
outer loop
vertex 6.365315e+00 -2.540000e+00 -9.873783e+00
vertex 6.051189e+00 -2.540000e+00 -1.080873e+01
vertex 6.870396e+00 -2.540000e+00 -1.105845e+01
endloop
endfacet
facet normal 0 0 0
outer loop
vertex 3.546392e+01 2.540000e+00 -1.604043e+01
vertex 3.513863e+01 2.540000e+00 -1.728828e+01
vertex 3.388358e+01 2.540000e+00 -1.611345e+01
endloop
endfacet
facet normal 0 0 0
outer loop
vertex 3.711984e+01 2.522883e+00 -3.203788e+01
vertex 3.791188e+01 2.522883e+00 -3.143793e+01
vertex 3.804837e+01 2.015267e+00 -3.194699e+01
endloop
endfacet
facet normal 0 0 0
outer loop
vertex 3.804837e+01 2.015267e+00 -3.194699e+01
vertex 3.791188e+01 2.522883e+00 -3.143793e+01
vertex 3.808012e+01 2.391438e+00 -3.163843e+01
endloop
endfacet
facet normal 0 0 0
outer loop
vertex 3.726181e+01 2.203352e+00 -3.240054e+01
vertex 3.711984e+01 2.522883e+00 -3.203788e+01
vertex 3.804837e+01 2.015267e+00 -3.194699e+01
endloop
endfacet
facet normal 0 0 0
outer loop
vertex 1.151906e+01 -2.426387e+00 -1.466438e+00
vertex 1.081854e+01 -2.391438e+00 -1.887636e+00
vertex 1.165684e+01 -2.540000e+00 -1.680907e+00
endloop
endfacet
facet normal 0 0 0
outer loop
vertex 3.548905e+01 -2.527994e+00 7.634022e-01
vertex 3.643939e+01 -2.015267e+00 8.044949e-01
vertex 3.559835e+01 -2.203352e+00 1.186290e+00
endloop
endfacet
facet normal 0 0 0
outer loop
vertex 3.643939e+01 -2.015267e+00 8.044949e-01
vertex 3.561023e+01 -2.050578e+00 1.291253e+00
vertex 3.559835e+01 -2.203352e+00 1.186290e+00
endloop
endfacet
facet normal 0 0 0
outer loop
vertex 6.341999e+00 2.540000e+00 -9.865950e+00
vertex 5.864775e+00 2.407233e+00 -1.012183e+01
vertex 6.251309e+00 2.400234e+00 -9.008383e+00
endloop
endfacet
facet normal 0 0 0
outer loop
vertex 5.291506e+00 2.391438e+00 -2.010782e+01
vertex 5.119970e+00 2.156511e+00 -2.014194e+01
vertex 5.612240e+00 2.540000e+00 -1.960391e+01
endloop
endfacet
facet normal 0 0 0
outer loop
vertex 1.551722e+01 2.400697e+00 1.586344e+00
vertex 1.648170e+01 2.531442e+00 1.725696e+00
vertex 1.474289e+01 2.531442e+00 7.787924e-01
endloop
endfacet
facet normal 0 0 0
outer loop
vertex 4.253159e+01 -2.231688e+00 -5.895056e+00
vertex 4.184355e+01 -2.522883e+00 -5.352993e+00
vertex 4.234035e+01 -2.522883e+00 -6.213483e+00
endloop
endfacet
facet normal 0 0 0
outer loop
vertex 4.253159e+01 -2.231688e+00 -5.895056e+00
vertex 4.206341e+01 -2.391438e+00 -5.210993e+00
vertex 4.184355e+01 -2.522883e+00 -5.352993e+00
endloop
endfacet
facet normal 0 0 0
outer loop
vertex 3.334683e+01 -2.391438e+00 -3.459346e+01
vertex 3.422586e+01 -2.368127e+00 -3.419759e+01
vertex 3.374767e+01 -2.522883e+00 -3.412746e+01
endloop
endfacet
facet normal 0 0 0
outer loop
vertex 4.199964e+01 1.964817e+00 -2.762090e+01
vertex 4.147968e+01 2.203352e+00 -2.813399e+01
vertex 4.125442e+01 2.534881e+00 -2.777407e+01
endloop
endfacet
facet normal 0 0 0
outer loop
vertex 1.548637e+01 2.085889e+00 1.815693e+00
vertex 1.551722e+01 2.400697e+00 1.586344e+00
vertex 1.427868e+01 2.411766e+00 8.314683e-01
endloop
endfacet
facet normal 0 0 0
outer loop
vertex 1.427868e+01 2.411766e+00 8.314683e-01
vertex 1.551722e+01 2.400697e+00 1.586344e+00
vertex 1.474289e+01 2.531442e+00 7.787924e-01
endloop
endfacet
facet normal 0 0 0
outer loop
vertex 3.010513e+01 -2.540000e+00 -1.707940e+01
vertex 3.217710e+01 -2.540000e+00 -1.681813e+01
vertex 3.116159e+01 -2.540000e+00 -1.601876e+01
endloop
endfacet
facet normal 0 0 0
outer loop
vertex 9.699224e+00 -2.540000e+00 -2.475006e+01
vertex 9.296710e+00 -2.540000e+00 -2.336688e+01
vertex 8.450661e+00 -2.540000e+00 -2.465315e+01
endloop
endfacet
facet normal 0 0 0
outer loop
vertex 9.352392e+00 2.156511e+00 -2.909064e+01
vertex 9.628567e+00 2.540000e+00 -2.850500e+01
vertex 9.569803e+00 2.410740e+00 -2.899042e+01
endloop
endfacet
facet normal 0 0 0
outer loop
vertex 4.413211e+01 2.545099e+00 -2.151712e+01
vertex 4.450639e+01 2.365116e+00 -2.091132e+01
vertex 4.428738e+01 2.522883e+00 -2.156673e+01
endloop
endfacet
facet normal 0 0 0
outer loop
vertex 4.450639e+01 2.365116e+00 -2.091132e+01
vertex 4.413211e+01 2.545099e+00 -2.151712e+01
vertex 4.435777e+01 2.544018e+00 -2.055931e+01
endloop
endfacet
facet normal 0 0 0
outer loop
vertex 3.804837e+01 -2.015267e+00 -3.888044e-01
vertex 3.791188e+01 -2.522883e+00 -8.978662e-01
vertex 3.808012e+01 -2.391438e+00 -6.973705e-01
endloop
endfacet
facet normal 0 0 0
outer loop
vertex 6.891854e+00 -2.387632e+00 -7.796439e+00
vertex 7.446600e+00 -2.538437e+00 -7.227814e+00
vertex 6.706504e+00 -2.156511e+00 -7.468991e+00
endloop
endfacet
facet normal 0 0 0
outer loop
vertex 7.115208e+00 -2.085889e+00 -2.578033e+01
vertex 7.644072e+00 -2.015267e+00 -2.670377e+01
vertex 7.481911e+00 -2.344544e+00 -2.610853e+01
endloop
endfacet
facet normal 0 0 0
outer loop
vertex 1.563759e+01 -2.540000e+00 -2.399269e+01
vertex 1.626024e+01 -2.540000e+00 -2.269044e+01
vertex 1.469868e+01 -2.540000e+00 -2.242488e+01
endloop
endfacet
facet normal 0 0 0
outer loop
vertex 1.109857e+01 -2.540000e+00 -1.622927e+01
vertex 1.224497e+01 -2.540000e+00 -1.529256e+01
vertex 1.052125e+01 -2.540000e+00 -1.429654e+01
endloop
endfacet
facet normal 0 0 0
outer loop
vertex 6.706504e+00 -2.156511e+00 -7.468991e+00
vertex 7.446600e+00 -2.538437e+00 -7.227814e+00
vertex 7.133854e+00 -2.156511e+00 -6.565435e+00
endloop
endfacet
facet normal 0 0 0
outer loop
vertex 1.481056e+01 2.535721e+00 -3.308171e+01
vertex 1.474138e+01 2.540000e+00 -3.222983e+01
vertex 1.395229e+01 2.540000e+00 -3.251683e+01
endloop
endfacet
facet normal 0 0 0
outer loop
vertex 3.387095e+01 -2.085889e+00 2.212407e+00
vertex 3.301123e+01 -2.391438e+00 2.408951e+00
vertex 3.389382e+01 -2.391438e+00 1.983917e+00
endloop
endfacet
facet normal 0 0 0
outer loop
vertex 4.304478e+01 1.973894e+00 -2.589931e+01
vertex 4.234279e+01 2.525200e+00 -2.607852e+01
vertex 4.283716e+01 2.522883e+00 -2.526183e+01
endloop
endfacet
facet normal 0 0 0
outer loop
vertex 4.304478e+01 1.973894e+00 -2.589931e+01
vertex 4.252109e+01 2.238190e+00 -2.643212e+01
vertex 4.234279e+01 2.525200e+00 -2.607852e+01
endloop
endfacet
facet normal 0 0 0
outer loop
vertex 7.578924e+00 -2.540000e+00 -2.509780e+01
vertex 6.995936e+00 -2.531442e+00 -2.433622e+01
vertex 6.862741e+00 -2.398735e+00 -2.479080e+01
endloop
endfacet
facet normal 0 0 0
outer loop
vertex 3.382839e+01 -1.858095e+00 -3.462492e+01
vertex 3.422586e+01 -2.368127e+00 -3.419759e+01
vertex 3.334683e+01 -2.391438e+00 -3.459346e+01
endloop
endfacet
facet normal 0 0 0
outer loop
vertex 3.009138e+01 -2.540000e+00 -2.026667e+01
vertex 2.986286e+01 -2.540000e+00 -1.882593e+01
vertex 2.914304e+01 -2.540000e+00 -1.941893e+01
endloop
endfacet
facet normal 0 0 0
outer loop
vertex 4.006125e+01 2.540000e+00 -1.780180e+01
vertex 3.992599e+01 2.540000e+00 -1.929651e+01
vertex 3.828941e+01 2.540000e+00 -1.840019e+01
endloop
endfacet
facet normal 0 0 0
outer loop
vertex 3.955598e+01 -2.391438e+00 -2.066769e+00
vertex 3.936861e+01 -2.522883e+00 -2.249517e+00
vertex 4.021693e+01 -2.203352e+00 -2.642550e+00
endloop
endfacet
facet normal 0 0 0
outer loop
vertex 3.828941e+01 2.540000e+00 -1.840019e+01
vertex 3.643466e+01 2.540000e+00 -1.874144e+01
vertex 3.703578e+01 2.540000e+00 -1.732565e+01
endloop
endfacet
facet normal 0 0 0
outer loop
vertex 2.944219e+01 2.540000e+00 -2.020253e+01
vertex 2.848453e+01 2.540000e+00 -2.225624e+01
vertex 2.753002e+01 2.537893e+00 -2.107182e+01
endloop
endfacet
facet normal 0 0 0
outer loop
vertex 2.896008e+01 2.540000e+00 -2.392327e+01
vertex 2.705963e+01 2.540000e+00 -2.358034e+01
vertex 2.848453e+01 2.540000e+00 -2.225624e+01
endloop
endfacet
facet normal 0 0 0
outer loop
vertex 4.308239e+01 2.085889e+00 -6.555469e+00
vertex 4.367689e+01 1.489828e+00 -7.531636e+00
vertex 4.353671e+01 2.015267e+00 -7.466646e+00
endloop
endfacet
facet normal 0 0 0
outer loop
vertex 3.528472e+01 -2.540000e+00 -5.653843e+00
vertex 3.315640e+01 -2.540000e+00 -5.171854e+00
vertex 3.398736e+01 -2.540000e+00 -6.431384e+00
endloop
endfacet
facet normal 0 0 0
outer loop
vertex 3.643939e+01 2.015267e+00 -3.314030e+01
vertex 3.561023e+01 2.050578e+00 -3.362705e+01
vertex 3.559835e+01 2.203352e+00 -3.352209e+01
endloop
endfacet
facet normal 0 0 0
outer loop
vertex 3.407163e+01 -2.540000e+00 -7.792029e+00
vertex 3.416637e+01 -2.540000e+00 -9.183177e+00
vertex 3.557308e+01 -2.540000e+00 -8.723906e+00
endloop
endfacet
facet normal 0 0 0
outer loop
vertex 2.790623e+01 -2.540000e+00 -9.327357e+00
vertex 2.944804e+01 -2.540000e+00 -1.020242e+01
vertex 2.941592e+01 -2.540000e+00 -8.590227e+00
endloop
endfacet
facet normal 0 0 0
outer loop
vertex 3.398736e+01 -2.540000e+00 -6.431384e+00
vertex 3.242083e+01 -2.540000e+00 -7.086906e+00
vertex 3.407163e+01 -2.540000e+00 -7.792029e+00
endloop
endfacet
facet normal 0 0 0
outer loop
vertex 2.944219e+01 2.540000e+00 -2.020253e+01
vertex 2.753002e+01 2.537893e+00 -2.107182e+01
vertex 2.748425e+01 2.540000e+00 -1.972911e+01
endloop
endfacet
facet normal 0 0 0
outer loop
vertex 1.786611e+01 -2.540000e+00 -1.203472e+01
vertex 1.676410e+01 -2.540000e+00 -1.135211e+01
vertex 1.706445e+01 -2.540000e+00 -1.337971e+01
endloop
endfacet
facet normal 0 0 0
outer loop
vertex 1.786611e+01 -2.540000e+00 -1.203472e+01
vertex 1.861712e+01 -2.540000e+00 -1.074240e+01
vertex 1.676410e+01 -2.540000e+00 -1.135211e+01
endloop
endfacet
facet normal 0 0 0
outer loop
vertex 1.765507e+01 -2.540000e+00 -7.338877e+00
vertex 1.915950e+01 -2.540000e+00 -7.019181e+00
vertex 1.853466e+01 -2.540000e+00 -5.229502e+00
endloop
endfacet
facet normal 0 0 0
outer loop
vertex 2.058761e+01 -2.540000e+00 -6.901855e+00
vertex 1.915950e+01 -2.540000e+00 -7.019181e+00
vertex 2.061689e+01 -2.540000e+00 -8.487546e+00
endloop
endfacet
facet normal 0 0 0
outer loop
vertex 1.915950e+01 -2.540000e+00 -7.019181e+00
vertex 1.858840e+01 -2.540000e+00 -8.785210e+00
vertex 2.061689e+01 -2.540000e+00 -8.487546e+00
endloop
endfacet
facet normal 0 0 0
outer loop
vertex 3.015705e+01 -2.540000e+00 -1.124308e+01
vertex 2.944804e+01 -2.540000e+00 -1.020242e+01
vertex 2.844932e+01 -2.540000e+00 -1.115667e+01
endloop
endfacet
facet normal 0 0 0
outer loop
vertex 2.162388e+01 -2.540000e+00 -5.663077e+00
vertex 2.058761e+01 -2.540000e+00 -6.901855e+00
vertex 2.174425e+01 -2.540000e+00 -7.308551e+00
endloop
endfacet
facet normal 0 0 0
outer loop
vertex 1.496865e+01 -2.540000e+00 -6.264733e+00
vertex 1.418314e+01 -2.540000e+00 -7.104839e+00
vertex 1.567538e+01 -2.540000e+00 -7.277791e+00
endloop
endfacet
facet normal 0 0 0
outer loop
vertex 2.000610e+01 -2.540000e+00 -1.127011e+01
vertex 2.120517e+01 -2.540000e+00 -1.128777e+01
vertex 2.003438e+01 -2.540000e+00 -9.952259e+00
endloop
endfacet
facet normal 0 0 0
outer loop
vertex 2.018497e+01 -2.540000e+00 -1.499162e+01
vertex 1.865262e+01 -2.540000e+00 -1.510796e+01
vertex 1.898487e+01 -2.540000e+00 -1.684427e+01
endloop
endfacet
facet normal 0 0 0
outer loop
vertex 1.685124e+01 -2.540000e+00 -1.532641e+01
vertex 1.682050e+01 -2.540000e+00 -1.701818e+01
vertex 1.779681e+01 -2.540000e+00 -1.611990e+01
endloop
endfacet
facet normal 0 0 0
outer loop
vertex 1.129186e+01 -2.540000e+00 -7.811215e+00
vertex 1.283751e+01 -2.540000e+00 -7.180521e+00
vertex 1.181674e+01 -2.540000e+00 -6.569014e+00
endloop
endfacet
facet normal 0 0 0
outer loop
vertex 1.226706e+01 -2.540000e+00 -5.150274e+00
vertex 1.181674e+01 -2.540000e+00 -6.569014e+00
vertex 1.283751e+01 -2.540000e+00 -7.180521e+00
endloop
endfacet
facet normal 0 0 0
outer loop
vertex 2.017720e+01 -2.540000e+00 -2.299612e+01
vertex 2.057050e+01 -2.540000e+00 -2.441310e+01
vertex 2.176974e+01 -2.540000e+00 -2.387174e+01
endloop
endfacet
facet normal 0 0 0
outer loop
vertex 2.017720e+01 -2.540000e+00 -2.299612e+01
vertex 2.176974e+01 -2.540000e+00 -2.387174e+01
vertex 2.159057e+01 -2.540000e+00 -2.190876e+01
endloop
endfacet
facet normal 0 0 0
outer loop
vertex 2.896008e+01 2.540000e+00 -2.392327e+01
vertex 2.989542e+01 2.540000e+00 -2.517808e+01
vertex 2.824619e+01 2.540000e+00 -2.531425e+01
endloop
endfacet
facet normal 0 0 0
outer loop
vertex 3.196650e+01 2.540000e+00 -2.390569e+01
vertex 3.304255e+01 2.533221e+00 -2.515690e+01
vertex 3.131194e+01 2.540000e+00 -2.549473e+01
endloop
endfacet
facet normal 0 0 0
outer loop
vertex 2.705963e+01 2.540000e+00 -2.358034e+01
vertex 2.629365e+01 2.540000e+00 -2.540557e+01
vertex 2.535691e+01 2.540000e+00 -2.403472e+01
endloop
endfacet
facet normal 0 0 0
outer loop
vertex 3.009138e+01 -2.540000e+00 -2.026667e+01
vertex 2.918874e+01 -2.540000e+00 -2.133442e+01
vertex 3.033968e+01 -2.540000e+00 -2.181308e+01
endloop
endfacet
facet normal 0 0 0
outer loop
vertex 2.529816e+01 -2.536102e+00 -2.127310e+01
vertex 2.597270e+01 -2.540000e+00 -2.209017e+01
vertex 2.639750e+01 -2.540000e+00 -2.035319e+01
endloop
endfacet
facet normal 0 0 0
outer loop
vertex 3.483101e+01 -2.540000e+00 -2.808566e+01
vertex 3.527677e+01 -2.540000e+00 -2.934138e+01
vertex 3.658572e+01 -2.540000e+00 -2.821644e+01
endloop
endfacet
facet normal 0 0 0
outer loop
vertex 3.325164e+01 -2.534220e+00 -2.555626e+01
vertex 3.329567e+01 -2.540000e+00 -2.767302e+01
vertex 3.418807e+01 -2.540000e+00 -2.688963e+01
endloop
endfacet
facet normal 0 0 0
outer loop
vertex 3.418807e+01 -2.540000e+00 -2.688963e+01
vertex 3.329567e+01 -2.540000e+00 -2.767302e+01
vertex 3.483101e+01 -2.540000e+00 -2.808566e+01
endloop
endfacet
facet normal 0 0 0
outer loop
vertex 3.009949e+01 -2.540000e+00 -2.850387e+01
vertex 3.057257e+01 -2.540000e+00 -2.697051e+01
vertex 2.918960e+01 -2.540000e+00 -2.775208e+01
endloop
endfacet
facet normal 0 0 0
outer loop
vertex 9.052814e+00 2.540000e+00 -2.770418e+01
vertex 9.591806e+00 2.540000e+00 -2.648696e+01
vertex 1.019638e+01 2.540000e+00 -2.734838e+01
endloop
endfacet
facet normal 0 0 0
outer loop
vertex 3.779953e+01 2.540000e+00 -1.044754e+01
vertex 3.700999e+01 2.540000e+00 -9.247950e+00
vertex 3.843031e+01 2.540000e+00 -8.969767e+00
endloop
endfacet
facet normal 0 0 0
outer loop
vertex 4.566709e+01 0.000000e+00 -1.897940e+01
vertex 4.558930e+01 -8.131357e-01 -1.839741e+01
vertex 4.540740e+01 -1.062862e+00 -1.943020e+01
endloop
endfacet
facet normal 0 0 0
outer loop
vertex 1.917350e+01 2.540000e+00 6.809502e-01
vertex 2.026171e+01 2.540000e+00 7.336923e-01
vertex 1.971073e+01 2.540000e+00 -5.885060e-01
endloop
endfacet
facet normal 0 0 0
outer loop
vertex 1.882334e+01 -2.540000e+00 -3.126653e+01
vertex 1.802752e+01 -2.540000e+00 -3.014545e+01
vertex 1.732297e+01 -2.540000e+00 -3.182689e+01
endloop
endfacet
facet normal 0 0 0
outer loop
vertex 1.863421e+01 -2.540000e+00 -3.238860e+01
vertex 1.882334e+01 -2.540000e+00 -3.126653e+01
vertex 1.732297e+01 -2.540000e+00 -3.182689e+01
endloop
endfacet
facet normal 0 0 0
outer loop
vertex 3.951344e+01 2.540000e+00 -1.526486e+01
vertex 3.839071e+01 2.538257e+00 -1.412582e+01
vertex 3.993430e+01 2.540000e+00 -1.325722e+01
endloop
endfacet
facet normal 0 0 0
outer loop
vertex 1.551722e+01 2.400697e+00 1.586344e+00
vertex 1.548637e+01 2.085889e+00 1.815693e+00
vertex 1.652045e+01 2.366266e+00 2.130368e+00
endloop
endfacet
facet normal 0 0 0
outer loop
vertex 3.546392e+01 2.540000e+00 -1.604043e+01
vertex 3.491998e+01 2.540000e+00 -1.486044e+01
vertex 3.652715e+01 2.540000e+00 -1.475166e+01
endloop
endfacet
facet normal 0 0 0
outer loop
vertex 2.957562e+01 2.540000e+00 -1.846605e+01
vertex 2.983651e+01 2.540000e+00 -1.709267e+01
vertex 3.120593e+01 2.540000e+00 -1.801753e+01
endloop
endfacet
facet normal 0 0 0
outer loop
vertex 3.358789e+01 2.540000e+00 -2.775447e+01
vertex 3.161762e+01 2.540000e+00 -2.808381e+01
vertex 3.224374e+01 2.540000e+00 -2.654276e+01
endloop
endfacet
facet normal 0 0 0
outer loop
vertex 3.224374e+01 2.540000e+00 -2.654276e+01
vertex 3.375775e+01 2.540000e+00 -2.628507e+01
vertex 3.358789e+01 2.540000e+00 -2.775447e+01
endloop
endfacet
facet normal 0 0 0
outer loop
vertex 3.422101e+01 2.540000e+00 -3.975203e+00
vertex 3.403080e+01 2.540000e+00 -2.065222e+00
vertex 3.536295e+01 2.540000e+00 -3.145026e+00
endloop
endfacet
facet normal 0 0 0
outer loop
vertex 1.452865e+01 2.540000e+00 -2.106752e+01
vertex 1.321136e+01 2.540000e+00 -2.236481e+01
vertex 1.316300e+01 2.540000e+00 -2.101081e+01
endloop
endfacet
facet normal 0 0 0
outer loop
vertex 1.300012e+01 2.540000e+00 -1.972880e+01
vertex 1.346937e+01 2.540000e+00 -1.803078e+01
vertex 1.501784e+01 2.540000e+00 -1.967106e+01
endloop
endfacet
facet normal 0 0 0
outer loop
vertex 1.616556e+01 2.540000e+00 -7.676194e+00
vertex 1.448165e+01 2.540000e+00 -8.259651e+00
vertex 1.508922e+01 2.540000e+00 -6.679193e+00
endloop
endfacet
facet normal 0 0 0
outer loop
vertex 2.043719e+01 2.540000e+00 -2.912672e+01
vertex 1.876086e+01 2.540000e+00 -2.919141e+01
vertex 1.979506e+01 2.540000e+00 -2.814083e+01
endloop
endfacet
facet normal 0 0 0
outer loop
vertex 2.144287e+01 2.540000e+00 -5.969211e+00
vertex 2.150994e+01 2.540000e+00 -3.902917e+00
vertex 2.275761e+01 2.540000e+00 -4.741373e+00
endloop
endfacet
facet normal 0 0 0
outer loop
vertex 2.986945e+01 2.540000e+00 -3.003285e+01
vertex 2.971023e+01 2.540000e+00 -2.832739e+01
vertex 3.087969e+01 2.540000e+00 -2.925938e+01
endloop
endfacet
facet normal 0 0 0
outer loop
vertex 1.831224e+01 -2.540000e+00 2.358223e+00
vertex 1.828566e+01 -2.535780e+00 1.310890e+00
vertex 1.926431e+01 -2.540000e+00 1.592164e+00
endloop
endfacet
facet normal 0 0 0
outer loop
vertex 2.043719e+01 2.540000e+00 -2.912672e+01
vertex 2.246591e+01 2.540000e+00 -2.890742e+01
vertex 2.167204e+01 2.540000e+00 -3.044399e+01
endloop
endfacet
facet normal 0 0 0
outer loop
vertex 3.425659e+01 2.391438e+00 1.826726e+00
vertex 3.545398e+01 2.539262e+00 7.666609e-01
vertex 3.374767e+01 2.522883e+00 1.791664e+00
endloop
endfacet
facet normal 0 0 0
outer loop
vertex 3.528472e+01 -2.540000e+00 -5.653843e+00
vertex 3.633713e+01 -2.540000e+00 -6.472584e+00
vertex 3.649716e+01 -2.540000e+00 -4.840205e+00
endloop
endfacet
facet normal 0 0 0
outer loop
vertex 1.629304e+01 -2.540000e+00 -2.295981e+00
vertex 1.763696e+01 -2.540000e+00 -3.706954e+00
vertex 1.766758e+01 -2.540000e+00 -1.834706e+00
endloop
endfacet
facet normal 0 0 0
outer loop
vertex 1.376605e+01 -2.540000e+00 -2.479878e+01
vertex 1.372112e+01 -2.540000e+00 -2.583432e+01
vertex 1.481213e+01 -2.540000e+00 -2.492183e+01
endloop
endfacet
facet normal 0 0 0
outer loop
vertex 4.428348e+01 1.086274e+00 -2.358404e+01
vertex 4.459087e+01 1.148817e+00 -2.269384e+01
vertex 4.471357e+01 -2.767430e-02 -2.296392e+01
endloop
endfacet
facet normal 0 0 0
outer loop
vertex 3.146303e+01 2.540000e+00 -3.065764e+01
vertex 3.215521e+01 2.540000e+00 -3.234623e+01
vertex 3.042757e+01 2.540000e+00 -3.196540e+01
endloop
endfacet
facet normal 0 0 0
outer loop
vertex 4.077600e+01 2.540000e+00 -6.544931e+00
vertex 4.073923e+01 2.540000e+00 -7.856615e+00
vertex 3.920901e+01 2.540000e+00 -7.406472e+00
endloop
endfacet
facet normal 0 0 0
outer loop
vertex 2.462400e+01 -2.540000e+00 -2.880527e+01
vertex 2.296392e+01 -2.540000e+00 -2.896563e+01
vertex 2.420560e+01 -2.540000e+00 -3.021855e+01
endloop
endfacet
facet normal 0 0 0
outer loop
vertex 1.995914e+01 -2.540000e+00 -3.210229e+01
vertex 1.882334e+01 -2.540000e+00 -3.126653e+01
vertex 1.863421e+01 -2.540000e+00 -3.238860e+01
endloop
endfacet
facet normal 0 0 0
outer loop
vertex 3.808213e+01 2.540000e+00 -5.868857e+00
vertex 3.957399e+01 2.540000e+00 -5.949739e+00
vertex 3.920901e+01 2.540000e+00 -7.406472e+00
endloop
endfacet
facet normal 0 0 0
outer loop
vertex 2.971023e+01 2.540000e+00 -2.832739e+01
vertex 2.969607e+01 2.540000e+00 -2.644892e+01
vertex 3.086502e+01 2.540000e+00 -2.692674e+01
endloop
endfacet
facet normal 0 0 0
outer loop
vertex 2.675043e+01 2.540000e+00 -2.990306e+00
vertex 2.596540e+01 2.540000e+00 -1.547246e+00
vertex 2.731002e+01 2.540000e+00 -1.789016e+00
endloop
endfacet
facet normal 0 0 0
outer loop
vertex 1.763696e+01 -2.540000e+00 -3.706954e+00
vertex 1.636982e+01 -2.540000e+00 -4.365974e+00
vertex 1.853466e+01 -2.540000e+00 -5.229502e+00
endloop
endfacet
facet normal 0 0 0
outer loop
vertex 1.948493e+01 -2.540000e+00 -3.018390e+01
vertex 2.076493e+01 -2.540000e+00 -2.917674e+01
vertex 1.872164e+01 -2.540000e+00 -2.863023e+01
endloop
endfacet
facet normal 0 0 0
outer loop
vertex 1.802752e+01 -2.540000e+00 -3.014545e+01
vertex 1.948493e+01 -2.540000e+00 -3.018390e+01
vertex 1.872164e+01 -2.540000e+00 -2.863023e+01
endloop
endfacet
facet normal 0 0 0
outer loop
vertex 1.347047e+01 2.540000e+00 -1.352282e+01
vertex 1.525120e+01 2.540000e+00 -1.384220e+01
vertex 1.429338e+01 2.540000e+00 -1.458843e+01
endloop
endfacet
facet normal 0 0 0
outer loop
vertex 1.535452e+01 2.540000e+00 -1.576994e+01
vertex 1.429338e+01 2.540000e+00 -1.458843e+01
vertex 1.525120e+01 2.540000e+00 -1.384220e+01
endloop
endfacet
facet normal 0 0 0
outer loop
vertex 1.948493e+01 -2.540000e+00 -3.018390e+01
vertex 2.062272e+01 -2.540000e+00 -3.070682e+01
vertex 2.076493e+01 -2.540000e+00 -2.917674e+01
endloop
endfacet
facet normal 0 0 0
outer loop
vertex 3.154750e+01 2.540000e+00 -2.012085e+01
vertex 3.054990e+01 2.540000e+00 -1.904548e+01
vertex 3.120593e+01 2.540000e+00 -1.801753e+01
endloop
endfacet
facet normal 0 0 0
outer loop
vertex 3.120593e+01 2.540000e+00 -1.801753e+01
vertex 3.054990e+01 2.540000e+00 -1.904548e+01
vertex 2.957562e+01 2.540000e+00 -1.846605e+01
endloop
endfacet
facet normal 0 0 0
outer loop
vertex 4.520453e+01 -5.797914e-02 -2.130123e+01
vertex 4.488795e+01 1.022419e+00 -2.180765e+01
vertex 4.515473e+01 1.018227e+00 -2.078125e+01
endloop
endfacet
facet normal 0 0 0
outer loop
vertex 1.896209e+01 2.541342e+00 -1.412582e+01
vertex 1.817666e+01 2.540000e+00 -1.492284e+01
vertex 1.724368e+01 2.540000e+00 -1.387987e+01
endloop
endfacet
facet normal 0 0 0
outer loop
vertex 1.896209e+01 2.541342e+00 -1.412582e+01
vertex 1.923426e+01 2.540000e+00 -1.593220e+01
vertex 1.817666e+01 2.540000e+00 -1.492284e+01
endloop
endfacet
facet normal 0 0 0
outer loop
vertex 1.052125e+01 -2.540000e+00 -1.429654e+01
vertex 1.260415e+01 -2.540000e+00 -1.410619e+01
vertex 1.117102e+01 -2.540000e+00 -1.295886e+01
endloop
endfacet
facet normal 0 0 0
outer loop
vertex 1.861712e+01 -2.540000e+00 -1.074240e+01
vertex 2.003438e+01 -2.540000e+00 -9.952259e+00
vertex 1.858840e+01 -2.540000e+00 -8.785210e+00
endloop
endfacet
facet normal 0 0 0
outer loop
vertex 2.733517e+01 -2.540000e+00 -1.425034e+01
vertex 2.910048e+01 -2.540000e+00 -1.445299e+01
vertex 2.876319e+01 -2.540000e+00 -1.254343e+01
endloop
endfacet
facet normal 0 0 0
outer loop
vertex 3.113117e+01 -2.540000e+00 -1.258667e+01
vertex 3.249462e+01 -2.540000e+00 -1.381621e+01
vertex 3.279552e+01 -2.540000e+00 -1.214920e+01
endloop
endfacet
facet normal 0 0 0
outer loop
vertex 3.273262e+01 -2.540000e+00 -1.041461e+01
vertex 3.277528e+01 -2.540000e+00 -8.762649e+00
vertex 3.107601e+01 -2.540000e+00 -9.930810e+00
endloop
endfacet
facet normal 0 0 0
outer loop
vertex 3.277528e+01 -2.540000e+00 -8.762649e+00
vertex 3.077131e+01 -2.540000e+00 -7.960054e+00
vertex 3.107601e+01 -2.540000e+00 -9.930810e+00
endloop
endfacet
facet normal 0 0 0
outer loop
vertex 3.494192e+01 -2.540000e+00 -1.392636e+01
vertex 3.696551e+01 -2.540000e+00 -1.269096e+01
vertex 3.537252e+01 -2.540000e+00 -1.185501e+01
endloop
endfacet
facet normal 0 0 0
outer loop
vertex 2.506613e+01 -2.540000e+00 -1.666359e+01
vertex 2.302376e+01 -2.540000e+00 -1.661839e+01
vertex 2.419464e+01 -2.540000e+00 -1.811201e+01
endloop
endfacet
facet normal 0 0 0
outer loop
vertex 2.743678e+01 2.540000e+00 -1.393440e+01
vertex 2.685111e+01 2.540000e+00 -1.539797e+01
vertex 2.547647e+01 2.540000e+00 -1.409129e+01
endloop
endfacet
facet normal 0 0 0
outer loop
vertex 2.986945e+01 2.540000e+00 -3.003285e+01
vertex 2.823821e+01 2.540000e+00 -2.921727e+01
vertex 2.971023e+01 2.540000e+00 -2.832739e+01
endloop
endfacet
facet normal 0 0 0
outer loop
vertex 2.796398e+01 2.540000e+00 -1.615443e+01
vertex 2.685111e+01 2.540000e+00 -1.539797e+01
vertex 2.830071e+01 2.540000e+00 -1.507470e+01
endloop
endfacet
facet normal 0 0 0
outer loop
vertex 3.851858e+01 -2.374313e+00 -3.126534e+01
vertex 3.950274e+01 -2.156511e+00 -3.057183e+01
vertex 3.943821e+01 -2.403117e+00 -3.035127e+01
endloop
endfacet
facet normal 0 0 0
outer loop
vertex 3.766729e+01 -2.540000e+00 -2.350972e+01
vertex 3.808109e+01 -2.540000e+00 -2.129415e+01
vertex 3.650695e+01 -2.540000e+00 -2.249874e+01
endloop
endfacet
facet normal 0 0 0
outer loop
vertex 7.621570e+00 -2.540000e+00 -8.786391e+00
vertex 7.619668e+00 -2.540000e+00 -1.015710e+01
vertex 8.822879e+00 -2.540000e+00 -9.366172e+00
endloop
endfacet
facet normal 0 0 0
outer loop
vertex 4.394542e+01 1.059652e+00 -7.909947e+00
vertex 4.367689e+01 1.489828e+00 -7.531636e+00
vertex 4.350752e+01 1.042944e+00 -6.985883e+00
endloop
endfacet
facet normal 0 0 0
outer loop
vertex 3.932067e+01 2.539125e+00 -1.009838e+01
vertex 3.792635e+01 2.540000e+00 -1.165436e+01
vertex 3.779953e+01 2.540000e+00 -1.044754e+01
endloop
endfacet
facet normal 0 0 0
outer loop
vertex 3.786175e+01 -2.540000e+00 -3.582016e+00
vertex 3.635806e+01 -2.540000e+00 -2.748111e+00
vertex 3.649716e+01 -2.540000e+00 -4.840205e+00
endloop
endfacet
facet normal 0 0 0
outer loop
vertex 3.854066e+01 -2.540000e+00 -3.000464e+00
vertex 3.773071e+01 -2.540000e+00 -2.137901e+00
vertex 3.786175e+01 -2.540000e+00 -3.582016e+00
endloop
endfacet
facet normal 0 0 0
outer loop
vertex 4.456755e+01 2.373129e+00 -2.156522e+01
vertex 4.463237e+01 2.015267e+00 -2.209334e+01
vertex 4.428738e+01 2.522883e+00 -2.156673e+01
endloop
endfacet
facet normal 0 0 0
outer loop
vertex 3.484819e+01 2.540000e+00 -2.075314e+01
vertex 3.618054e+01 2.540000e+00 -2.045613e+01
vertex 3.586102e+01 2.540000e+00 -2.182319e+01
endloop
endfacet
facet normal 0 0 0
outer loop
vertex 1.981647e+01 -2.540000e+00 -2.758315e+01
vertex 2.060377e+01 -2.540000e+00 -2.626993e+01
vertex 1.907795e+01 -2.540000e+00 -2.652529e+01
endloop
endfacet
facet normal 0 0 0
outer loop
vertex 1.907795e+01 -2.540000e+00 -2.652529e+01
vertex 2.060377e+01 -2.540000e+00 -2.626993e+01
vertex 1.954313e+01 -2.540000e+00 -2.532199e+01
endloop
endfacet
facet normal 0 0 0
outer loop
vertex 2.281856e+01 2.540000e+00 -1.292869e+01
vertex 2.146180e+01 2.540000e+00 -1.155781e+01
vertex 2.328288e+01 2.540000e+00 -1.145908e+01
endloop
endfacet
facet normal 0 0 0
outer loop
vertex 2.436116e+01 2.540000e+00 -6.235510e-01
vertex 2.435758e+01 2.540000e+00 -1.956209e+00
vertex 2.319222e+01 2.540000e+00 -1.290171e+00
endloop
endfacet
facet normal 0 0 0
outer loop
vertex 1.914223e+01 -2.540000e+00 -2.062619e+00
vertex 1.951006e+01 -2.540000e+00 -3.776684e+00
vertex 2.039557e+01 -2.540000e+00 -2.640993e+00
endloop
endfacet
facet normal 0 0 0
outer loop
vertex 4.117995e+01 9.755006e-01 -3.320682e+00
vertex 4.190036e+01 0.000000e+00 -3.960852e+00
vertex 4.206241e+01 9.672836e-01 -4.498923e+00
endloop
endfacet
facet normal 0 0 0
outer loop
vertex 4.308239e+01 -2.085889e+00 -2.578033e+01
vertex 4.308425e+01 -2.380482e+00 -2.535132e+01
vertex 4.276669e+01 -2.403415e+00 -2.589582e+01
endloop
endfacet
endsolid __tracked_surface.stl
